gid,role,role_score,cluster_id,priority_score,evidence
100000000343175100,distributor,1.0,9,0.840393,"distributor: вход. рёбер 8, исход. 31; суммы 178712.00/4000039.00 KZT; транзакций 47, depth 0, seed=да"
100000000456947100,peripheral,0.5,14,0.175,"peripheral: вход. рёбер 0, исход. 0; суммы 0.00/0.00 KZT; транзакций 0, depth 0, seed=да"
100000000580561100,distributor,0.75,20,0.68035,"distributor: вход. рёбер 2, исход. 3; суммы 27980.00/1488077.00 KZT; транзакций 16, depth 0, seed=да"
100000001415126100,terminal,0.75,47,0.41431,"terminal: вход. рёбер 1, исход. 0; суммы 27000.00/0.00 KZT; транзакций 1, depth 0, seed=да"
100000001429930100,terminal,0.75,10,0.413755,"terminal: вход. рёбер 1, исход. 0; суммы 26000.00/0.00 KZT; транзакций 1, depth 0, seed=да"
100000001616816100,coordinator,1.0,2,0.75168,"coordinator: вход. рёбер 5, исход. 3; суммы 176195.00/181326.00 KZT; транзакций 22, depth 0, seed=да"
100000001732159100,coordinator,0.75,40,0.622538,"coordinator: вход. рёбер 2, исход. 4; суммы 2378100.00/1505966.00 KZT; транзакций 53, depth 0, seed=да"
100000002527114100,distributor,1.0,27,0.964556,"distributor: вход. рёбер 3, исход. 111; суммы 129000.00/3289249.00 KZT; транзакций 117, depth 0, seed=да"
100000002916006100,peripheral,0.35,47,0.27681,"peripheral: вход. рёбер 0, исход. 1; суммы 0.00/32000.00 KZT; транзакций 1, depth 0, seed=да"
100000003016635100,distributor,1.0,4,0.924418,"distributor: вход. рёбер 8, исход. 73; суммы 586981.00/9414081.00 KZT; транзакций 187, depth 0, seed=да"
100000003200071100,peripheral,0.35,58,0.27586,"peripheral: вход. рёбер 0, исход. 1; суммы 0.00/30000.00 KZT; транзакций 1, depth 0, seed=да"
100000003265658100,peripheral,0.5,59,0.175,"peripheral: вход. рёбер 0, исход. 0; суммы 0.00/0.00 KZT; транзакций 0, depth 0, seed=да"
100000003349739100,peripheral,0.5,60,0.175,"peripheral: вход. рёбер 0, исход. 0; суммы 0.00/0.00 KZT; транзакций 0, depth 0, seed=да"
100000003684369100,distributor,0.8926904332045538,3,0.898542,"distributor: вход. рёбер 24, исход. 62; суммы 3848436.00/8588655.00 KZT; транзакций 125, depth 0, seed=да"
100000003770083100,peripheral,0.5,63,0.175,"peripheral: вход. рёбер 0, исход. 0; суммы 0.00/0.00 KZT; транзакций 0, depth 0, seed=да"
100000003975102100,distributor,0.5,4,0.55141,"distributor: вход. рёбер 1, исход. 2; суммы 25650.00/88500.00 KZT; транзакций 3, depth 0, seed=да"
100000003977183100,distributor,1.0,2,0.761705,"distributor: вход. рёбер 2, исход. 4; суммы 123800.00/766000.00 KZT; транзакций 8, depth 0, seed=да"
100000004007116100,coordinator,0.875,32,0.558732,"coordinator: вход. рёбер 3, исход. 4; суммы 764704.00/148000.00 KZT; транзакций 30, depth 0, seed=да"
100000004019124100,terminal,1.0,4,0.534136,"terminal: вход. рёбер 3, исход. 0; суммы 193000.00/0.00 KZT; транзакций 3, depth 0, seed=да"
100000004021459100,peripheral,0.5,66,0.175,"peripheral: вход. рёбер 0, исход. 0; суммы 0.00/0.00 KZT; транзакций 0, depth 0, seed=да"
100000004041163100,distributor,0.5,47,0.582047,"distributor: вход. рёбер 1, исход. 2; суммы 50000.00/866000.00 KZT; транзакций 7, depth 0, seed=да"
100000004174835100,peripheral,0.5,69,0.175,"peripheral: вход. рёбер 0, исход. 0; суммы 0.00/0.00 KZT; транзакций 0, depth 0, seed=да"
100000004193835100,peripheral,0.35,4,0.306924,"peripheral: вход. рёбер 1, исход. 1; суммы 47000.00/5000.00 KZT; транзакций 2, depth 0, seed=да"
100000004269433100,peripheral,0.35,70,0.332101,"peripheral: вход. рёбер 0, исход. 1; суммы 0.00/1372000.00 KZT; транзакций 67, depth 0, seed=да"
100000004358004100,distributor,1.0,3,0.571613,"distributor: вход. рёбер 0, исход. 11; суммы 0.00/980850.00 KZT; транзакций 17, depth 0, seed=да"
100000004388983100,distributor,0.5,71,0.369922,"distributor: вход. рёбер 0, исход. 2; суммы 0.00/450816.00 KZT; транзакций 23, depth 0, seed=да"
100000004714705100,peripheral,0.35,47,0.278766,"peripheral: вход. рёбер 0, исход. 1; суммы 0.00/36550.00 KZT; транзакций 1, depth 0, seed=да"
100000004723755100,peripheral,0.35,3,0.292818,"peripheral: вход. рёбер 0, исход. 1; суммы 0.00/95000.00 KZT; транзакций 5, depth 0, seed=да"
100000004813068100,distributor,0.75,18,0.452977,"distributor: вход. рёбер 0, исход. 3; суммы 0.00/297000.00 KZT; транзакций 5, depth 0, seed=да"
100000004971871100,peripheral,0.35,52,0.322549,"peripheral: вход. рёбер 1, исход. 1; суммы 25400.00/5650.00 KZT; транзакций 4, depth 0, seed=да"
100000005017150100,peripheral,0.5,73,0.175,"peripheral: вход. рёбер 0, исход. 0; суммы 0.00/0.00 KZT; транзакций 0, depth 0, seed=да"
100000005087431100,peripheral,0.5,74,0.175,"peripheral: вход. рёбер 0, исход. 0; суммы 0.00/0.00 KZT; транзакций 0, depth 0, seed=да"
100000005235389100,peripheral,0.5,75,0.175,"peripheral: вход. рёбер 0, исход. 0; суммы 0.00/0.00 KZT; транзакций 0, depth 0, seed=да"
100000005264990100,distributor,0.5,47,0.554315,"distributor: вход. рёбер 1, исход. 2; суммы 17070.00/122000.00 KZT; транзакций 3, depth 0, seed=да"
100000005370580100,terminal,0.75,10,0.412623,"terminal: вход. рёбер 1, исход. 0; суммы 24075.00/0.00 KZT; транзакций 1, depth 0, seed=да"
100000005382566100,coordinator,1.0,47,0.580277,"coordinator: вход. рёбер 7, исход. 1; суммы 393066.00/50000.00 KZT; транзакций 12, depth 0, seed=да"
100000005386383100,transit,0.75,47,0.585627,"transit: вход. рёбер 2, исход. 1; суммы 37500.00/29000.00 KZT; транзакций 3, depth 0, seed=да"
100000005392290100,peripheral,0.35,64,0.290557,"peripheral: вход. рёбер 0, исход. 1; суммы 0.00/81465.00 KZT; транзакций 1, depth 0, seed=да"
100000005395727100,terminal,0.75,4,0.407504,"terminal: вход. рёбер 1, исход. 0; суммы 17000.00/0.00 KZT; транзакций 1, depth 0, seed=да"
100000005409680100,terminal,1.0,8,0.513988,"terminal: вход. рёбер 2, исход. 0; суммы 55060.00/0.00 KZT; транзакций 2, depth 0, seed=да"
100000005417257100,distributor,0.5,47,0.348625,"distributor: вход. рёбер 0, исход. 2; суммы 0.00/106000.00 KZT; транзакций 2, depth 0, seed=да"
100000005454368100,terminal,1.0,10,0.512152,"terminal: вход. рёбер 2, исход. 0; суммы 48600.00/0.00 KZT; транзакций 2, depth 0, seed=да"
100000005480435100,peripheral,0.5,76,0.175,"peripheral: вход. рёбер 0, исход. 0; суммы 0.00/0.00 KZT; транзакций 0, depth 0, seed=да"
100000005485830100,distributor,1.0,54,0.542782,"distributor: вход. рёбер 0, исход. 5; суммы 0.00/275885.00 KZT; транзакций 9, depth 0, seed=да"
100000005493505100,terminal,1.0,3,0.517435,"terminal: вход. рёбер 3, исход. 0; суммы 62020.00/0.00 KZT; транзакций 3, depth 0, seed=да"
100000005495722100,peripheral,0.5,77,0.175,"peripheral: вход. рёбер 0, исход. 0; суммы 0.00/0.00 KZT; транзакций 0, depth 0, seed=да"
100000005498992100,distributor,1.0,2,0.592386,"distributor: вход. рёбер 0, исход. 16; суммы 0.00/2262868.00 KZT; транзакций 19, depth 0, seed=да"
100000005519347100,transit,0.75,4,0.64495,"transit: вход. рёбер 2, исход. 1; суммы 73100.00/99000.00 KZT; транзакций 3, depth 0, seed=да"
100000005523088100,terminal,0.75,47,0.462201,"terminal: вход. рёбер 1, исход. 0; суммы 700000.00/0.00 KZT; транзакций 2, depth 0, seed=да"
100000005543136100,peripheral,0.35,3,0.259699,"peripheral: вход. рёбер 0, исход. 1; суммы 0.00/10000.00 KZT; транзакций 1, depth 0, seed=да"
100000005550592100,peripheral,0.5,78,0.175,"peripheral: вход. рёбер 0, исход. 0; суммы 0.00/0.00 KZT; транзакций 0, depth 0, seed=да"
100000005560900100,peripheral,0.5,79,0.175,"peripheral: вход. рёбер 0, исход. 0; суммы 0.00/0.00 KZT; транзакций 0, depth 0, seed=да"
100000005568407100,peripheral,0.5,80,0.175,"peripheral: вход. рёбер 0, исход. 0; суммы 0.00/0.00 KZT; транзакций 0, depth 0, seed=да"
100000005668605100,terminal,1.0,47,0.52363,"terminal: вход. рёбер 3, исход. 0; суммы 94500.00/0.00 KZT; транзакций 3, depth 0, seed=да"
100000005744674100,peripheral,0.35,47,0.283395,"peripheral: вход. рёбер 0, исход. 1; суммы 0.00/50066.00 KZT; транзакций 2, depth 0, seed=да"
100000006232815100,distributor,0.74125,24,0.661324,"distributor: вход. рёбер 1, исход. 5; суммы 160000.00/296500.00 KZT; транзакций 7, depth 0, seed=да"
100000006249740100,distributor,0.75,81,0.435896,"distributor: вход. рёбер 0, исход. 3; суммы 0.00/93007.00 KZT; транзакций 5, depth 0, seed=да"
100000006831291100,peripheral,0.35,81,0.265663,"peripheral: вход. рёбер 0, исход. 1; суммы 0.00/15000.00 KZT; транзакций 3, depth 0, seed=да"
100000006866783100,distributor,1.0,0,0.911883,"distributor: вход. рёбер 13, исход. 67; суммы 838812.00/3948037.00 KZT; транзакций 121, depth 0, seed=да"
100000007018630100,peripheral,0.35,35,0.30377,"peripheral: вход. рёбер 0, исход. 1; суммы 0.00/200000.00 KZT; транзакций 5, depth 0, seed=да"
100000007747786100,distributor,1.0,2,0.627041,"distributor: вход. рёбер 0, исход. 31; суммы 0.00/4238009.40 KZT; транзакций 35, depth 0, seed=да"
100000007982728100,distributor,1.0,2,0.575496,"distributor: вход. рёбер 0, исход. 8; суммы 0.00/1804384.00 KZT; транзакций 12, depth 0, seed=да"
100000008117324100,peripheral,0.5,84,0.175,"peripheral: вход. рёбер 0, исход. 0; суммы 0.00/0.00 KZT; транзакций 0, depth 0, seed=да"
100000008205000100,peripheral,0.5,85,0.175,"peripheral: вход. рёбер 0, исход. 0; суммы 0.00/0.00 KZT; транзакций 0, depth 0, seed=да"
100000008314203100,coordinator,0.5,40,0.551145,"coordinator: вход. рёбер 2, исход. 2; суммы 382076.00/327000.00 KZT; транзакций 23, depth 0, seed=да"
100000008418835100,coordinator,0.625,70,0.464143,"coordinator: вход. рёбер 1, исход. 4; суммы 1372000.00/186179.00 KZT; транзакций 73, depth 0, seed=да"
100000008513251100,peripheral,0.5,86,0.175,"peripheral: вход. рёбер 0, исход. 0; суммы 0.00/0.00 KZT; транзакций 0, depth 0, seed=да"
100000008516839100,terminal,1.0,47,0.53091,"terminal: вход. рёбер 3, исход. 0; суммы 155000.00/0.00 KZT; транзакций 4, depth 0, seed=да"
100000008522127100,peripheral,0.35,57,0.299039,"peripheral: вход. рёбер 0, исход. 1; суммы 0.00/145000.00 KZT; транзакций 3, depth 0, seed=да"
100000008571433100,distributor,0.5,56,0.593549,"distributor: вход. рёбер 2, исход. 2; суммы 350000.00/1434000.00 KZT; транзакций 5, depth 0, seed=да"
100000008575624100,distributor,0.75,68,0.435331,"distributor: вход. рёбер 0, исход. 3; суммы 0.00/89500.00 KZT; транзакций 5, depth 0, seed=да"
100000008601794100,transit,0.75,37,0.675424,"transit: вход. рёбер 2, исход. 1; суммы 494400.00/871400.00 KZT; транзакций 21, depth 0, seed=да"
100000008637537100,distributor,0.75,40,0.691944,"distributor: вход. рёбер 3, исход. 3; суммы 619890.00/2351495.00 KZT; транзакций 52, depth 0, seed=да"
100000008650785100,distributor,0.5,4,0.562221,"distributor: вход. рёбер 2, исход. 2; суммы 92000.00/120120.00 KZT; транзакций 4, depth 0, seed=да"
100000008654653100,peripheral,0.35,4,0.284508,"peripheral: вход. рёбер 0, исход. 1; суммы 0.00/54000.00 KZT; транзакций 1, depth 0, seed=да"
100000008659445100,distributor,1.0,7,0.765317,"distributor: вход. рёбер 3, исход. 4; суммы 138490.00/875150.00 KZT; транзакций 25, depth 0, seed=да"
100000008669037100,peripheral,0.5,87,0.175,"peripheral: вход. рёбер 0, исход. 0; суммы 0.00/0.00 KZT; транзакций 0, depth 0, seed=да"
100000008673001100,terminal,0.75,47,0.43029,"terminal: вход. рёбер 1, исход. 0; суммы 80000.00/0.00 KZT; транзакций 1, depth 0, seed=да"
100000008680731100,distributor,1.0,6,0.604627,"distributor: вход. рёбер 0, исход. 27; суммы 0.00/1464354.00 KZT; транзакций 28, depth 0, seed=да"
100000008701222100,peripheral,0.5,88,0.175,"peripheral: вход. рёбер 0, исход. 0; суммы 0.00/0.00 KZT; транзакций 0, depth 0, seed=да"
100000008738325100,transit,0.75,47,0.633807,"transit: вход. рёбер 1, исход. 1; суммы 36550.00/54000.00 KZT; транзакций 2, depth 0, seed=да"
100000003134937100,terminal,0.75,4,0.400113,"terminal: вход. рёбер 1, исход. 0; суммы 10286.00/0.00 KZT; транзакций 1, depth 1, seed=нет"
100000005074393100,coordinator,1.0,10,0.773468,"coordinator: вход. рёбер 4, исход. 6; суммы 563026.00/685500.00 KZT; транзакций 15, depth 1, seed=нет"
100000001924185100,consolidator,0.5,9,0.353831,"consolidator: вход. рёбер 2, исход. 0; суммы 151000.00/0.00 KZT; транзакций 2, depth 1, seed=нет"
100000004070318100,distributor,1.0,0,0.788181,"distributor: вход. рёбер 4, исход. 19; суммы 207246.55/551860.00 KZT; транзакций 43, depth 1, seed=нет"
100000005807278100,terminal,0.75,54,0.397107,"terminal: вход. рёбер 1, исход. 0; суммы 8385.00/0.00 KZT; транзакций 1, depth 1, seed=нет"
100000003377795100,terminal,0.75,2,0.394452,"terminal: вход. рёбер 1, исход. 0; суммы 7000.00/0.00 KZT; транзакций 1, depth 1, seed=нет"
100000004330371100,consolidator,0.5,4,0.438444,"consolidator: вход. рёбер 2, исход. 2; суммы 264171.00/90681.00 KZT; транзакций 18, depth 1, seed=нет"
100000008165763100,coordinator,1.0,3,0.820575,"coordinator: вход. рёбер 15, исход. 17; суммы 1165815.00/1267858.00 KZT; транзакций 43, depth 1, seed=нет"
100000001684867100,terminal,0.75,4,0.416128,"terminal: вход. рёбер 1, исход. 0; суммы 30550.00/0.00 KZT; транзакций 1, depth 1, seed=нет"
100000003900547100,terminal,0.75,4,0.412392,"terminal: вход. рёбер 1, исход. 0; суммы 23700.00/0.00 KZT; транзакций 1, depth 1, seed=нет"
100000006656003100,peripheral,0.35,27,0.367056,"peripheral: вход. рёбер 1, исход. 1; суммы 20000.00/9000.00 KZT; транзакций 2, depth 1, seed=нет"
100000008237827100,terminal,0.75,3,0.420093,"terminal: вход. рёбер 1, исход. 0; суммы 40001.00/0.00 KZT; транзакций 1, depth 1, seed=нет"
100000003014659100,terminal,0.75,9,0.44872,"terminal: вход. рёбер 1, исход. 0; суммы 280000.00/0.00 KZT; транзакций 1, depth 1, seed=нет"
100000007939160100,peripheral,0.35,20,0.331323,"peripheral: вход. рёбер 1, исход. 2; суммы 795000.00/14300.00 KZT; транзакций 4, depth 1, seed=нет"
100000007274584100,terminal,0.75,3,0.419338,"terminal: вход. рёбер 1, исход. 0; суммы 38000.00/0.00 KZT; транзакций 1, depth 1, seed=нет"
100000001524952100,terminal,0.75,0,0.434122,"terminal: вход. рёбер 1, исход. 0; суммы 103807.00/0.00 KZT; транзакций 1, depth 1, seed=нет"
100000003131693100,terminal,0.75,3,0.45214,"terminal: вход. рёбер 1, исход. 0; суммы 353277.00/0.00 KZT; транзакций 1, depth 1, seed=нет"
100000008383405100,terminal,0.75,18,0.413178,"terminal: вход. рёбер 1, исход. 0; суммы 25000.00/0.00 KZT; транзакций 2, depth 1, seed=нет"
100000008736173100,terminal,0.75,27,0.416371,"terminal: вход. рёбер 1, исход. 0; суммы 31060.00/0.00 KZT; транзакций 1, depth 1, seed=нет"
100000002861485100,terminal,0.75,4,0.415524,"terminal: вход. рёбер 1, исход. 0; суммы 29323.00/0.00 KZT; транзакций 1, depth 1, seed=нет"
100000008745474100,terminal,0.75,27,0.420297,"terminal: вход. рёбер 1, исход. 0; суммы 40559.00/0.00 KZT; транзакций 1, depth 1, seed=нет"
100000008691330100,terminal,0.75,27,0.410918,"terminal: вход. рёбер 1, исход. 0; суммы 21440.00/0.00 KZT; транзакций 1, depth 1, seed=нет"
100000007639767100,distributor,1.0,0,0.775645,"distributor: вход. рёбер 4, исход. 10; суммы 90913.00/822244.00 KZT; транзакций 17, depth 1, seed=нет"
100000002921047100,consolidator,0.5,2,0.46962,"consolidator: вход. рёбер 2, исход. 1; суммы 338000.00/163000.02 KZT; транзакций 3, depth 1, seed=нет"
100000004783447100,terminal,0.75,27,0.413868,"terminal: вход. рёбер 1, исход. 0; суммы 26200.00/0.00 KZT; транзакций 1, depth 1, seed=нет"
100000008696919100,terminal,0.75,27,0.416784,"terminal: вход. рёбер 1, исход. 0; суммы 31945.00/0.00 KZT; транзакций 1, depth 1, seed=нет"
100000008736940100,consolidator,0.75,7,0.549937,"consolidator: вход. рёбер 3, исход. 3; суммы 451090.00/182100.00 KZT; транзакций 19, depth 1, seed=нет"
100000005940652100,terminal,0.75,40,0.397125,"terminal: вход. рёбер 1, исход. 0; суммы 8395.00/0.00 KZT; транзакций 1, depth 1, seed=нет"
100000004180097100,consolidator,0.75,0,0.539445,"consolidator: вход. рёбер 3, исход. 3; суммы 104854.00/47800.00 KZT; транзакций 12, depth 1, seed=нет"
100000005539201100,transit,0.75,4,0.540006,"transit: вход. рёбер 1, исход. 1; суммы 45504.00/25000.00 KZT; транзакций 2, depth 1, seed=нет"
100000005620225100,consolidator,0.5,0,0.337525,"consolidator: вход. рёбер 2, исход. 0; суммы 49845.66/0.00 KZT; транзакций 2, depth 1, seed=нет"
100000004388353100,consolidator,0.5,9,0.340961,"consolidator: вход. рёбер 2, исход. 0; суммы 62960.00/0.00 KZT; транзакций 2, depth 1, seed=нет"
100000007442518100,distributor,1.0,31,0.800453,"distributor: вход. рёбер 5, исход. 9; суммы 510000.00/4419999.00 KZT; транзакций 20, depth 1, seed=нет"
100000000267734100,distributor,0.6266666666666667,2,0.62648,"distributor: вход. рёбер 2, исход. 7; суммы 180000.00/282000.00 KZT; транзакций 12, depth 1, seed=нет"
100000001987030100,consolidator,0.5,4,0.462346,"consolidator: вход. рёбер 2, исход. 1; суммы 30864.00/19000.00 KZT; транзакций 3, depth 1, seed=нет"
100000002603478100,terminal,0.75,6,0.412268,"terminal: вход. рёбер 1, исход. 0; суммы 23500.00/0.00 KZT; транзакций 1, depth 1, seed=нет"
100000001380054100,distributor,0.75,24,0.663644,"distributor: вход. рёбер 2, исход. 3; суммы 127050.00/360000.00 KZT; транзакций 6, depth 1, seed=нет"
100000002992171100,terminal,0.75,27,0.405293,"terminal: вход. рёбер 1, исход. 0; суммы 14627.00/0.00 KZT; транзакций 1, depth 1, seed=нет"
100000002781227100,coordinator,0.625,57,0.617129,"coordinator: вход. рёбер 2, исход. 3; суммы 191167.62/212420.00 KZT; транзакций 18, depth 1, seed=нет"
100000008745643100,terminal,0.75,27,0.410124,"terminal: вход. рёбер 1, исход. 0; суммы 20313.00/0.00 KZT; транзакций 1, depth 1, seed=нет"
100000002836736100,consolidator,0.5,2,0.371708,"consolidator: вход. рёбер 2, исход. 0; суммы 509000.00/0.00 KZT; транзакций 2, depth 1, seed=нет"
100000004188160100,distributor,0.6093464751542191,4,0.606227,"distributor: вход. рёбер 2, исход. 5; суммы 87862.00/133846.00 KZT; транзакций 11, depth 1, seed=нет"
100000004841728100,terminal,0.75,27,0.424011,"terminal: вход. рёбер 1, исход. 0; суммы 52208.00/0.00 KZT; транзакций 1, depth 1, seed=нет"
100000001554432100,terminal,0.75,3,0.424486,"terminal: вход. рёбер 1, исход. 0; суммы 53920.00/0.00 KZT; транзакций 1, depth 1, seed=нет"
100000008768896100,terminal,0.75,27,0.422484,"terminal: вход. рёбер 1, исход. 0; суммы 47060.00/0.00 KZT; транзакций 1, depth 1, seed=нет"
100000008232832100,peripheral,0.35,40,0.40009,"peripheral: вход. рёбер 1, исход. 1; суммы 337000.00/138000.00 KZT; транзакций 3, depth 1, seed=нет"
100000002864256100,terminal,0.75,3,0.438073,"terminal: вход. рёбер 1, исход. 0; суммы 135780.00/0.00 KZT; транзакций 1, depth 1, seed=нет"
100000001929088100,consolidator,0.5,2,0.368015,"consolidator: вход. рёбер 2, исход. 0; суммы 396010.00/0.00 KZT; транзакций 2, depth 1, seed=нет"
100000002794197100,terminal,0.75,2,0.415909,"terminal: вход. рёбер 1, исход. 0; суммы 30100.00/0.00 KZT; транзакций 1, depth 1, seed=нет"
100000005669845100,terminal,0.75,24,0.409895,"terminal: вход. рёбер 1, исход. 0; суммы 20000.00/0.00 KZT; транзакций 1, depth 1, seed=нет"
100000002211413100,terminal,0.75,27,0.418946,"terminal: вход. рёбер 1, исход. 0; суммы 37000.00/0.00 KZT; транзакций 1, depth 1, seed=нет"
100000002784085100,terminal,0.75,2,0.44377,"terminal: вход. рёбер 1, исход. 0; суммы 200000.00/0.00 KZT; транзакций 1, depth 1, seed=нет"
100000008782421100,terminal,0.75,27,0.423281,"terminal: вход. рёбер 1, исход. 0; суммы 49680.00/0.00 KZT; транзакций 1, depth 1, seed=нет"
100000003739818100,terminal,0.75,3,0.425378,"terminal: вход. рёбер 1, исход. 0; суммы 57293.00/0.00 KZT; транзакций 1, depth 1, seed=нет"
100000002214570100,terminal,0.75,27,0.414019,"terminal: вход. рёбер 1, исход. 0; суммы 26471.00/0.00 KZT; транзакций 1, depth 1, seed=нет"
100000006443391100,consolidator,0.5781043211460831,2,0.524222,"consolidator: вход. рёбер 3, исход. 2; суммы 86775.93/60041.71 KZT; транзакций 13, depth 1, seed=нет"
100000005473151100,consolidator,0.75,15,0.519918,"consolidator: вход. рёбер 3, исход. 4; суммы 1220000.00/225000.00 KZT; транзакций 10, depth 1, seed=нет"
100000005124479100,consolidator,0.5,0,0.389991,"consolidator: вход. рёбер 2, исход. 2; суммы 137753.00/22000.00 KZT; транзакций 4, depth 1, seed=нет"
100000005527892100,distributor,1.0,33,0.768098,"distributor: вход. рёбер 3, исход. 8; суммы 220001.00/552419.00 KZT; транзакций 11, depth 1, seed=нет"
100000008028628100,terminal,0.75,27,0.425361,"terminal: вход. рёбер 1, исход. 0; суммы 57224.00/0.00 KZT; транзакций 1, depth 1, seed=нет"
100000001953577100,terminal,0.75,27,0.40624,"terminal: вход. рёбер 1, исход. 0; суммы 15600.00/0.00 KZT; транзакций 1, depth 1, seed=нет"
100000008193577100,distributor,1.0,7,0.758424,"distributor: вход. рёбер 2, исход. 5; суммы 154300.00/480180.00 KZT; транзакций 22, depth 1, seed=нет"
100000008753193100,terminal,0.75,27,0.418222,"terminal: вход. рёбер 1, исход. 0; суммы 35225.00/0.00 KZT; транзакций 1, depth 1, seed=нет"
100000008746025100,terminal,0.75,27,0.411297,"terminal: вход. рёбер 1, исход. 0; суммы 22000.00/0.00 KZT; транзакций 1, depth 1, seed=нет"
100000002934441100,consolidator,0.5,0,0.340458,"consolidator: вход. рёбер 2, исход. 0; суммы 60845.60/0.00 KZT; транзакций 2, depth 1, seed=нет"
100000003701161100,consolidator,1.0,26,0.620082,"consolidator: вход. рёбер 4, исход. 3; суммы 1527103.00/349000.00 KZT; транзакций 20, depth 1, seed=нет"
100000006707582100,distributor,1.0,15,0.780382,"distributor: вход. рёбер 2, исход. 14; суммы 39520.00/961138.00 KZT; транзакций 17, depth 1, seed=нет"
100000003239379100,terminal,0.75,6,0.432426,"terminal: вход. рёбер 1, исход. 0; суммы 92500.00/0.00 KZT; транзакций 1, depth 1, seed=нет"
100000000979923100,terminal,0.75,9,0.43326,"terminal: вход. рёбер 1, исход. 0; суммы 97900.00/0.00 KZT; транзакций 1, depth 1, seed=нет"
100000001111763100,terminal,0.75,27,0.407629,"terminal: вход. рёбер 1, исход. 0; суммы 17144.00/0.00 KZT; транзакций 1, depth 1, seed=нет"
100000003865939100,terminal,0.75,64,0.430557,"terminal: вход. рёбер 1, исход. 0; суммы 81465.00/0.00 KZT; транзакций 1, depth 1, seed=нет"
100000002858835100,terminal,0.75,27,0.412821,"terminal: вход. рёбер 1, исход. 0; суммы 24400.00/0.00 KZT; транзакций 1, depth 1, seed=нет"
100000003404627100,consolidator,1.0,40,0.558114,"consolidator: вход. рёбер 4, исход. 0; суммы 877700.00/0.00 KZT; транзакций 5, depth 1, seed=нет"
100000008691027100,terminal,0.75,27,0.407959,"terminal: вход. рёбер 1, исход. 0; суммы 17534.00/0.00 KZT; транзакций 1, depth 1, seed=нет"
100000004071080100,consolidator,1.0,0,0.592412,"consolidator: вход. рёбер 9, исход. 2; суммы 238600.00/46500.00 KZT; транзакций 21, depth 1, seed=нет"
100000002864680100,terminal,0.75,6,0.425025,"terminal: вход. рёбер 1, исход. 0; суммы 55932.00/0.00 KZT; транзакций 1, depth 1, seed=нет"
100000001330685100,consolidator,0.75,8,0.494478,"consolidator: вход. рёбер 3, исход. 1; суммы 2435923.00/100500.00 KZT; транзакций 8, depth 1, seed=нет"
100000008745725100,terminal,0.75,27,0.422484,"terminal: вход. рёбер 1, исход. 0; суммы 47060.00/0.00 KZT; транзакций 1, depth 1, seed=нет"
100000002621949100,terminal,0.75,3,0.440905,"terminal: вход. рёбер 1, исход. 0; суммы 164612.00/0.00 KZT; транзакций 1, depth 1, seed=нет"
100000007908818100,consolidator,0.9635430463576159,3,0.640897,"consolidator: вход. рёбер 4, исход. 6; суммы 727475.00/302000.00 KZT; транзакций 17, depth 1, seed=нет"
100000008691495100,terminal,0.75,27,0.41431,"terminal: вход. рёбер 1, исход. 0; суммы 27000.00/0.00 KZT; транзакций 1, depth 1, seed=нет"
100000003832231100,terminal,0.75,3,0.418128,"terminal: вход. рёбер 1, исход. 0; суммы 35000.00/0.00 KZT; транзакций 1, depth 1, seed=нет"
100000002371751100,transit,0.75,35,0.657395,"transit: вход. рёбер 1, исход. 1; суммы 200000.00/250000.00 KZT; транзакций 6, depth 1, seed=нет"
100000002894076100,consolidator,1.0,2,0.561737,"consolidator: вход. рёбер 4, исход. 0; суммы 1122782.00/0.00 KZT; транзакций 6, depth 1, seed=нет"
100000001362940100,terminal,0.75,3,0.430473,"terminal: вход. рёбер 1, исход. 0; суммы 81000.00/0.00 KZT; транзакций 1, depth 1, seed=нет"
100000008741372100,terminal,0.75,27,0.418532,"terminal: вход. рёбер 1, исход. 0; суммы 35975.00/0.00 KZT; транзакций 1, depth 1, seed=нет"
100000002618492100,consolidator,0.5,9,0.363758,"consolidator: вход. рёбер 2, исход. 0; суммы 296500.00/0.00 KZT; транзакций 2, depth 1, seed=нет"
100000002750332100,terminal,0.75,2,0.401574,"terminal: вход. рёбер 1, исход. 0; суммы 11360.00/0.00 KZT; транзакций 1, depth 1, seed=нет"
100000004948177100,consolidator,0.75,4,0.458665,"consolidator: вход. рёбер 3, исход. 0; суммы 437163.00/0.00 KZT; транзакций 8, depth 1, seed=нет"
100000002511825100,terminal,0.75,0,0.427235,"terminal: вход. рёбер 1, исход. 0; суммы 65000.00/0.00 KZT; транзакций 1, depth 1, seed=нет"
100000008566737100,consolidator,0.5,0,0.360021,"consolidator: вход. рёбер 2, исход. 0; суммы 230000.00/0.00 KZT; транзакций 2, depth 1, seed=нет"
100000008661585100,terminal,0.75,27,0.421205,"terminal: вход. рёбер 1, исход. 0; суммы 43141.00/0.00 KZT; транзакций 1, depth 1, seed=нет"
100000004759121100,consolidator,0.9102564102564102,0,0.62361,"consolidator: вход. рёбер 6, исход. 2; суммы 710000.00/312000.00 KZT; транзакций 16, depth 1, seed=нет"
100000004360785100,terminal,0.75,4,0.432772,"terminal: вход. рёбер 1, исход. 0; суммы 94705.00/0.00 KZT; транзакций 1, depth 1, seed=нет"
100000005092518100,terminal,0.75,27,0.413836,"terminal: вход. рёбер 1, исход. 0; суммы 26144.00/0.00 KZT; транзакций 1, depth 1, seed=нет"
100000008737958100,consolidator,0.5,27,0.338531,"consolidator: вход. рёбер 2, исход. 0; суммы 53373.00/0.00 KZT; транзакций 2, depth 1, seed=нет"
100000003044518100,terminal,0.75,2,0.417884,"terminal: вход. рёбер 1, исход. 0; суммы 34423.00/0.00 KZT; транзакций 1, depth 1, seed=нет"
100000004159526100,consolidator,1.0,38,0.60052,"consolidator: вход. рёбер 4, исход. 4; суммы 275037.00/68000.00 KZT; транзакций 10, depth 1, seed=нет"
100000007544358100,transit,0.75,4,0.665001,"transit: вход. рёбер 2, исход. 1; суммы 322500.00/350000.00 KZT; транзакций 5, depth 1, seed=нет"
100000005901606100,terminal,0.75,27,0.418403,"terminal: вход. рёбер 1, исход. 0; суммы 35660.00/0.00 KZT; транзакций 1, depth 1, seed=нет"
100000006658598100,terminal,0.75,4,0.398149,"terminal: вход. рёбер 1, исход. 0; суммы 9000.00/0.00 KZT; транзакций 1, depth 1, seed=нет"
100000002793851100,terminal,0.75,4,0.40117,"terminal: вход. рёбер 1, исход. 0; суммы 11052.00/0.00 KZT; транзакций 1, depth 1, seed=нет"
100000005612411100,distributor,1.0,3,0.764924,"distributor: вход. рёбер 3, исход. 8; суммы 115500.00/506997.00 KZT; транзакций 12, depth 1, seed=нет"
100000007511163100,distributor,0.5155153457104263,4,0.563822,"distributor: вход. рёбер 2, исход. 3; суммы 63666.00/82052.00 KZT; транзакций 5, depth 1, seed=нет"
100000002648315100,transit,0.75,2,0.562889,"transit: вход. рёбер 1, исход. 2; суммы 132000.00/76000.00 KZT; транзакций 4, depth 1, seed=нет"
100000004739664100,transit,0.75,27,0.579659,"transit: вход. рёбер 1, исход. 1; суммы 12000.00/10000.00 KZT; транзакций 2, depth 1, seed=нет"
100000003713616100,terminal,0.75,4,0.406514,"terminal: вход. рёбер 1, исход. 0; суммы 15893.00/0.00 KZT; транзакций 1, depth 1, seed=нет"
100000003476560100,terminal,0.75,3,0.423375,"terminal: вход. рёбер 1, исход. 0; суммы 50000.00/0.00 KZT; транзакций 1, depth 1, seed=нет"
100000008782800100,terminal,0.75,27,0.421286,"terminal: вход. рёбер 1, исход. 0; суммы 43381.00/0.00 KZT; транзакций 1, depth 1, seed=нет"
100000004218576100,terminal,0.75,27,0.413836,"terminal: вход. рёбер 1, исход. 0; суммы 26144.00/0.00 KZT; транзакций 1, depth 1, seed=нет"
100000003299365100,transit,0.75,3,0.655663,"transit: вход. рёбер 1, исход. 1; суммы 200000.00/200000.00 KZT; транзакций 2, depth 1, seed=нет"
100000008730021100,terminal,0.75,70,0.429449,"terminal: вход. рёбер 1, исход. 0; суммы 75555.00/0.00 KZT; транзакций 3, depth 1, seed=нет"
100000002757797100,terminal,0.75,6,0.433573,"terminal: вход. рёбер 1, исход. 0; суммы 100000.00/0.00 KZT; транзакций 1, depth 1, seed=нет"
100000002845605100,terminal,0.75,0,0.425449,"terminal: вход. рёбер 1, исход. 0; суммы 57567.00/0.00 KZT; транзакций 1, depth 1, seed=нет"
100000000817146100,terminal,0.75,4,0.42833,"terminal: вход. рёбер 1, исход. 0; суммы 70020.00/0.00 KZT; транзакций 1, depth 1, seed=нет"
100000002957306100,consolidator,0.5,9,0.368107,"consolidator: вход. рёбер 2, исход. 0; суммы 398490.00/0.00 KZT; транзакций 2, depth 1, seed=нет"
100000008188026100,distributor,1.0,4,0.750815,"distributor: вход. рёбер 2, исход. 4; суммы 86468.00/337983.17 KZT; транзакций 9, depth 1, seed=нет"
100000004790991100,terminal,0.75,4,0.446416,"terminal: вход. рёбер 1, исход. 0; суммы 239413.00/0.00 KZT; транзакций 4, depth 1, seed=нет"
100000002973903100,consolidator,0.75,6,0.435876,"consolidator: вход. рёбер 3, исход. 0; суммы 92880.00/0.00 KZT; транзакций 3, depth 1, seed=нет"
100000004325327100,transit,0.75,0,0.639691,"transit: вход. рёбер 2, исход. 1; суммы 70817.00/70000.00 KZT; транзакций 4, depth 1, seed=нет"
100000001477796100,terminal,0.75,3,0.442383,"terminal: вход. рёбер 1, исход. 0; суммы 182000.00/0.00 KZT; транзакций 1, depth 1, seed=нет"
100000007536804100,transit,0.75,2,0.55341,"transit: вход. рёбер 1, исход. 2; суммы 100000.00/55000.00 KZT; транзакций 3, depth 1, seed=нет"
100000008665380100,consolidator,0.5,0,0.400142,"consolidator: вход. рёбер 2, исход. 1; суммы 69100.00/18200.00 KZT; транзакций 3, depth 1, seed=нет"
100000001870116100,terminal,0.75,27,0.412578,"terminal: вход. рёбер 1, исход. 0; суммы 24000.00/0.00 KZT; транзакций 1, depth 1, seed=нет"
100000001074553100,consolidator,0.5,2,0.329542,"consolidator: вход. рёбер 2, исход. 0; суммы 28971.00/0.00 KZT; транзакций 2, depth 1, seed=нет"
100000000978041100,terminal,0.75,27,0.421643,"terminal: вход. рёбер 1, исход. 0; суммы 44445.00/0.00 KZT; транзакций 1, depth 1, seed=нет"
100000002603769100,consolidator,0.75,0,0.47334,"consolidator: вход. рёбер 3, исход. 0; суммы 1185368.00/0.00 KZT; транзакций 3, depth 1, seed=нет"
100000005034574100,terminal,0.75,71,0.447563,"terminal: вход. рёбер 1, исход. 0; суммы 258816.00/0.00 KZT; транзакций 16, depth 1, seed=нет"
100000002958286100,terminal,0.75,2,0.447459,"terminal: вход. рёбер 1, исход. 0; суммы 257000.00/0.00 KZT; транзакций 1, depth 1, seed=нет"
100000005634552100,distributor,0.75,0,0.675481,"distributor: вход. рёбер 1, исход. 3; суммы 25850.00/1196000.00 KZT; транзакций 5, depth 1, seed=нет"
100000008736760100,terminal,0.75,27,0.424712,"terminal: вход. рёбер 1, исход. 0; суммы 54757.00/0.00 KZT; транзакций 1, depth 1, seed=нет"
100000008701944100,terminal,0.75,70,0.423987,"terminal: вход. рёбер 1, исход. 0; суммы 52124.00/0.00 KZT; транзакций 1, depth 1, seed=нет"
100000008748408100,distributor,1.0,2,0.799671,"distributor: вход. рёбер 1, исход. 21; суммы 360000.00/1499960.00 KZT; транзакций 24, depth 1, seed=нет"
100000008486520100,peripheral,0.35,4,0.363375,"peripheral: вход. рёбер 1, исход. 1; суммы 35720.00/14000.00 KZT; транзакций 3, depth 1, seed=нет"
100000003163256100,transit,0.75,4,0.616793,"transit: вход. рёбер 1, исход. 1; суммы 13485.00/15000.00 KZT; транзакций 2, depth 1, seed=нет"
100000003102157100,terminal,0.75,0,0.433086,"terminal: вход. рёбер 1, исход. 0; суммы 96746.00/0.00 KZT; транзакций 2, depth 1, seed=нет"
100000004741837100,terminal,0.75,4,0.413525,"terminal: вход. рёбер 1, исход. 0; суммы 25596.00/0.00 KZT; транзакций 1, depth 1, seed=нет"
100000008443341100,distributor,0.5797101449275363,0,0.578273,"distributor: вход. рёбер 2, исход. 3; суммы 34500.00/50000.00 KZT; транзакций 6, depth 1, seed=нет"
100000004792397100,terminal,0.75,27,0.429047,"terminal: вход. рёбер 1, исход. 0; суммы 73520.00/0.00 KZT; транзакций 1, depth 1, seed=нет"
100000003809101100,consolidator,0.5,9,0.429326,"consolidator: вход. рёбер 2, исход. 2; суммы 166050.00/55200.00 KZT; транзакций 7, depth 1, seed=нет"
100000002838861100,consolidator,1.0,2,0.558618,"consolidator: вход. рёбер 5, исход. 1; суммы 554523.95/10000.00 KZT; транзакций 6, depth 1, seed=нет"
100000008560717100,consolidator,1.0,8,0.567576,"consolidator: вход. рёбер 7, исход. 1; суммы 529000.00/25000.00 KZT; транзакций 10, depth 1, seed=нет"
100000008693069100,terminal,0.75,27,0.409895,"terminal: вход. рёбер 1, исход. 0; суммы 20000.00/0.00 KZT; транзакций 1, depth 1, seed=нет"
100000008672162100,terminal,0.75,27,0.406193,"terminal: вход. рёбер 1, исход. 0; суммы 15550.00/0.00 KZT; транзакций 1, depth 1, seed=нет"
100000007311010100,consolidator,0.5,3,0.409016,"consolidator: вход. рёбер 2, исход. 1; суммы 64480.00/20000.00 KZT; транзакций 3, depth 1, seed=нет"
100000005505655100,consolidator,0.5,11,0.461097,"consolidator: вход. рёбер 2, исход. 1; суммы 33070.00/20000.00 KZT; транзакций 3, depth 1, seed=нет"
100000004707703100,coordinator,0.875,4,0.703896,"coordinator: вход. рёбер 2, исход. 5; суммы 239300.00/231650.00 KZT; транзакций 9, depth 1, seed=нет"
100000004005964100,consolidator,0.5438888888888889,32,0.524795,"consolidator: вход. рёбер 3, исход. 3; суммы 97900.00/72000.00 KZT; транзакций 14, depth 1, seed=нет"
100000008244300100,consolidator,1.0,8,0.521612,"consolidator: вход. рёбер 5, исход. 0; суммы 65430.00/0.00 KZT; транзакций 6, depth 1, seed=нет"
100000002692044100,terminal,0.75,6,0.433125,"terminal: вход. рёбер 1, исход. 0; суммы 97000.00/0.00 KZT; транзакций 1, depth 1, seed=нет"
100000001103905100,terminal,0.75,27,0.408345,"terminal: вход. рёбер 1, исход. 0; суммы 18000.00/0.00 KZT; транзакций 1, depth 1, seed=нет"
100000008755361100,terminal,0.75,27,0.405293,"terminal: вход. рёбер 1, исход. 0; суммы 14627.00/0.00 KZT; транзакций 1, depth 1, seed=нет"
100000002810870100,terminal,0.75,27,0.417561,"terminal: вход. рёбер 1, исход. 0; суммы 33677.00/0.00 KZT; транзакций 1, depth 1, seed=нет"
100000005897462100,terminal,0.75,9,0.433335,"terminal: вход. рёбер 1, исход. 0; суммы 98400.00/0.00 KZT; транзакций 1, depth 1, seed=нет"
100000000941942100,terminal,0.75,3,0.437433,"terminal: вход. рёбер 1, исход. 0; суммы 130000.00/0.00 KZT; транзакций 1, depth 1, seed=нет"
100000008723830100,transit,0.75,4,0.667446,"transit: вход. рёбер 2, исход. 1; суммы 459785.00/455000.00 KZT; транзакций 3, depth 1, seed=нет"
100000008776576100,terminal,0.75,27,0.405431,"terminal: вход. рёбер 1, исход. 0; суммы 14765.00/0.00 KZT; транзакций 1, depth 1, seed=нет"
100000005432267100,consolidator,0.5,3,0.366198,"consolidator: вход. рёбер 2, исход. 0; суммы 350001.00/0.00 KZT; транзакций 2, depth 1, seed=нет"
100000006745291100,terminal,0.75,9,0.430749,"terminal: вход. рёбер 1, исход. 0; суммы 82534.00/0.00 KZT; транзакций 1, depth 1, seed=нет"
100000008670667100,terminal,0.75,27,0.406178,"terminal: вход. рёбер 1, исход. 0; суммы 15534.00/0.00 KZT; транзакций 1, depth 1, seed=нет"
100000002480800100,consolidator,0.5,3,0.373354,"consolidator: вход. рёбер 2, исход. 0; суммы 569251.00/0.00 KZT; транзакций 2, depth 1, seed=нет"
100000002182176100,terminal,0.75,0,0.420972,"terminal: вход. рёбер 1, исход. 0; суммы 42465.00/0.00 KZT; транзакций 1, depth 1, seed=нет"
100000008219168100,terminal,0.75,2,0.424288,"terminal: вход. рёбер 1, исход. 0; суммы 53200.00/0.00 KZT; транзакций 2, depth 1, seed=нет"
100000004226848100,terminal,0.75,3,0.449827,"terminal: вход. рёбер 1, исход. 0; суммы 301866.00/0.00 KZT; транзакций 1, depth 1, seed=нет"
100000006326645100,terminal,0.75,27,0.413333,"terminal: вход. рёбер 1, исход. 0; суммы 25264.00/0.00 KZT; транзакций 1, depth 1, seed=нет"
100000003589877100,distributor,0.9457477272727273,40,0.740115,"distributor: вход. рёбер 2, исход. 6; суммы 176000.00/416129.00 KZT; транзакций 8, depth 1, seed=нет"
100000003942602100,transit,0.75,27,0.627752,"transit: вход. рёбер 1, исход. 1; суммы 30000.00/30000.00 KZT; транзакций 2, depth 1, seed=нет"
100000000922570100,transit,0.75,6,0.634835,"transit: вход. рёбер 1, исход. 1; суммы 47101.00/50000.00 KZT; транзакций 2, depth 1, seed=нет"
100000005079754100,distributor,0.5,3,0.559059,"distributor: вход. рёбер 1, исход. 2; суммы 70000.00/122000.00 KZT; транзакций 3, depth 1, seed=нет"
100000003187359100,terminal,0.75,27,0.409196,"terminal: вход. рёбер 1, исход. 0; суммы 19072.00/0.00 KZT; транзакций 1, depth 1, seed=нет"
100000000998559100,terminal,0.75,3,0.433573,"terminal: вход. рёбер 1, исход. 0; суммы 100000.00/0.00 KZT; транзакций 1, depth 1, seed=нет"
100000008690932100,terminal,0.75,27,0.411951,"terminal: вход. рёбер 1, исход. 0; суммы 23000.00/0.00 KZT; транзакций 1, depth 1, seed=нет"
100000008773876100,terminal,0.75,27,0.413823,"terminal: вход. рёбер 1, исход. 0; суммы 26120.00/0.00 KZT; транзакций 1, depth 1, seed=нет"
100000006789108100,terminal,0.75,9,0.419143,"terminal: вход. рёбер 1, исход. 0; суммы 37500.00/0.00 KZT; транзакций 1, depth 1, seed=нет"
100000004058740100,terminal,0.75,27,0.41586,"terminal: вход. рёбер 1, исход. 0; суммы 30000.00/0.00 KZT; транзакций 1, depth 1, seed=нет"
100000007641801100,terminal,0.75,2,0.44377,"terminal: вход. рёбер 1, исход. 0; суммы 200000.00/0.00 KZT; транзакций 1, depth 1, seed=нет"
100000000555721100,consolidator,0.5,0,0.349566,"consolidator: вход. рёбер 2, исход. 0; суммы 113000.00/0.00 KZT; транзакций 3, depth 1, seed=нет"
100000008729801100,terminal,0.75,27,0.407959,"terminal: вход. рёбер 1, исход. 0; суммы 17534.00/0.00 KZT; транзакций 1, depth 1, seed=нет"
100000004664905100,consolidator,0.5,4,0.365289,"consolidator: вход. рёбер 2, исход. 0; суммы 329020.00/0.00 KZT; транзакций 4, depth 1, seed=нет"
100000003057225100,terminal,0.75,4,0.446205,"terminal: вход. рёбер 1, исход. 0; суммы 236000.00/0.00 KZT; транзакций 1, depth 1, seed=нет"
100000000703902100,terminal,0.75,27,0.413469,"terminal: вход. рёбер 1, исход. 0; суммы 25499.00/0.00 KZT; транзакций 1, depth 1, seed=нет"
100000008720798100,terminal,0.75,27,0.406178,"terminal: вход. рёбер 1, исход. 0; суммы 15534.00/0.00 KZT; транзакций 1, depth 1, seed=нет"
100000001411870100,consolidator,0.5,2,0.380093,"consolidator: вход. рёбер 2, исход. 0; суммы 900000.00/0.00 KZT; транзакций 4, depth 1, seed=нет"
100000008556318100,consolidator,0.5,3,0.356426,"consolidator: вход. рёбер 2, исход. 0; суммы 180132.00/0.00 KZT; транзакций 2, depth 1, seed=нет"
100000002720627100,terminal,0.75,9,0.443719,"terminal: вход. рёбер 1, исход. 0; суммы 199300.00/0.00 KZT; транзакций 1, depth 1, seed=нет"
100000003022835100,terminal,0.75,3,0.436856,"terminal: вход. рёбер 1, исход. 0; суммы 125000.00/0.00 KZT; транзакций 1, depth 1, seed=нет"
100000008304115100,terminal,0.75,6,0.423667,"terminal: вход. рёбер 1, исход. 0; суммы 51000.00/0.00 KZT; транзакций 1, depth 1, seed=нет"
100000003886323100,consolidator,0.5,4,0.366786,"consolidator: вход. рёбер 2, исход. 1; суммы 78168.00/7650.00 KZT; транзакций 7, depth 1, seed=нет"
100000000607731100,peripheral,0.35,24,0.493162,"peripheral: вход. рёбер 1, исход. 1; суммы 20000.00/66666.00 KZT; транзакций 2, depth 1, seed=нет"
100000005961971100,terminal,0.75,27,0.422575,"terminal: вход. рёбер 1, исход. 0; суммы 47353.00/0.00 KZT; транзакций 1, depth 1, seed=нет"
100000000440392100,terminal,0.75,4,0.434389,"terminal: вход. рёбер 1, исход. 0; суммы 105705.00/0.00 KZT; транзакций 4, depth 1, seed=нет"
100000004105288100,consolidator,0.5,3,0.359029,"consolidator: вход. рёбер 2, исход. 0; суммы 215000.00/0.00 KZT; транзакций 2, depth 1, seed=нет"
100000008169544100,coordinator,0.625,4,0.467676,"coordinator: вход. рёбер 1, исход. 4; суммы 137104.00/42800.00 KZT; транзакций 9, depth 1, seed=нет"
100000004186824100,consolidator,0.5,4,0.374971,"consolidator: вход. рёбер 2, исход. 1; суммы 451700.00/7000.00 KZT; транзакций 8, depth 1, seed=нет"
100000008672200100,terminal,0.75,27,0.397327,"terminal: вход. рёбер 1, исход. 0; суммы 8511.00/0.00 KZT; транзакций 1, depth 1, seed=нет"
100000002188829100,terminal,0.75,3,0.453968,"terminal: вход. рёбер 1, исход. 0; суммы 400000.00/0.00 KZT; транзакций 1, depth 1, seed=нет"
100000008717341100,terminal,0.75,27,0.405293,"terminal: вход. рёбер 1, исход. 0; суммы 14627.00/0.00 KZT; транзакций 1, depth 1, seed=нет"
100000002214301100,peripheral,0.35,0,0.351911,"peripheral: вход. рёбер 1, исход. 1; суммы 21438.00/8000.00 KZT; транзакций 2, depth 1, seed=нет"
100000002565277100,terminal,0.75,3,0.456751,"terminal: вход. рёбер 1, исход. 0; суммы 483319.00/0.00 KZT; транзакций 1, depth 1, seed=нет"
100000005546031100,consolidator,0.75,68,0.458338,"consolidator: вход. рёбер 3, исход. 1; суммы 66800.00/8000.00 KZT; транзакций 7, depth 1, seed=нет"
100000003449074100,terminal,0.75,0,0.399699,"terminal: вход. рёбер 1, исход. 0; суммы 10000.00/0.00 KZT; транзакций 1, depth 1, seed=нет"
100000008748914100,distributor,1.0,3,0.801293,"distributor: вход. рёбер 2, исход. 13; суммы 180000.00/4471847.00 KZT; транзакций 30, depth 1, seed=нет"
100000004744306100,distributor,0.5,47,0.556469,"distributor: вход. рёбер 1, исход. 2; суммы 69000.00/92000.00 KZT; транзакций 4, depth 1, seed=нет"
100000003158727100,consolidator,0.75,2,0.456128,"consolidator: вход. рёбер 3, исход. 0; суммы 367940.00/0.00 KZT; транзакций 3, depth 1, seed=нет"
100000001389255100,terminal,0.75,27,0.406737,"terminal: вход. рёбер 1, исход. 0; суммы 16136.00/0.00 KZT; транзакций 1, depth 1, seed=нет"
100000008695495100,terminal,0.75,27,0.410613,"terminal: вход. рёбер 1, исход. 0; суммы 21000.00/0.00 KZT; транзакций 1, depth 1, seed=нет"
100000004015047100,consolidator,1.0,2,0.585086,"consolidator: вход. рёбер 9, исход. 1; суммы 919104.00/69195.00 KZT; транзакций 25, depth 1, seed=нет"
100000005183943100,terminal,0.75,20,0.461794,"terminal: вход. рёбер 1, исход. 0; суммы 680900.00/0.00 KZT; транзакций 9, depth 1, seed=нет"
100000003004487100,distributor,0.5,34,0.576633,"distributor: вход. рёбер 4, исход. 2; суммы 183702.80/265015.00 KZT; транзакций 12, depth 1, seed=нет"
100000003042994100,terminal,0.75,4,0.449037,"terminal: вход. рёбер 1, исход. 0; суммы 286086.00/0.00 KZT; транзакций 3, depth 1, seed=нет"
100000001899164100,consolidator,1.0,6,0.602873,"consolidator: вход. рёбер 4, исход. 3; суммы 291675.00/76500.00 KZT; транзакций 8, depth 1, seed=нет"
100000003946524100,coordinator,0.5,3,0.566226,"coordinator: вход. рёбер 2, исход. 2; суммы 133757.00/144750.00 KZT; транзакций 4, depth 1, seed=нет"
100000008717340100,terminal,0.75,27,0.420634,"terminal: вход. рёбер 1, исход. 0; суммы 41500.00/0.00 KZT; транзакций 1, depth 1, seed=нет"
100000003831324100,consolidator,0.5,2,0.36393,"consolidator: вход. рёбер 2, исход. 0; суммы 300000.00/0.00 KZT; транзакций 2, depth 1, seed=нет"
100000008129393100,terminal,0.75,81,0.399699,"terminal: вход. рёбер 1, исход. 0; суммы 10000.00/0.00 KZT; транзакций 1, depth 1, seed=нет"
100000004388209100,terminal,0.75,27,0.402133,"terminal: вход. рёбер 1, исход. 0; суммы 11800.00/0.00 KZT; транзакций 1, depth 1, seed=нет"
100000000706545100,consolidator,0.75,4,0.488703,"consolidator: вход. рёбер 3, исход. 1; суммы 1070300.00/75800.00 KZT; транзакций 11, depth 1, seed=нет"
100000004497606100,terminal,0.75,27,0.406178,"terminal: вход. рёбер 1, исход. 0; суммы 15534.00/0.00 KZT; транзакций 1, depth 1, seed=нет"
100000008470470100,terminal,0.75,27,0.417504,"terminal: вход. рёбер 1, исход. 0; суммы 33547.00/0.00 KZT; транзакций 1, depth 1, seed=нет"
100000004318918100,terminal,0.75,9,0.429458,"terminal: вход. рёбер 1, исход. 0; суммы 75600.00/0.00 KZT; транзакций 1, depth 1, seed=нет"
100000005228059100,terminal,0.75,27,0.413755,"terminal: вход. рёбер 1, исход. 0; суммы 26000.00/0.00 KZT; транзакций 1, depth 1, seed=нет"
100000001609499100,consolidator,0.75,0,0.471677,"consolidator: вход. рёбер 3, исход. 2; суммы 263113.00/21000.00 KZT; транзакций 5, depth 1, seed=нет"
100000002824176100,terminal,0.75,2,0.438937,"terminal: вход. рёбер 1, исход. 0; суммы 144000.00/0.00 KZT; транзакций 1, depth 1, seed=нет"
100000001363952100,consolidator,0.5,1,0.457555,"consolidator: вход. рёбер 2, исход. 1; суммы 196655.00/91000.00 KZT; транзакций 4, depth 1, seed=нет"
100000001049200100,consolidator,0.5,41,0.450262,"consolidator: вход. рёбер 2, исход. 4; суммы 76624.00/36000.00 KZT; транзакций 7, depth 1, seed=нет"
100000002662768100,terminal,0.75,3,0.43106,"terminal: вход. рёбер 1, исход. 0; суммы 84300.00/0.00 KZT; транзакций 1, depth 1, seed=нет"
100000004737477100,transit,0.75,0,0.598742,"transit: вход. рёбер 2, исход. 1; суммы 49598.00/40500.00 KZT; транзакций 6, depth 1, seed=нет"
100000008680451100,terminal,0.75,27,0.412289,"terminal: вход. рёбер 1, исход. 0; суммы 23534.00/0.00 KZT; транзакций 1, depth 1, seed=нет"
100000001952325100,terminal,0.75,27,0.429896,"terminal: вход. рёбер 1, исход. 0; суммы 77888.00/0.00 KZT; транзакций 2, depth 1, seed=нет"
100000008751429100,consolidator,0.75,7,0.498667,"consolidator: вход. рёбер 3, исход. 1; суммы 386200.00/72600.00 KZT; транзакций 8, depth 1, seed=нет"
100000001960517100,terminal,0.75,2,0.44377,"terminal: вход. рёбер 1, исход. 0; суммы 200000.00/0.00 KZT; транзакций 1, depth 1, seed=нет"
100000008686234100,terminal,0.75,0,0.420011,"terminal: вход. рёбер 1, исход. 0; суммы 39778.00/0.00 KZT; транзакций 1, depth 1, seed=нет"
100000004213658100,terminal,0.75,27,0.413381,"terminal: вход. рёбер 1, исход. 0; суммы 25347.00/0.00 KZT; транзакций 1, depth 1, seed=нет"
100000001194266100,terminal,0.75,3,0.423375,"terminal: вход. рёбер 1, исход. 0; суммы 50000.00/0.00 KZT; транзакций 1, depth 1, seed=нет"
100000002243354100,terminal,0.75,27,0.410528,"terminal: вход. рёбер 1, исход. 0; суммы 20879.00/0.00 KZT; транзакций 1, depth 1, seed=нет"
100000006069103100,coordinator,0.75,4,0.66569,"coordinator: вход. рёбер 3, исход. 3; суммы 228818.00/270000.00 KZT; транзакций 7, depth 1, seed=нет"
100000002760175100,terminal,0.75,9,0.442814,"terminal: вход. рёбер 1, исход. 0; суммы 187410.00/0.00 KZT; транзакций 1, depth 1, seed=нет"
100000003567087100,terminal,0.75,27,0.426567,"terminal: вход. рёбер 1, исход. 0; суммы 62115.00/0.00 KZT; транзакций 1, depth 1, seed=нет"
100000008229700100,peripheral,0.35,6,0.339171,"peripheral: вход. рёбер 1, исход. 1; суммы 23500.00/7200.00 KZT; транзакций 2, depth 1, seed=нет"
100000004076740100,distributor,0.5361930294906166,0,0.583782,"distributor: вход. рёбер 3, исход. 6; суммы 93250.00/125000.00 KZT; транзакций 15, depth 1, seed=нет"
100000003284932100,terminal,0.75,3,0.42831,"terminal: вход. рёбер 1, исход. 0; суммы 69925.00/0.00 KZT; транзакций 1, depth 1, seed=нет"
100000008071620100,terminal,0.75,0,0.422455,"terminal: вход. рёбер 1, исход. 0; суммы 46968.00/0.00 KZT; транзакций 1, depth 1, seed=нет"
100000003235780100,consolidator,0.5,0,0.34143,"consolidator: вход. рёбер 2, исход. 0; суммы 65000.00/0.00 KZT; транзакций 2, depth 1, seed=нет"
100000005363908100,transit,0.75,68,0.621415,"transit: вход. рёбер 1, исход. 1; суммы 19500.00/19500.00 KZT; транзакций 2, depth 1, seed=нет"
100000001851289100,terminal,0.75,4,0.434909,"terminal: вход. рёбер 1, исход. 0; суммы 109510.00/0.00 KZT; транзакций 3, depth 1, seed=нет"
100000002870937100,terminal,0.75,2,0.430955,"terminal: вход. рёбер 1, исход. 0; суммы 83700.00/0.00 KZT; транзакций 1, depth 1, seed=нет"
100000002152857100,distributor,1.0,46,0.767673,"distributor: вход. рёбер 1, исход. 5; суммы 105000.00/1230000.00 KZT; транзакций 7, depth 1, seed=нет"
100000002600345100,consolidator,0.5,4,0.33826,"consolidator: вход. рёбер 2, исход. 0; суммы 52400.00/0.00 KZT; транзакций 2, depth 1, seed=нет"
100000002580377100,peripheral,0.35,4,0.309256,"peripheral: вход. рёбер 1, исход. 1; суммы 37750.00/5000.00 KZT; транзакций 3, depth 1, seed=нет"
100000004094958100,transit,0.75,68,0.6318,"transit: вход. рёбер 1, исход. 1; суммы 39000.00/40000.00 KZT; транзакций 2, depth 1, seed=нет"
100000002609774100,peripheral,0.35,15,0.479907,"peripheral: вход. рёбер 1, исход. 1; суммы 7700.00/27500.00 KZT; транзакций 2, depth 1, seed=нет"
100000002596035100,terminal,0.75,9,0.445926,"terminal: вход. рёбер 1, исход. 0; суммы 231570.00/0.00 KZT; транзакций 1, depth 1, seed=нет"
100000004664515100,terminal,0.75,0,0.419218,"terminal: вход. рёбер 1, исход. 0; суммы 37691.00/0.00 KZT; транзакций 1, depth 1, seed=нет"
100000000661912100,coordinator,0.875,0,0.718515,"coordinator: вход. рёбер 5, исход. 2; суммы 393036.00/430700.00 KZT; транзакций 17, depth 1, seed=нет"
100000004144536100,consolidator,1.0,32,0.53379,"consolidator: вход. рёбер 4, исход. 0; суммы 168000.00/0.00 KZT; транзакций 6, depth 1, seed=нет"
100000006177176100,terminal,0.75,4,0.398002,"terminal: вход. рёбер 1, исход. 0; суммы 8911.00/0.00 KZT; транзакций 1, depth 1, seed=нет"
100000002158488100,terminal,0.75,27,0.416682,"terminal: вход. рёбер 1, исход. 0; суммы 31723.00/0.00 KZT; транзакций 1, depth 1, seed=нет"
100000000041368100,terminal,0.75,3,0.440487,"terminal: вход. рёбер 1, исход. 0; суммы 160000.00/0.00 KZT; транзакций 1, depth 1, seed=нет"
100000008722328100,terminal,0.75,27,0.412378,"terminal: вход. рёбер 1, исход. 0; суммы 23677.00/0.00 KZT; транзакций 1, depth 1, seed=нет"
100000008735384100,terminal,0.75,27,0.419803,"terminal: вход. рёбер 1, исход. 0; суммы 39220.00/0.00 KZT; транзакций 1, depth 1, seed=нет"
100000004480280100,distributor,0.5,3,0.571345,"distributor: вход. рёбер 1, исход. 2; суммы 146694.00/295850.00 KZT; транзакций 8, depth 1, seed=нет"
100000004286573100,terminal,0.75,6,0.407145,"terminal: вход. рёбер 1, исход. 0; суммы 16590.00/0.00 KZT; транзакций 1, depth 1, seed=нет"
100000001746925100,peripheral,0.35,3,0.305398,"peripheral: вход. рёбер 1, исход. 1; суммы 65250.00/5000.00 KZT; транзакций 2, depth 1, seed=нет"
100000001660397100,coordinator,0.625,1,0.596245,"coordinator: вход. рёбер 2, исход. 3; суммы 48600.00/49000.00 KZT; транзакций 6, depth 1, seed=нет"
100000002591469100,terminal,0.75,2,0.446185,"terminal: вход. рёбер 1, исход. 0; суммы 235670.00/0.00 KZT; транзакций 1, depth 1, seed=нет"
100000002731501100,distributor,0.5848554447113278,32,0.629897,"distributor: вход. рёбер 3, исход. 7; суммы 570370.00/833960.00 KZT; транзакций 27, depth 1, seed=нет"
100000000089154100,distributor,1.0,0,0.768142,"distributor: вход. рёбер 1, исход. 15; суммы 10000.00/425500.00 KZT; транзакций 22, depth 1, seed=нет"
100000008732098100,terminal,0.75,27,0.406313,"terminal: вход. рёбер 1, исход. 0; суммы 15677.00/0.00 KZT; транзакций 1, depth 1, seed=нет"
100000005456919100,consolidator,0.5,7,0.374774,"consolidator: вход. рёбер 2, исход. 1; суммы 479950.00/5000.00 KZT; транзакций 11, depth 1, seed=нет"
100000000507799100,transit,0.75,16,0.605402,"transit: вход. рёбер 1, исход. 1; суммы 5132.00/8000.00 KZT; транзакций 2, depth 1, seed=нет"
100000008716439100,terminal,0.75,27,0.402704,"terminal: вход. рёбер 1, исход. 0; суммы 12267.00/0.00 KZT; транзакций 1, depth 1, seed=нет"
100000002981527100,terminal,0.75,2,0.441205,"terminal: вход. рёбер 1, исход. 0; суммы 168000.00/0.00 KZT; транзакций 1, depth 1, seed=нет"
100000002844652100,terminal,0.75,2,0.426387,"terminal: вход. рёбер 1, исход. 0; суммы 61360.00/0.00 KZT; транзакций 1, depth 1, seed=нет"
100000002605548100,consolidator,0.5,9,0.350039,"consolidator: вход. рёбер 2, исход. 0; суммы 116695.00/0.00 KZT; транзакций 2, depth 1, seed=нет"
100000002750956100,terminal,0.75,0,0.422595,"terminal: вход. рёбер 1, исход. 0; суммы 47416.00/0.00 KZT; транзакций 1, depth 1, seed=нет"
100000002982252100,terminal,0.75,27,0.410129,"terminal: вход. рёбер 1, исход. 0; суммы 20320.00/0.00 KZT; транзакций 1, depth 1, seed=нет"
100000000961900100,consolidator,0.5,0,0.332737,"consolidator: вход. рёбер 2, исход. 0; суммы 36000.00/0.00 KZT; транзакций 3, depth 1, seed=нет"
100000007175718100,terminal,0.75,54,0.409895,"terminal: вход. рёбер 1, исход. 0; суммы 20000.00/0.00 KZT; транзакций 1, depth 1, seed=нет"
100000002306369100,distributor,1.0,3,0.748987,"distributor: вход. рёбер 1, исход. 6; суммы 73166.00/260900.00 KZT; транзакций 10, depth 1, seed=нет"
100000000667713100,consolidator,0.5,4,0.500659,"consolidator: вход. рёбер 2, исход. 6; суммы 119495.00/79236.00 KZT; транзакций 17, depth 1, seed=нет"
100000001072022100,consolidator,0.75,3,0.478505,"consolidator: вход. рёбер 3, исход. 0; суммы 1684000.00/0.00 KZT; транзакций 6, depth 1, seed=нет"
100000008116374100,terminal,0.75,4,0.416477,"terminal: вход. рёбер 1, исход. 0; суммы 31284.00/0.00 KZT; транзакций 1, depth 1, seed=нет"
100000000703894100,peripheral,0.35,24,0.360049,"peripheral: вход. рёбер 1, исход. 1; суммы 120000.00/35000.00 KZT; транзакций 2, depth 1, seed=нет"
100000008066326100,terminal,0.75,0,0.409386,"terminal: вход. рёбер 1, исход. 0; суммы 19320.00/0.00 KZT; транзакций 1, depth 1, seed=нет"
100000004662806100,consolidator,0.5,6,0.471055,"consolidator: вход. рёбер 2, исход. 2; суммы 106585.00/59900.00 KZT; транзакций 5, depth 1, seed=нет"
100000005778283100,consolidator,0.75,2,0.463704,"consolidator: вход. рёбер 3, исход. 0; суммы 615760.00/0.00 KZT; транзакций 3, depth 1, seed=нет"
100000004408683100,consolidator,0.5,4,0.349555,"consolidator: вход. рёбер 2, исход. 0; суммы 112919.68/0.00 KZT; транзакций 3, depth 1, seed=нет"
100000002704875100,consolidator,0.75,1,0.450139,"consolidator: вход. рёбер 3, исход. 0; суммы 244891.00/0.00 KZT; транзакций 4, depth 1, seed=нет"
100000008349675100,transit,0.75,2,0.590123,"transit: вход. рёбер 1, исход. 1; суммы 46520.00/36650.00 KZT; транзакций 3, depth 1, seed=нет"
100000006889963100,consolidator,1.0,8,0.632953,"consolidator: вход. рёбер 4, исход. 1; суммы 1431000.00/443475.80 KZT; транзакций 9, depth 1, seed=нет"
100000008771819100,terminal,0.75,27,0.419682,"terminal: вход. рёбер 1, исход. 0; суммы 38900.00/0.00 KZT; транзакций 1, depth 1, seed=нет"
100000008586731100,terminal,0.75,6,0.402381,"terminal: вход. рёбер 1, исход. 0; суммы 12000.00/0.00 KZT; транзакций 1, depth 1, seed=нет"
100000005844459100,consolidator,0.5,0,0.360854,"consolidator: вход. рёбер 2, исход. 0; суммы 243400.00/0.00 KZT; транзакций 2, depth 1, seed=нет"
100000008172352100,distributor,1.0,39,0.755959,"distributor: вход. рёбер 3, исход. 7; суммы 90265.00/289510.00 KZT; транзакций 11, depth 1, seed=нет"
100000001162560100,distributor,1.0,2,0.792563,"distributor: вход. рёбер 1, исход. 12; суммы 331300.00/2904398.00 KZT; транзакций 16, depth 1, seed=нет"
100000008779584100,terminal,0.75,27,0.416531,"terminal: вход. рёбер 1, исход. 0; суммы 31400.00/0.00 KZT; транзакций 1, depth 1, seed=нет"
100000007631637100,terminal,0.75,27,0.405994,"terminal: вход. рёбер 1, исход. 0; суммы 15341.00/0.00 KZT; транзакций 1, depth 1, seed=нет"
100000007347733100,terminal,0.75,81,0.411956,"terminal: вход. рёбер 1, исход. 0; суммы 23007.00/0.00 KZT; транзакций 1, depth 1, seed=нет"
100000001463701100,consolidator,0.5,9,0.374634,"consolidator: вход. рёбер 2, исход. 0; суммы 621000.00/0.00 KZT; транзакций 2, depth 1, seed=нет"
100000008664469100,terminal,0.75,3,0.413178,"terminal: вход. рёбер 1, исход. 0; суммы 25000.00/0.00 KZT; транзакций 1, depth 1, seed=нет"
100000003923946100,distributor,0.9574468085106383,2,0.746188,"distributor: вход. рёбер 1, исход. 4; суммы 282000.00/675000.00 KZT; транзакций 7, depth 1, seed=нет"
100000006562026100,consolidator,0.5,81,0.343535,"consolidator: вход. рёбер 2, исход. 0; суммы 75000.00/0.00 KZT; транзакций 6, depth 1, seed=нет"
100000008776298100,terminal,0.75,27,0.421088,"terminal: вход. рёбер 1, исход. 0; суммы 42800.00/0.00 KZT; транзакций 1, depth 1, seed=нет"
100000006446271100,consolidator,0.5,3,0.344485,"consolidator: вход. рёбер 2, исход. 0; суммы 80000.00/0.00 KZT; транзакций 2, depth 1, seed=нет"
100000004588479100,terminal,0.75,4,0.442025,"terminal: вход. рёбер 1, исход. 0; суммы 177633.00/0.00 KZT; транзакций 2, depth 1, seed=нет"
100000002324543100,terminal,0.75,2,0.415959,"terminal: вход. рёбер 1, исход. 0; суммы 30202.00/0.00 KZT; транзакций 1, depth 1, seed=нет"
100000007129492100,consolidator,0.5,9,0.492707,"consolidator: вход. рёбер 2, исход. 1; суммы 50990.00/37000.00 KZT; транзакций 3, depth 1, seed=нет"
100000003877908100,terminal,0.75,3,0.420093,"terminal: вход. рёбер 1, исход. 0; суммы 40000.00/0.00 KZT; транзакций 1, depth 1, seed=нет"
100000002748180100,distributor,1.0,21,0.763041,"distributor: вход. рёбер 1, исход. 8; суммы 9900.00/679743.00 KZT; транзакций 10, depth 1, seed=нет"
100000000945428100,terminal,0.75,0,0.431962,"terminal: вход. рёбер 1, исход. 0; суммы 89629.00/0.00 KZT; транзакций 1, depth 1, seed=нет"
100000003115284100,consolidator,1.0,9,0.632551,"consolidator: вход. рёбер 8, исход. 2; суммы 2160500.00/517000.00 KZT; транзакций 19, depth 1, seed=нет"
100000005394708100,peripheral,0.35,47,0.49388,"peripheral: вход. рёбер 1, исход. 1; суммы 26000.00/65000.00 KZT; транзакций 2, depth 1, seed=нет"
100000008747113100,consolidator,0.5,8,0.357802,"consolidator: вход. рёбер 2, исход. 0; суммы 197801.00/0.00 KZT; транзакций 2, depth 1, seed=нет"
100000004491881100,terminal,0.75,27,0.407629,"terminal: вход. рёбер 1, исход. 0; суммы 17144.00/0.00 KZT; транзакций 1, depth 1, seed=нет"
100000006008169100,terminal,0.75,6,0.428325,"terminal: вход. рёбер 1, исход. 0; суммы 70000.00/0.00 KZT; транзакций 1, depth 1, seed=нет"
100000002681449100,distributor,0.5,40,0.563259,"distributor: вход. рёбер 2, исход. 2; суммы 94638.00/133000.00 KZT; транзакций 4, depth 1, seed=нет"
100000002645609100,consolidator,1.0,0,0.551152,"consolidator: вход. рёбер 4, исход. 0; суммы 546820.68/0.00 KZT; транзакций 5, depth 1, seed=нет"
100000006369769100,terminal,0.75,27,0.420093,"terminal: вход. рёбер 1, исход. 0; суммы 40000.00/0.00 KZT; транзакций 1, depth 1, seed=нет"
100000002173161100,consolidator,0.75,4,0.476074,"consolidator: вход. рёбер 3, исход. 0; суммы 1427500.00/0.00 KZT; транзакций 5, depth 1, seed=нет"
100000008686313100,consolidator,1.0,0,0.622098,"consolidator: вход. рёбер 6, исход. 7; суммы 1912716.00/333800.00 KZT; транзакций 29, depth 1, seed=нет"
100000004692798100,consolidator,0.5,6,0.375736,"consolidator: вход. рёбер 2, исход. 1; суммы 240305.00/15000.00 KZT; транзакций 6, depth 1, seed=нет"
100000002939838100,consolidator,0.75,4,0.4626,"consolidator: вход. рёбер 3, исход. 0; суммы 571233.00/0.00 KZT; транзакций 3, depth 1, seed=нет"
100000003119550100,terminal,0.75,27,0.410613,"terminal: вход. рёбер 1, исход. 0; суммы 21000.00/0.00 KZT; транзакций 1, depth 1, seed=нет"
100000004315838100,consolidator,0.5,3,0.415789,"consolidator: вход. рёбер 2, исход. 1; суммы 50000.00/18000.00 KZT; транзакций 3, depth 1, seed=нет"
100000002671806100,terminal,0.75,6,0.40291,"terminal: вход. рёбер 1, исход. 0; суммы 12440.00/0.00 KZT; транзакций 1, depth 1, seed=нет"
100000008716222100,terminal,0.75,27,0.408345,"terminal: вход. рёбер 1, исход. 0; суммы 18000.00/0.00 KZT; транзакций 1, depth 1, seed=нет"
100000005496254100,terminal,0.75,0,0.403215,"terminal: вход. рёбер 1, исход. 0; суммы 12700.00/0.00 KZT; транзакций 1, depth 1, seed=нет"
100000004622227100,coordinator,0.5,0,0.491477,"coordinator: вход. рёбер 1, исход. 3; суммы 24931.00/19000.00 KZT; транзакций 4, depth 1, seed=нет"
100000000274067100,distributor,0.75,2,0.692602,"distributor: вход. рёбер 2, исход. 3; суммы 517704.00/2969000.00 KZT; транзакций 18, depth 1, seed=нет"
100000008782056100,terminal,0.75,27,0.415403,"terminal: вход. рёбер 1, исход. 0; суммы 29082.00/0.00 KZT; транзакций 1, depth 1, seed=нет"
100000006788200100,consolidator,1.0,2,0.5965,"consolidator: вход. рёбер 4, исход. 3; суммы 272155.80/64500.00 KZT; транзакций 8, depth 1, seed=нет"
100000001164648100,consolidator,0.5,15,0.318481,"consolidator: вход. рёбер 2, исход. 0; суммы 13660.00/0.00 KZT; транзакций 2, depth 1, seed=нет"
100000005133757100,consolidator,0.5,1,0.34143,"consolidator: вход. рёбер 2, исход. 0; суммы 65000.00/0.00 KZT; транзакций 2, depth 1, seed=нет"
100000006445501100,terminal,0.75,9,0.432185,"terminal: вход. рёбер 1, исход. 0; суммы 91000.00/0.00 KZT; транзакций 1, depth 1, seed=нет"
100000004390333100,distributor,1.0,0,0.763655,"distributor: вход. рёбер 2, исход. 9; суммы 64558.00/506500.00 KZT; транзакций 16, depth 1, seed=нет"
100000001641789100,terminal,0.75,2,0.408202,"terminal: вход. рёбер 1, исход. 0; суммы 17826.00/0.00 KZT; транзакций 1, depth 1, seed=нет"
100000000968253100,terminal,0.75,27,0.405663,"terminal: вход. рёбер 1, исход. 0; суммы 15000.00/0.00 KZT; транзакций 1, depth 1, seed=нет"
100000001527186100,terminal,0.75,3,0.461731,"terminal: вход. рёбер 1, исход. 0; суммы 678000.00/0.00 KZT; транзакций 2, depth 1, seed=нет"
100000005852946100,terminal,0.75,3,0.412421,"terminal: вход. рёбер 1, исход. 0; суммы 23746.00/0.00 KZT; транзакций 1, depth 1, seed=нет"
100000001530983100,distributor,1.0,4,0.791518,"distributor: вход. рёбер 4, исход. 11; суммы 564158.00/1829538.00 KZT; транзакций 21, depth 1, seed=нет"
100000008221543100,consolidator,0.5,25,0.372632,"consolidator: вход. рёбер 2, исход. 0; суммы 542000.00/0.00 KZT; транзакций 2, depth 1, seed=нет"
100000001937767100,distributor,1.0,38,0.771822,"distributor: вход. рёбер 1, исход. 4; суммы 53000.00/1933000.00 KZT; транзакций 7, depth 1, seed=нет"
100000002462183100,terminal,0.75,54,0.434637,"terminal: вход. рёбер 1, исход. 0; суммы 107500.00/0.00 KZT; транзакций 3, depth 1, seed=нет"
100000001805543100,terminal,0.75,4,0.42581,"terminal: вход. рёбер 1, исход. 0; суммы 59000.00/0.00 KZT; транзакций 1, depth 1, seed=нет"
100000002606567100,peripheral,0.35,0,0.489397,"peripheral: вход. рёбер 1, исход. 1; суммы 14095.00/53000.00 KZT; транзакций 2, depth 1, seed=нет"
100000007281639100,consolidator,0.5,4,0.35915,"consolidator: вход. рёбер 2, исход. 0; суммы 216770.00/0.00 KZT; транзакций 4, depth 1, seed=нет"
100000002991079100,consolidator,0.5,4,0.371143,"consolidator: вход. рёбер 2, исход. 1; суммы 148900.00/11000.00 KZT; транзакций 4, depth 1, seed=нет"
100000002847207100,terminal,0.75,3,0.422226,"terminal: вход. рёбер 1, исход. 0; суммы 46243.00/0.00 KZT; транзакций 1, depth 1, seed=нет"
100000000011452100,consolidator,0.75,0,0.472474,"consolidator: вход. рёбер 3, исход. 1; суммы 110000.00/16685.00 KZT; транзакций 9, depth 1, seed=нет"
100000003148220100,distributor,0.5,52,0.538983,"distributor: вход. рёбер 1, исход. 2; суммы 5650.00/43400.00 KZT; транзакций 5, depth 1, seed=нет"
100000002479804100,transit,0.75,3,0.587395,"transit: вход. рёбер 1, исход. 2; суммы 46000.00/35300.00 KZT; транзакций 3, depth 1, seed=нет"
100000008745489100,terminal,0.75,27,0.424921,"terminal: вход. рёбер 1, исход. 0; суммы 55539.00/0.00 KZT; транзакций 1, depth 1, seed=нет"
100000002289937100,terminal,0.75,27,0.409895,"terminal: вход. рёбер 1, исход. 0; суммы 20000.00/0.00 KZT; транзакций 1, depth 1, seed=нет"
100000004679953100,consolidator,0.75,1,0.481448,"consolidator: вход. рёбер 3, исход. 3; суммы 343538.00/34100.00 KZT; транзакций 6, depth 1, seed=нет"
100000003066385100,consolidator,0.5,0,0.32409,"consolidator: вход. рёбер 2, исход. 0; суммы 20000.00/0.00 KZT; транзакций 2, depth 1, seed=нет"
100000008744849100,terminal,0.75,27,0.421643,"terminal: вход. рёбер 1, исход. 0; суммы 44445.00/0.00 KZT; транзакций 1, depth 1, seed=нет"
100000005093521100,terminal,0.75,3,0.405858,"terminal: вход. рёбер 1, исход. 0; суммы 15200.00/0.00 KZT; транзакций 1, depth 1, seed=нет"
100000006518161100,coordinator,0.625,4,0.633038,"coordinator: вход. рёбер 3, исход. 2; суммы 594200.00/595899.00 KZT; транзакций 26, depth 1, seed=нет"
100000001126374100,consolidator,1.0,0,0.572581,"consolidator: вход. рёбер 4, исход. 2; суммы 182500.00/29200.00 KZT; транзакций 11, depth 1, seed=нет"
100000004509286100,terminal,0.75,3,0.420093,"terminal: вход. рёбер 1, исход. 0; суммы 40000.00/0.00 KZT; транзакций 1, depth 1, seed=нет"
100000005056870100,terminal,0.75,54,0.409895,"terminal: вход. рёбер 1, исход. 0; суммы 20000.00/0.00 KZT; транзакций 1, depth 1, seed=нет"
100000008708368100,terminal,0.75,27,0.412378,"terminal: вход. рёбер 1, исход. 0; суммы 23677.00/0.00 KZT; транзакций 1, depth 1, seed=нет"
100000005895525100,terminal,0.75,54,0.436255,"terminal: вход. рёбер 1, исход. 0; суммы 120000.00/0.00 KZT; транзакций 3, depth 1, seed=нет"
100000008716773100,terminal,0.75,27,0.406313,"terminal: вход. рёбер 1, исход. 0; суммы 15677.00/0.00 KZT; транзакций 1, depth 1, seed=нет"
100000002778085100,terminal,0.75,4,0.427506,"terminal: вход. рёбер 1, исход. 0; суммы 66208.00/0.00 KZT; транзакций 1, depth 1, seed=нет"
100000007055802100,consolidator,1.0,0,0.639097,"consolidator: вход. рёбер 6, исход. 1; суммы 2024999.00/605000.00 KZT; транзакций 41, depth 1, seed=нет"
100000003071930100,consolidator,0.75,2,0.463908,"consolidator: вход. рёбер 3, исход. 1; суммы 477610.00/5000.00 KZT; транзакций 5, depth 1, seed=нет"
100000002941114100,consolidator,0.5,9,0.378121,"consolidator: вход. рёбер 2, исход. 1; суммы 128510.00/15000.00 KZT; транзакций 16, depth 1, seed=нет"
100000003888271100,distributor,0.5,20,0.535137,"distributor: вход. рёбер 1, исход. 2; суммы 12177.00/25590.00 KZT; транзакций 5, depth 1, seed=нет"
100000007507343100,terminal,0.75,56,0.452821,"terminal: вход. рёбер 1, исход. 0; суммы 370000.00/0.00 KZT; транзакций 1, depth 1, seed=нет"
100000008002020100,peripheral,0.35,6,0.339891,"peripheral: вход. рёбер 1, исход. 1; суммы 73860.00/17000.00 KZT; транзакций 2, depth 1, seed=нет"
100000001872484100,coordinator,0.5,37,0.507939,"coordinator: вход. рёбер 1, исход. 3; суммы 871400.00/514580.00 KZT; транзакций 22, depth 1, seed=нет"
100000008769636100,terminal,0.75,27,0.412027,"terminal: вход. рёбер 1, исход. 0; суммы 23118.00/0.00 KZT; транзакций 1, depth 1, seed=нет"
100000004135268100,coordinator,0.625,56,0.60379,"coordinator: вход. рёбер 2, исход. 3; суммы 1239000.00/1000200.00 KZT; транзакций 7, depth 1, seed=нет"
100000005316708100,distributor,0.5,2,0.567788,"distributor: вход. рёбер 1, исход. 2; суммы 90000.00/257500.00 KZT; транзакций 5, depth 1, seed=нет"
100000008671929100,terminal,0.75,3,0.42934,"terminal: вход. рёбер 1, исход. 0; суммы 75000.00/0.00 KZT; транзакций 2, depth 1, seed=нет"
100000005287097100,distributor,1.0,4,0.769058,"distributor: вход. рёбер 2, исход. 9; суммы 127173.00/697300.00 KZT; транзакций 47, depth 1, seed=нет"
100000007283257100,terminal,0.75,71,0.44317,"terminal: вход. рёбер 1, исход. 0; суммы 192000.00/0.00 KZT; транзакций 7, depth 1, seed=нет"
100000004847758100,distributor,1.0,0,0.778038,"distributor: вход. рёбер 4, исход. 15; суммы 115171.00/488800.00 KZT; транзакций 27, depth 1, seed=нет"
100000008737422100,terminal,0.75,27,0.429709,"terminal: вход. рёбер 1, исход. 0; суммы 76903.00/0.00 KZT; транзакций 1, depth 1, seed=нет"
100000008555918100,peripheral,0.35,3,0.368022,"peripheral: вход. рёбер 1, исход. 2; суммы 139211.00/43300.00 KZT; транзакций 3, depth 1, seed=нет"
100000008094734100,consolidator,1.0,0,0.538805,"consolidator: вход. рёбер 4, исход. 0; суммы 236249.00/0.00 KZT; транзакций 4, depth 1, seed=нет"
100000006952718100,terminal,0.75,4,0.428635,"terminal: вход. рёбер 1, исход. 0; суммы 71489.00/0.00 KZT; транзакций 1, depth 1, seed=нет"
100000005339662100,distributor,0.5817708769630283,4,0.610179,"distributor: вход. рёбер 4, исход. 4; суммы 202939.00/295160.00 KZT; транзакций 24, depth 1, seed=нет"
100000001716579100,terminal,0.75,27,0.40456,"terminal: вход. рёбер 1, исход. 0; суммы 13916.00/0.00 KZT; транзакций 1, depth 1, seed=нет"
100000002774456100,terminal,0.75,9,0.423482,"terminal: вход. рёбер 1, исход. 0; суммы 50363.00/0.00 KZT; транзакций 1, depth 1, seed=нет"
100000004394765100,consolidator,0.75,4,0.496015,"consolidator: вход. рёбер 3, исход. 2; суммы 603844.00/82500.00 KZT; транзакций 12, depth 1, seed=нет"
100000004004621100,consolidator,0.75,10,0.432806,"consolidator: вход. рёбер 3, исход. 0; суммы 75389.00/0.00 KZT; транзакций 3, depth 1, seed=нет"
100000000907277100,terminal,0.75,27,0.407959,"terminal: вход. рёбер 1, исход. 0; суммы 17534.00/0.00 KZT; транзакций 1, depth 1, seed=нет"
100000003835149100,distributor,0.5,18,0.606565,"distributor: вход. рёбер 1, исход. 2; суммы 248500.00/4600440.00 KZT; транзакций 14, depth 1, seed=нет"
100000004254434100,terminal,0.75,27,0.421643,"terminal: вход. рёбер 1, исход. 0; суммы 44445.00/0.00 KZT; транзакций 2, depth 1, seed=нет"
100000003635170100,coordinator,0.875,9,0.70063,"coordinator: вход. рёбер 3, исход. 4; суммы 268500.00/253500.00 KZT; транзакций 23, depth 1, seed=нет"
100000006687202100,terminal,0.75,0,0.423375,"terminal: вход. рёбер 1, исход. 0; суммы 50000.00/0.00 KZT; транзакций 1, depth 1, seed=нет"
100000006030946100,terminal,0.75,27,0.429001,"terminal: вход. рёбер 1, исход. 0; суммы 73289.00/0.00 KZT; транзакций 1, depth 1, seed=нет"
100000002615479100,terminal,0.75,2,0.445172,"terminal: вход. рёбер 1, исход. 0; суммы 220000.00/0.00 KZT; транзакций 1, depth 1, seed=нет"
100000002952631100,terminal,0.75,4,0.42279,"terminal: вход. рёбер 1, исход. 0; суммы 48050.00/0.00 KZT; транзакций 1, depth 1, seed=нет"
100000002890167100,terminal,0.75,4,0.436026,"terminal: вход. рёбер 1, исход. 0; суммы 118150.00/0.00 KZT; транзакций 1, depth 1, seed=нет"
100000008687671100,terminal,0.75,27,0.419143,"terminal: вход. рёбер 1, исход. 0; суммы 37500.00/0.00 KZT; транзакций 1, depth 1, seed=нет"
100000000810551100,peripheral,0.35,3,0.310477,"peripheral: вход. рёбер 1, исход. 1; суммы 100000.00/7100.00 KZT; транзакций 2, depth 1, seed=нет"
100000008724279100,terminal,0.75,4,0.402071,"terminal: вход. рёбер 1, исход. 0; суммы 11750.00/0.00 KZT; транзакций 1, depth 1, seed=нет"
100000002592567100,distributor,0.5,4,0.540369,"distributor: вход. рёбер 1, исход. 2; суммы 5297.00/48600.00 KZT; транзакций 3, depth 1, seed=нет"
100000002670860100,consolidator,0.5,21,0.369895,"consolidator: вход. рёбер 2, исход. 0; суммы 450000.00/0.00 KZT; транзакций 2, depth 1, seed=нет"
100000002844897100,terminal,0.75,2,0.400831,"terminal: вход. рёбер 1, исход. 0; суммы 10800.00/0.00 KZT; транзакций 1, depth 1, seed=нет"
100000007938486100,terminal,0.75,27,0.419907,"terminal: вход. рёбер 1, исход. 0; суммы 39500.00/0.00 KZT; транзакций 1, depth 1, seed=нет"
100000008438656100,consolidator,0.5,3,0.359572,"consolidator: вход. рёбер 2, исход. 1; суммы 80000.00/5000.00 KZT; транзакций 3, depth 1, seed=нет"
100000008304139100,distributor,1.0,3,0.810016,"distributor: вход. рёбер 4, исход. 24; суммы 189329.75/1692997.00 KZT; транзакций 47, depth 1, seed=нет"
100000002597003100,transit,0.75,0,0.541197,"transit: вход. рёбер 1, исход. 1; суммы 17700.00/11000.00 KZT; транзакций 2, depth 1, seed=нет"
100000002830055100,terminal,0.75,27,0.404648,"terminal: вход. рёбер 1, исход. 0; суммы 14000.00/0.00 KZT; транзакций 1, depth 1, seed=нет"
100000004299488100,consolidator,1.0,0,0.617137,"consolidator: вход. рёбер 6, исход. 2; суммы 1749000.00/344999.00 KZT; транзакций 36, depth 1, seed=нет"
100000002809568100,terminal,0.75,0,0.399699,"terminal: вход. рёбер 1, исход. 0; суммы 10000.00/0.00 KZT; транзакций 1, depth 1, seed=нет"
100000004784224100,peripheral,0.35,18,0.498373,"peripheral: вход. рёбер 1, исход. 1; суммы 23500.00/100000.00 KZT; транзакций 3, depth 1, seed=нет"
100000003123296100,terminal,0.75,6,0.431388,"terminal: вход. рёбер 1, исход. 0; суммы 86200.00/0.00 KZT; транзакций 2, depth 1, seed=нет"
100000004130144100,terminal,0.75,2,0.44377,"terminal: вход. рёбер 1, исход. 0; суммы 200000.00/0.00 KZT; транзакций 1, depth 1, seed=нет"
100000001253557100,consolidator,1.0,40,0.538782,"consolidator: вход. рёбер 5, исход. 0; суммы 210200.00/0.00 KZT; транзакций 5, depth 1, seed=нет"
100000008767925100,terminal,0.75,27,0.407629,"terminal: вход. рёбер 1, исход. 0; суммы 17144.00/0.00 KZT; транзакций 1, depth 1, seed=нет"
100000007181706100,consolidator,0.5,3,0.356107,"consolidator: вход. рёбер 2, исход. 0; суммы 176272.00/0.00 KZT; транзакций 2, depth 1, seed=нет"
100000003366154100,distributor,0.75,3,0.659565,"distributor: вход. рёбер 1, исход. 3; суммы 125000.00/289170.00 KZT; транзакций 4, depth 1, seed=нет"
100000007641183100,terminal,0.75,4,0.414845,"terminal: вход. рёбер 1, исход. 0; суммы 28000.00/0.00 KZT; транзакций 1, depth 1, seed=нет"
100000008663007100,terminal,0.75,27,0.404648,"terminal: вход. рёбер 1, исход. 0; суммы 14000.00/0.00 KZT; транзакций 1, depth 1, seed=нет"
100000007334196100,terminal,0.75,9,0.439538,"terminal: вход. рёбер 1, исход. 0; суммы 150002.00/0.00 KZT; транзакций 1, depth 1, seed=нет"
100000003873332100,distributor,1.0,41,0.744472,"distributor: вход. рёбер 1, исход. 4; суммы 23468.00/286000.00 KZT; транзакций 9, depth 1, seed=нет"
100000001550388100,terminal,0.75,0,0.423375,"terminal: вход. рёбер 1, исход. 0; суммы 50000.00/0.00 KZT; транзакций 1, depth 1, seed=нет"
100000008718089100,terminal,0.75,27,0.406178,"terminal: вход. рёбер 1, исход. 0; суммы 15534.00/0.00 KZT; транзакций 1, depth 1, seed=нет"
100000008728457100,terminal,0.75,9,0.421825,"terminal: вход. рёбер 1, исход. 0; суммы 45000.00/0.00 KZT; транзакций 1, depth 1, seed=нет"
100000004206046100,terminal,0.75,4,0.401201,"terminal: вход. рёбер 1, исход. 0; суммы 11075.00/0.00 KZT; транзакций 1, depth 1, seed=нет"
100000006579678100,distributor,1.0,4,0.775956,"distributor: вход. рёбер 2, исход. 6; суммы 192930.00/1668800.00 KZT; транзакций 17, depth 1, seed=нет"
100000002988894100,coordinator,0.5,3,0.421571,"coordinator: вход. рёбер 1, исход. 3; суммы 306121.00/77500.00 KZT; транзакций 4, depth 1, seed=нет"
100000008749406100,terminal,0.75,27,0.407629,"terminal: вход. рёбер 1, исход. 0; суммы 17144.00/0.00 KZT; транзакций 1, depth 1, seed=нет"
100000005584222100,consolidator,0.5,0,0.480075,"consolidator: вход. рёбер 2, исход. 2; суммы 192717.00/108587.00 KZT; транзакций 9, depth 1, seed=нет"
100000003239859100,terminal,0.75,6,0.408828,"terminal: вход. рёбер 1, исход. 0; суммы 18600.00/0.00 KZT; транзакций 1, depth 1, seed=нет"
100000003980083100,terminal,0.75,58,0.41586,"terminal: вход. рёбер 1, исход. 0; суммы 30000.00/0.00 KZT; транзакций 1, depth 1, seed=нет"
100000004351795100,distributor,1.0,0,0.790985,"distributor: вход. рёбер 3, исход. 14; суммы 118333.00/1715161.00 KZT; транзакций 40, depth 1, seed=нет"
100000002666248100,terminal,0.75,3,0.428332,"terminal: вход. рёбер 1, исход. 0; суммы 70032.00/0.00 KZT; транзакций 1, depth 1, seed=нет"
100000005877725100,terminal,0.75,27,0.428325,"terminal: вход. рёбер 1, исход. 0; суммы 70000.00/0.00 KZT; транзакций 1, depth 1, seed=нет"
100000001697501100,distributor,1.0,27,0.829717,"distributor: вход. рёбер 3, исход. 38; суммы 123700.00/1482606.00 KZT; транзакций 58, depth 1, seed=нет"
100000006972210100,consolidator,0.75,2,0.460306,"consolidator: вход. рёбер 3, исход. 0; суммы 488775.00/0.00 KZT; транзакций 4, depth 1, seed=нет"
100000008749618100,terminal,0.75,27,0.422552,"terminal: вход. рёбер 1, исход. 0; суммы 47280.00/0.00 KZT; транзакций 1, depth 1, seed=нет"
100000008671026100,terminal,0.75,27,0.412289,"terminal: вход. рёбер 1, исход. 0; суммы 23534.00/0.00 KZT; транзакций 1, depth 1, seed=нет"
100000001696818100,terminal,0.75,3,0.424384,"terminal: вход. рёбер 1, исход. 0; суммы 53550.00/0.00 KZT; транзакций 1, depth 1, seed=нет"
100000008679986100,terminal,0.75,27,0.409141,"terminal: вход. рёбер 1, исход. 0; суммы 19000.00/0.00 KZT; транзакций 1, depth 1, seed=нет"
100000003616818100,distributor,0.75,32,0.659072,"distributor: вход. рёбер 3, исход. 3; суммы 78000.00/240100.00 KZT; транзакций 12, depth 1, seed=нет"
100000004156082100,distributor,1.0,4,0.820391,"distributor: вход. рёбер 5, исход. 26; суммы 377366.11/2319556.00 KZT; транзакций 36, depth 1, seed=нет"
100000008667058100,terminal,0.75,27,0.407959,"terminal: вход. рёбер 1, исход. 0; суммы 17534.00/0.00 KZT; транзакций 1, depth 1, seed=нет"
100000008628231100,distributor,0.5,72,0.577618,"distributor: вход. рёбер 1, исход. 2; суммы 50000.00/627870.00 KZT; транзакций 20, depth 1, seed=нет"
100000008749063100,terminal,0.75,27,0.409141,"terminal: вход. рёбер 1, исход. 0; суммы 19000.00/0.00 KZT; транзакций 1, depth 1, seed=нет"
100000004494983100,terminal,0.75,27,0.418128,"terminal: вход. рёбер 1, исход. 0; суммы 35000.00/0.00 KZT; транзакций 1, depth 1, seed=нет"
100000007648946100,transit,0.75,0,0.623372,"transit: вход. рёбер 1, исход. 1; суммы 19550.00/25000.00 KZT; транзакций 2, depth 1, seed=нет"
100000003037660100,terminal,0.75,3,0.424233,"terminal: вход. рёбер 1, исход. 0; суммы 53000.00/0.00 KZT; транзакций 1, depth 1, seed=нет"
100000002679516100,consolidator,0.75,6,0.437302,"consolidator: вход. рёбер 3, исход. 0; суммы 102335.00/0.00 KZT; транзакций 3, depth 1, seed=нет"
100000005588444100,terminal,0.75,2,0.402744,"terminal: вход. рёбер 1, исход. 0; суммы 12300.00/0.00 KZT; транзакций 1, depth 1, seed=нет"
100000001307612100,terminal,0.75,27,0.419524,"terminal: вход. рёбер 1, исход. 0; суммы 38483.00/0.00 KZT; транзакций 1, depth 1, seed=нет"
100000003001564100,peripheral,0.35,4,0.505722,"peripheral: вход. рёбер 1, исход. 1; суммы 23520.00/180000.00 KZT; транзакций 2, depth 1, seed=нет"
100000002762076100,consolidator,0.5,2,0.40005,"consolidator: вход. рёбер 2, исход. 1; суммы 140350.00/30000.00 KZT; транзакций 3, depth 1, seed=нет"
100000005514161100,consolidator,1.0,2,0.574936,"consolidator: вход. рёбер 4, исход. 1; суммы 401500.00/50000.00 KZT; транзакций 8, depth 1, seed=нет"
100000008746673100,terminal,0.75,27,0.424246,"terminal: вход. рёбер 1, исход. 0; суммы 53048.00/0.00 KZT; транзакций 1, depth 1, seed=нет"
100000003265158100,coordinator,0.625,6,0.61278,"coordinator: вход. рёбер 3, исход. 2; суммы 146100.40/154200.00 KZT; транзакций 7, depth 1, seed=нет"
100000001567366100,terminal,0.75,4,0.464601,"terminal: вход. рёбер 1, исход. 0; суммы 824070.00/0.00 KZT; транзакций 4, depth 1, seed=нет"
100000008777088100,terminal,0.75,27,0.408345,"terminal: вход. рёбер 1, исход. 0; суммы 18000.00/0.00 KZT; транзакций 1, depth 1, seed=нет"
100000002589019100,terminal,0.75,6,0.418006,"terminal: вход. рёбер 1, исход. 0; суммы 34710.00/0.00 KZT; транзакций 1, depth 1, seed=нет"
100000008666075100,terminal,0.75,27,0.413877,"terminal: вход. рёбер 1, исход. 0; суммы 26217.00/0.00 KZT; транзакций 1, depth 1, seed=нет"
100000008137435100,distributor,1.0,26,0.772911,"distributor: вход. рёбер 2, исход. 6; суммы 93906.00/1419700.00 KZT; транзакций 9, depth 1, seed=нет"
100000004403675100,distributor,0.5786402885561264,47,0.609208,"distributor: вход. рёбер 4, исход. 5; суммы 182980.00/264699.00 KZT; транзакций 14, depth 1, seed=нет"
100000004677680100,peripheral,0.35,9,0.50928,"peripheral: вход. рёбер 2, исход. 1; суммы 63000.00/168000.00 KZT; транзакций 5, depth 1, seed=нет"
100000005958064100,distributor,0.5,38,0.557246,"distributor: вход. рёбер 1, исход. 2; суммы 5746.00/163986.84 KZT; транзакций 4, depth 1, seed=нет"
100000002881669100,terminal,0.75,6,0.408828,"terminal: вход. рёбер 1, исход. 0; суммы 18600.00/0.00 KZT; транзакций 1, depth 1, seed=нет"
100000002938501100,transit,0.75,4,0.524812,"transit: вход. рёбер 1, исход. 1; суммы 8395.00/5000.00 KZT; транзакций 2, depth 1, seed=нет"
100000006734554100,transit,0.75,24,0.622329,"transit: вход. рёбер 1, исход. 1; суммы 16500.00/25000.00 KZT; транзакций 2, depth 1, seed=нет"
100000008003034100,distributor,1.0,10,0.73354,"distributor: вход. рёбер 1, исход. 4; суммы 12201.00/135000.00 KZT; транзакций 5, depth 1, seed=нет"
100000003970394100,terminal,0.75,6,0.431182,"terminal: вход. рёбер 1, исход. 0; суммы 85000.00/0.00 KZT; транзакций 1, depth 1, seed=нет"
100000003205210100,terminal,0.75,3,0.438264,"terminal: вход. рёбер 1, исход. 0; суммы 137563.00/0.00 KZT; транзакций 1, depth 1, seed=нет"
100000004559194100,terminal,0.75,4,0.448833,"terminal: вход. рёбер 1, исход. 0; суммы 282145.00/0.00 KZT; транзакций 6, depth 1, seed=нет"
100000008173359100,terminal,0.75,4,0.392451,"terminal: вход. рёбер 1, исход. 0; суммы 6110.00/0.00 KZT; транзакций 1, depth 1, seed=нет"
100000007953156100,transit,0.75,38,0.527651,"transit: вход. рёбер 1, исход. 1; суммы 18000.00/10000.00 KZT; транзакций 2, depth 2, seed=нет"
100000002224132100,distributor,1.0,18,0.809358,"distributor: вход. рёбер 5, исход. 4; суммы 3951020.00/12115000.00 KZT; транзакций 35, depth 2, seed=нет"
100000008547844100,distributor,1.0,40,0.802273,"distributor: вход. рёбер 3, исход. 19; суммы 177600.00/2042199.00 KZT; транзакций 24, depth 2, seed=нет"
100000002635780100,terminal,0.75,2,0.440761,"terminal: вход. рёбер 1, исход. 0; суммы 163000.02/0.00 KZT; транзакций 1, depth 2, seed=нет"
100000001279875100,terminal,0.75,21,0.423148,"terminal: вход. рёбер 1, исход. 0; суммы 49235.00/0.00 KZT; транзакций 1, depth 2, seed=нет"
100000001961048100,terminal,0.75,31,0.439538,"terminal: вход. рёбер 1, исход. 0; суммы 150000.00/0.00 KZT; транзакций 1, depth 2, seed=нет"
100000000993112100,terminal,0.75,39,0.438628,"terminal: вход. рёбер 1, исход. 0; суммы 141000.00/0.00 KZT; транзакций 1, depth 2, seed=нет"
100000005547096100,distributor,0.5,68,0.561989,"distributor: вход. рёбер 1, исход. 2; суммы 8000.00/226300.00 KZT; транзакций 4, depth 2, seed=нет"
100000000331309100,distributor,1.0,8,0.976271,"distributor: вход. рёбер 5, исход. 99; суммы 984635.00/23001375.00 KZT; транзакций 134, depth 2, seed=нет"
100000006684930100,terminal,0.75,10,0.399699,"terminal: вход. рёбер 1, исход. 0; суммы 10000.00/0.00 KZT; транзакций 1, depth 2, seed=нет"
100000004479404100,consolidator,0.5,50,0.432134,"consolidator: вход. рёбер 2, исход. 1; суммы 1492000.00/300000.00 KZT; транзакций 10, depth 2, seed=нет"
100000004134060100,terminal,0.75,33,0.431722,"terminal: вход. рёбер 1, исход. 0; суммы 88179.00/0.00 KZT; транзакций 1, depth 2, seed=нет"
100000001083990100,terminal,0.75,6,0.423346,"terminal: вход. рёбер 1, исход. 0; суммы 49900.00/0.00 KZT; транзакций 2, depth 2, seed=нет"
100000004573782100,terminal,0.75,2,0.405663,"terminal: вход. рёбер 1, исход. 0; суммы 15000.00/0.00 KZT; транзакций 1, depth 2, seed=нет"
100000005660203100,peripheral,0.35,4,0.337973,"peripheral: вход. рёбер 1, исход. 2; суммы 572899.00/41000.00 KZT; транзакций 17, depth 2, seed=нет"
100000008771627100,terminal,0.75,27,0.407065,"terminal: вход. рёбер 1, исход. 0; суммы 16500.00/0.00 KZT; транзакций 1, depth 2, seed=нет"
100000000031787100,transit,0.75,2,0.64561,"transit: вход. рёбер 1, исход. 2; суммы 90000.00/90000.00 KZT; транзакций 6, depth 2, seed=нет"
100000001346560100,peripheral,0.35,3,0.480291,"peripheral: вход. рёбер 2, исход. 1; суммы 10000.00/22200.00 KZT; транзакций 3, depth 2, seed=нет"
100000001703168100,transit,0.75,3,0.639683,"transit: вход. рёбер 1, исход. 1; суммы 45000.00/90000.00 KZT; транзакций 2, depth 2, seed=нет"
100000004904960100,consolidator,0.5,0,0.331005,"consolidator: вход. рёбер 2, исход. 0; суммы 32000.00/0.00 KZT; транзакций 2, depth 2, seed=нет"
100000004467157100,peripheral,0.35,0,0.346005,"peripheral: вход. рёбер 1, исход. 1; суммы 20000.00/7000.00 KZT; транзакций 4, depth 2, seed=нет"
100000008346837100,distributor,1.0,10,0.816972,"distributor: вход. рёбер 9, исход. 25; суммы 254359.00/1258643.00 KZT; транзакций 38, depth 2, seed=нет"
100000006385877100,transit,0.75,2,0.570075,"transit: вход. рёбер 1, исход. 1; суммы 53706.62/36602.93 KZT; транзакций 10, depth 2, seed=нет"
100000002459093100,peripheral,0.35,46,0.342481,"peripheral: вход. рёбер 1, исход. 1; суммы 500000.00/55000.00 KZT; транзакций 5, depth 2, seed=нет"
100000005053653100,consolidator,0.5,10,0.426867,"consolidator: вход. рёбер 2, исход. 1; суммы 63073.00/25000.00 KZT; транзакций 3, depth 2, seed=нет"
100000001557930100,terminal,0.75,2,0.417963,"terminal: вход. рёбер 1, исход. 0; суммы 34610.00/0.00 KZT; транзакций 1, depth 2, seed=нет"
100000002820010100,terminal,0.75,2,0.41586,"terminal: вход. рёбер 1, исход. 0; суммы 30000.00/0.00 KZT; транзакций 1, depth 2, seed=нет"
100000000769919100,terminal,0.75,35,0.447053,"terminal: вход. рёбер 1, исход. 0; суммы 250000.00/0.00 KZT; транзакций 1, depth 2, seed=нет"
100000003188607100,peripheral,0.35,2,0.329202,"peripheral: вход. рёбер 1, исход. 1; суммы 18000.00/5000.00 KZT; транзакций 2, depth 2, seed=нет"
100000002836052100,terminal,0.75,3,0.405663,"terminal: вход. рёбер 1, исход. 0; суммы 15000.00/0.00 KZT; транзакций 1, depth 2, seed=нет"
100000001102676100,transit,0.75,3,0.635268,"transit: вход. рёбер 1, исход. 1; суммы 50000.00/50000.00 KZT; транзакций 2, depth 2, seed=нет"
100000003390036100,consolidator,0.5,9,0.420598,"consolidator: вход. рёбер 2, исход. 2; суммы 231300.00/62000.00 KZT; транзакций 6, depth 2, seed=нет"
100000008335401100,terminal,0.75,15,0.439538,"terminal: вход. рёбер 1, исход. 0; суммы 150000.00/0.00 KZT; транзакций 3, depth 2, seed=нет"
100000006994985100,peripheral,0.35,2,0.329492,"peripheral: вход. рёбер 1, исход. 1; суммы 48500.00/10200.00 KZT; транзакций 4, depth 2, seed=нет"
100000008356606100,consolidator,0.5,10,0.355444,"consolidator: вход. рёбер 2, исход. 0; суммы 168500.00/0.00 KZT; транзакций 2, depth 2, seed=нет"
100000007930878100,terminal,0.75,20,0.389502,"terminal: вход. рёбер 1, исход. 0; суммы 5000.00/0.00 KZT; транзакций 1, depth 2, seed=нет"
100000008389800100,distributor,0.849989417989418,4,0.709952,"distributor: вход. рёбер 3, исход. 7; суммы 189000.00/401620.00 KZT; транзакций 11, depth 2, seed=нет"
100000005474472100,terminal,0.75,18,0.433573,"terminal: вход. рёбер 1, исход. 0; суммы 100000.00/0.00 KZT; транзакций 1, depth 2, seed=нет"
100000004486525100,consolidator,0.5326407054179195,0,0.55007,"consolidator: вход. рёбер 8, исход. 2; суммы 360924.00/271045.00 KZT; транзакций 24, depth 2, seed=нет"
100000003031890100,terminal,0.75,32,0.444834,"terminal: вход. рёбер 1, исход. 0; суммы 215000.00/0.00 KZT; транзакций 10, depth 2, seed=нет"
100000008624978100,terminal,0.75,33,0.434841,"terminal: вход. рёбер 1, исход. 0; суммы 109000.00/0.00 KZT; транзакций 1, depth 2, seed=нет"
100000000790311100,terminal,0.75,4,0.422244,"terminal: вход. рёбер 1, исход. 0; суммы 46300.00/0.00 KZT; транзакций 1, depth 2, seed=нет"
100000008546855100,consolidator,1.0,41,0.557839,"consolidator: вход. рёбер 6, исход. 2; суммы 71790.00/10000.00 KZT; транзакций 10, depth 2, seed=нет"
100000002863356100,peripheral,0.35,27,0.377819,"peripheral: вход. рёбер 1, исход. 1; суммы 45000.00/20000.00 KZT; транзакций 2, depth 2, seed=нет"
100000000332284100,distributor,0.75,8,0.674193,"distributor: вход. рёбер 10, исход. 3; суммы 107426.00/289500.00 KZT; транзакций 15, depth 2, seed=нет"
100000002605308100,consolidator,0.75,38,0.484722,"consolidator: вход. рёбер 3, исход. 0; суммы 2569521.84/0.00 KZT; транзакций 7, depth 2, seed=нет"
100000005931985100,terminal,0.75,21,0.429535,"terminal: вход. рёбер 1, исход. 0; суммы 76000.00/0.00 KZT; транзакций 1, depth 2, seed=нет"
100000001166289100,consolidator,0.5,27,0.385962,"consolidator: вход. рёбер 2, исход. 1; суммы 721039.00/25000.00 KZT; транзакций 11, depth 2, seed=нет"
100000008477350100,distributor,1.0,0,0.858339,"distributor: вход. рёбер 11, исход. 39; суммы 610100.00/3374866.00 KZT; транзакций 58, depth 2, seed=нет"
100000003824464100,terminal,0.75,26,0.44377,"terminal: вход. рёбер 1, исход. 0; суммы 200000.00/0.00 KZT; транзакций 1, depth 2, seed=нет"
100000002738256100,transit,0.75,56,0.652617,"transit: вход. рёбер 1, исход. 1; суммы 150200.00/175000.00 KZT; транзакций 2, depth 2, seed=нет"
100000001857829100,distributor,1.0,1,0.808015,"distributor: вход. рёбер 6, исход. 16; суммы 888535.00/2390993.00 KZT; транзакций 25, depth 2, seed=нет"
100000008672762100,terminal,0.75,27,0.403558,"terminal: вход. рёбер 1, исход. 0; суммы 13000.00/0.00 KZT; транзакций 1, depth 2, seed=нет"
100000001737722100,terminal,0.75,3,0.42617,"terminal: вход. рёбер 1, исход. 0; суммы 60460.00/0.00 KZT; транзакций 1, depth 2, seed=нет"
100000005572303100,peripheral,0.35,4,0.347846,"peripheral: вход. рёбер 1, исход. 1; суммы 75000.00/20000.00 KZT; транзакций 2, depth 2, seed=нет"
100000008733049100,terminal,0.75,4,0.399699,"terminal: вход. рёбер 1, исход. 0; суммы 10000.00/0.00 KZT; транзакций 1, depth 2, seed=нет"
100000000850297100,transit,0.75,15,0.61984,"transit: вход. рёбер 1, исход. 1; суммы 17520.00/17520.00 KZT; транзакций 2, depth 2, seed=нет"
100000005140601100,distributor,0.5,1,0.566214,"distributor: вход. рёбер 3, исход. 2; суммы 52685.00/195300.00 KZT; транзакций 9, depth 2, seed=нет"
100000004410489100,terminal,0.75,0,0.424508,"terminal: вход. рёбер 1, исход. 0; суммы 54000.00/0.00 KZT; транзакций 1, depth 2, seed=нет"
100000006852430100,terminal,0.75,9,0.418946,"terminal: вход. рёбер 1, исход. 0; суммы 37000.00/0.00 KZT; транзакций 1, depth 2, seed=нет"
100000003166755100,terminal,0.75,3,0.412584,"terminal: вход. рёбер 1, исход. 0; суммы 24010.00/0.00 KZT; транзакций 1, depth 2, seed=нет"
100000008258083100,consolidator,0.5,31,0.539177,"consolidator: вход. рёбер 2, исход. 2; суммы 3149500.00/2045650.00 KZT; транзакций 19, depth 2, seed=нет"
100000003054328100,distributor,0.5,21,0.567192,"distributor: вход. рёбер 1, исход. 2; суммы 140000.00/193720.00 KZT; транзакций 3, depth 2, seed=нет"
100000008473207100,terminal,0.75,3,0.443917,"terminal: вход. рёбер 1, исход. 0; суммы 202000.00/0.00 KZT; транзакций 4, depth 2, seed=нет"
100000008104567100,consolidator,0.5355,15,0.515384,"consolidator: вход. рёбер 3, исход. 3; суммы 53550.00/40000.00 KZT; транзакций 7, depth 2, seed=нет"
100000002721825100,terminal,0.75,0,0.401101,"terminal: вход. рёбер 1, исход. 0; суммы 11000.00/0.00 KZT; транзакций 1, depth 2, seed=нет"
100000003509750100,coordinator,0.75,2,0.639571,"coordinator: вход. рёбер 3, исход. 3; суммы 82290.00/78400.00 KZT; транзакций 9, depth 2, seed=нет"
100000007322059100,consolidator,0.5,39,0.494872,"consolidator: вход. рёбер 2, исход. 1; суммы 29000.00/22500.00 KZT; транзакций 4, depth 2, seed=нет"
100000004441291100,terminal,0.75,3,0.409895,"terminal: вход. рёбер 1, исход. 0; суммы 20000.00/0.00 KZT; транзакций 1, depth 2, seed=нет"
100000006122699100,consolidator,0.5,6,0.3363,"consolidator: вход. рёбер 2, исход. 0; суммы 45865.00/0.00 KZT; транзакций 2, depth 2, seed=нет"
100000008254069100,distributor,1.0,47,0.731945,"distributor: вход. рёбер 1, исход. 5; суммы 10200.00/107500.00 KZT; транзакций 8, depth 2, seed=нет"
100000003336565100,terminal,0.75,27,0.40711,"terminal: вход. рёбер 1, исход. 0; суммы 16550.00/0.00 KZT; транзакций 1, depth 2, seed=нет"
100000002492277100,terminal,0.75,3,0.438364,"terminal: вход. рёбер 1, исход. 0; суммы 138500.00/0.00 KZT; транзакций 1, depth 2, seed=нет"
100000001339466100,terminal,0.75,3,0.41586,"terminal: вход. рёбер 1, исход. 0; суммы 30000.00/0.00 KZT; транзакций 1, depth 2, seed=нет"
100000005022964100,terminal,0.75,3,0.409895,"terminal: вход. рёбер 1, исход. 0; суммы 20000.00/0.00 KZT; транзакций 1, depth 2, seed=нет"
100000003112436100,terminal,0.75,4,0.433573,"terminal: вход. рёбер 1, исход. 0; суммы 100000.00/0.00 KZT; транзакций 1, depth 2, seed=нет"
100000000489417100,coordinator,0.5,0,0.557462,"coordinator: вход. рёбер 3, исход. 1; суммы 73504.00/80000.00 KZT; транзакций 4, depth 2, seed=нет"
100000002217161100,distributor,0.9834534898085238,36,0.767665,"distributor: вход. рёбер 2, исход. 7; суммы 404750.00/995132.00 KZT; транзакций 34, depth 2, seed=нет"
100000002469065100,terminal,0.75,4,0.44377,"terminal: вход. рёбер 1, исход. 0; суммы 200000.00/0.00 KZT; транзакций 1, depth 2, seed=нет"
100000007337374100,terminal,0.75,27,0.409895,"terminal: вход. рёбер 1, исход. 0; суммы 20000.00/0.00 KZT; транзакций 2, depth 2, seed=нет"
100000003249054100,consolidator,1.0,3,0.565045,"consolidator: вход. рёбер 7, исход. 1; суммы 99700.00/15000.00 KZT; транзакций 12, depth 2, seed=нет"
100000003024542100,terminal,0.75,3,0.397308,"terminal: вход. рёбер 1, исход. 0; суммы 8500.00/0.00 KZT; транзакций 1, depth 2, seed=нет"
100000002718366100,consolidator,1.0,40,0.57705,"consolidator: вход. рёбер 6, исход. 0; суммы 2525000.00/0.00 KZT; транзакций 10, depth 2, seed=нет"
100000005059998100,terminal,0.75,0,0.408345,"terminal: вход. рёбер 1, исход. 0; суммы 18000.00/0.00 KZT; транзакций 1, depth 2, seed=нет"
100000004071070100,consolidator,0.5,0,0.367623,"consolidator: вход. рёбер 2, исход. 1; суммы 41000.00/6000.00 KZT; транзакций 6, depth 2, seed=нет"
100000001584286100,consolidator,0.5,21,0.377187,"consolidator: вход. рёбер 2, исход. 0; суммы 738699.00/0.00 KZT; транзакций 3, depth 2, seed=нет"
100000008701256100,terminal,0.75,0,0.425622,"terminal: вход. рёбер 1, исход. 0; суммы 58250.00/0.00 KZT; транзакций 1, depth 2, seed=нет"
100000001490461100,peripheral,0.35,15,0.324873,"peripheral: вход. рёбер 1, исход. 1; суммы 20000.00/5000.00 KZT; транзакций 2, depth 2, seed=нет"
100000008531186100,terminal,0.75,3,0.436856,"terminal: вход. рёбер 1, исход. 0; суммы 125000.00/0.00 KZT; транзакций 1, depth 2, seed=нет"
100000004765639100,distributor,0.5,0,0.522502,"distributor: вход. рёбер 1, исход. 2; суммы 5000.00/11000.00 KZT; транзакций 3, depth 2, seed=нет"
100000002983879100,consolidator,0.5,3,0.357969,"consolidator: вход. рёбер 2, исход. 0; суммы 200050.00/0.00 KZT; транзакций 2, depth 2, seed=нет"
100000008734364100,terminal,0.75,27,0.413868,"terminal: вход. рёбер 1, исход. 0; суммы 26200.00/0.00 KZT; транзакций 1, depth 2, seed=нет"
100000003192220100,terminal,0.75,4,0.426058,"terminal: вход. рёбер 1, исход. 0; суммы 60000.00/0.00 KZT; транзакций 2, depth 2, seed=нет"
100000008060273100,terminal,0.75,3,0.399699,"terminal: вход. рёбер 1, исход. 0; суммы 10000.00/0.00 KZT; транзакций 2, depth 2, seed=нет"
100000008205937100,terminal,0.75,10,0.418128,"terminal: вход. рёбер 1, исход. 0; суммы 35000.00/0.00 KZT; транзакций 3, depth 2, seed=нет"
100000005507142100,distributor,0.75,23,0.64811,"distributor: вход. рёбер 3, исход. 3; суммы 51000.00/100000.00 KZT; транзакций 7, depth 2, seed=нет"
100000005539910100,peripheral,0.35,3,0.343264,"peripheral: вход. рёбер 1, исход. 2; суммы 102000.00/22000.00 KZT; транзакций 3, depth 2, seed=нет"
100000002459163100,terminal,0.75,37,0.410027,"terminal: вход. рёбер 1, исход. 0; суммы 20180.00/0.00 KZT; транзакций 1, depth 2, seed=нет"
100000004666651100,terminal,0.75,72,0.455006,"terminal: вход. рёбер 1, исход. 0; суммы 429250.00/0.00 KZT; транзакций 1, depth 2, seed=нет"
100000003927792100,terminal,0.75,4,0.403634,"terminal: вход. рёбер 1, исход. 0; суммы 13067.00/0.00 KZT; транзакций 1, depth 2, seed=нет"
100000000607941100,transit,0.75,4,0.639645,"transit: вход. рёбер 2, исход. 1; суммы 50000.00/70000.00 KZT; транзакций 7, depth 2, seed=нет"
100000004158362100,terminal,0.75,0,0.402381,"terminal: вход. рёбер 1, исход. 0; суммы 12000.00/0.00 KZT; транзакций 1, depth 2, seed=нет"
100000005664922100,distributor,0.75,18,0.665671,"distributor: вход. рёбер 2, исход. 3; суммы 22000.00/537000.00 KZT; транзакций 6, depth 2, seed=нет"
100000007594394100,coordinator,0.875,0,0.740898,"coordinator: вход. рёбер 6, исход. 1; суммы 395385.00/3376312.00 KZT; транзакций 46, depth 2, seed=нет"
100000000979567100,terminal,0.75,27,0.399699,"terminal: вход. рёбер 1, исход. 0; суммы 10000.00/0.00 KZT; транзакций 1, depth 2, seed=нет"
100000002831727100,peripheral,0.35,41,0.492526,"peripheral: вход. рёбер 1, исход. 1; суммы 6000.00/77000.00 KZT; транзакций 4, depth 2, seed=нет"
100000003062895100,consolidator,0.5,40,0.365263,"consolidator: вход. рёбер 2, исход. 0; суммы 328444.00/0.00 KZT; транзакций 2, depth 2, seed=нет"
100000008376089100,terminal,0.75,31,0.437988,"terminal: вход. рёбер 1, исход. 0; суммы 135000.00/0.00 KZT; транзакций 1, depth 2, seed=нет"
100000003219438100,terminal,0.75,0,0.41681,"terminal: вход. рёбер 1, исход. 0; суммы 32000.00/0.00 KZT; транзакций 1, depth 2, seed=нет"
100000000967918100,terminal,0.75,0,0.410753,"terminal: вход. рёбер 1, исход. 0; суммы 21200.00/0.00 KZT; транзакций 3, depth 2, seed=нет"
100000003254723100,terminal,0.75,3,0.448177,"terminal: вход. рёбер 1, исход. 0; суммы 269850.00/0.00 KZT; транзакций 6, depth 2, seed=нет"
100000003823811100,distributor,0.75,47,0.638077,"distributor: вход. рёбер 1, исход. 3; суммы 30000.00/66130.00 KZT; транзакций 4, depth 2, seed=нет"
100000008587459100,distributor,0.5,0,0.58295,"distributor: вход. рёбер 2, исход. 2; суммы 181507.00/686500.00 KZT; транзакций 6, depth 2, seed=нет"
100000008603331100,distributor,1.0,40,0.763181,"distributor: вход. рёбер 2, исход. 6; суммы 39500.00/741774.00 KZT; транзакций 9, depth 2, seed=нет"
100000008758168100,distributor,1.0,44,0.772115,"distributor: вход. рёбер 2, исход. 5; суммы 75410.00/1533600.00 KZT; транзакций 7, depth 2, seed=нет"
100000003724440100,consolidator,0.5,0,0.33757,"consolidator: вход. рёбер 2, исход. 0; суммы 50000.00/0.00 KZT; транзакций 2, depth 2, seed=нет"
100000000291906100,coordinator,0.5,5,0.582535,"coordinator: вход. рёбер 2, исход. 2; суммы 388000.00/455854.00 KZT; транзакций 9, depth 2, seed=нет"
100000005077484100,peripheral,0.35,24,0.322267,"peripheral: вход. рёбер 1, исход. 2; суммы 150000.00/13550.00 KZT; транзакций 3, depth 2, seed=нет"
100000004192107100,terminal,0.75,3,0.413178,"terminal: вход. рёбер 1, исход. 0; суммы 25000.00/0.00 KZT; транзакций 1, depth 2, seed=нет"
100000002193259100,coordinator,0.625,6,0.59746,"coordinator: вход. рёбер 2, исход. 3; суммы 48000.00/58000.00 KZT; транзакций 5, depth 2, seed=нет"
100000005481280100,distributor,0.6116207951070336,4,0.58743,"distributor: вход. рёбер 1, исход. 3; суммы 32700.00/50000.00 KZT; транзакций 4, depth 2, seed=нет"
100000004527381100,peripheral,0.35,4,0.51541,"peripheral: вход. рёбер 1, исход. 1; суммы 119333.17/273866.11 KZT; транзакций 2, depth 2, seed=нет"
100000001578517100,terminal,0.75,4,0.41586,"terminal: вход. рёбер 1, исход. 0; суммы 30000.00/0.00 KZT; транзакций 1, depth 2, seed=нет"
100000003741418100,consolidator,1.0,8,0.601861,"consolidator: вход. рёбер 9, исход. 3; суммы 151900.00/39920.00 KZT; транзакций 16, depth 2, seed=нет"
100000008737514100,terminal,0.75,4,0.431182,"terminal: вход. рёбер 1, исход. 0; суммы 85000.00/0.00 KZT; транзакций 1, depth 2, seed=нет"
100000002870463100,consolidator,0.75,2,0.459717,"consolidator: вход. рёбер 3, исход. 1; суммы 207000.00/10000.00 KZT; транзакций 5, depth 2, seed=нет"
100000008545727100,distributor,1.0,15,0.774533,"distributor: вход. рёбер 1, исход. 6; суммы 30000.00/1866500.00 KZT; транзакций 8, depth 2, seed=нет"
100000000425407100,terminal,0.75,3,0.409895,"terminal: вход. рёбер 1, исход. 0; суммы 20000.00/0.00 KZT; транзакций 1, depth 2, seed=нет"
100000001418900100,terminal,0.75,27,0.420144,"terminal: вход. рёбер 1, исход. 0; суммы 40140.00/0.00 KZT; транзакций 2, depth 2, seed=нет"
100000001677929100,distributor,0.5,2,0.573713,"distributor: вход. рёбер 3, исход. 2; суммы 126777.00/286098.00 KZT; транзакций 7, depth 2, seed=нет"
100000002539625100,terminal,0.75,40,0.432772,"terminal: вход. рёбер 1, исход. 0; суммы 94700.00/0.00 KZT; транзакций 1, depth 2, seed=нет"
100000001965374100,distributor,0.7005887300252313,18,0.680139,"distributor: вход. рёбер 2, исход. 3; суммы 1759720.00/3082100.00 KZT; транзакций 13, depth 2, seed=нет"
100000001287955100,distributor,1.0,21,0.745306,"distributor: вход. рёбер 1, исход. 4; суммы 17520.00/310000.00 KZT; транзакций 6, depth 2, seed=нет"
100000005402643100,transit,0.75,2,0.587565,"transit: вход. рёбер 1, исход. 1; суммы 127800.00/90000.00 KZT; транзакций 2, depth 2, seed=нет"
100000008752616100,distributor,1.0,40,0.772698,"distributor: вход. рёбер 2, исход. 7; суммы 64510.00/1265000.00 KZT; транзакций 9, depth 2, seed=нет"
100000000733373100,terminal,0.75,4,0.400708,"terminal: вход. рёбер 1, исход. 0; суммы 10710.00/0.00 KZT; транзакций 1, depth 2, seed=нет"
100000008531133100,distributor,0.75,4,0.64757,"distributor: вход. рёбер 1, исход. 3; суммы 25000.00/158271.68 KZT; транзакций 4, depth 2, seed=нет"
100000005933757100,distributor,0.9639255216693419,38,0.826316,"distributor: вход. рёбер 4, исход. 34; суммы 1246000.00/3002628.00 KZT; транзакций 52, depth 2, seed=нет"
100000006490557100,terminal,0.75,2,0.389502,"terminal: вход. рёбер 1, исход. 0; суммы 5000.00/0.00 KZT; транзакций 1, depth 2, seed=нет"
100000008497298100,terminal,0.75,2,0.459933,"terminal: вход. рёбер 1, исход. 0; суммы 600000.00/0.00 KZT; транзакций 1, depth 2, seed=нет"
100000005168487100,peripheral,0.35,9,0.497766,"peripheral: вход. рёбер 1, исход. 1; суммы 15000.00/103510.00 KZT; транзакций 15, depth 2, seed=нет"
100000005799271100,terminal,0.75,9,0.421825,"terminal: вход. рёбер 1, исход. 0; суммы 45000.00/0.00 KZT; транзакций 2, depth 2, seed=нет"
100000000912487100,terminal,0.75,3,0.399699,"terminal: вход. рёбер 1, исход. 0; суммы 10000.00/0.00 KZT; транзакций 1, depth 2, seed=нет"
100000007982908100,terminal,0.75,27,0.416381,"terminal: вход. рёбер 1, исход. 0; суммы 31080.00/0.00 KZT; транзакций 1, depth 2, seed=нет"
100000005413948100,consolidator,0.5,40,0.36869,"consolidator: вход. рёбер 2, исход. 1; суммы 28215.00/5000.00 KZT; транзакций 3, depth 2, seed=нет"
100000000724540100,transit,0.75,33,0.641233,"transit: вход. рёбер 1, исход. 1; суммы 50000.00/100000.00 KZT; транзакций 2, depth 2, seed=нет"
100000005730108100,terminal,0.75,0,0.396416,"terminal: вход. рёбер 1, исход. 0; суммы 8000.00/0.00 KZT; транзакций 1, depth 2, seed=нет"
100000002566204100,terminal,0.75,15,0.430437,"terminal: вход. рёбер 1, исход. 0; суммы 80805.00/0.00 KZT; транзакций 1, depth 2, seed=нет"
100000000625169100,terminal,0.75,27,0.399699,"terminal: вход. рёбер 1, исход. 0; суммы 10000.00/0.00 KZT; транзакций 1, depth 2, seed=нет"
100000001114385100,terminal,0.75,3,0.415613,"terminal: вход. рёбер 1, исход. 0; суммы 29500.00/0.00 KZT; транзакций 1, depth 2, seed=нет"
100000002964966100,terminal,0.75,3,0.44377,"terminal: вход. рёбер 1, исход. 0; суммы 200000.00/0.00 KZT; транзакций 1, depth 2, seed=нет"
100000008771814100,terminal,0.75,27,0.412392,"terminal: вход. рёбер 1, исход. 0; суммы 23700.00/0.00 KZT; транзакций 1, depth 2, seed=нет"
100000001241318100,terminal,0.75,0,0.424233,"terminal: вход. рёбер 1, исход. 0; суммы 53000.00/0.00 KZT; транзакций 1, depth 2, seed=нет"
100000001250022100,terminal,0.75,2,0.423375,"terminal: вход. рёбер 1, исход. 0; суммы 50000.00/0.00 KZT; транзакций 1, depth 2, seed=нет"
100000006534886100,peripheral,0.35,4,0.508098,"peripheral: вход. рёбер 1, исход. 1; суммы 71700.00/167500.00 KZT; транзакций 13, depth 2, seed=нет"
100000008655035100,terminal,0.75,2,0.41586,"terminal: вход. рёбер 1, исход. 0; суммы 30000.00/0.00 KZT; транзакций 1, depth 2, seed=нет"
100000005932987100,terminal,0.75,0,0.413178,"terminal: вход. рёбер 1, исход. 0; суммы 25000.00/0.00 KZT; транзакций 3, depth 2, seed=нет"
100000008636603100,distributor,1.0,6,0.74275,"distributor: вход. рёбер 2, исход. 6; суммы 35460.00/159375.00 KZT; транзакций 9, depth 2, seed=нет"
100000008710843100,distributor,1.0,44,0.789017,"distributor: вход. рёбер 2, исход. 13; суммы 33944.00/1985500.00 KZT; транзакций 17, depth 2, seed=нет"
100000000917179100,terminal,0.75,38,0.432735,"terminal: вход. рёбер 1, исход. 0; суммы 94465.00/0.00 KZT; транзакций 2, depth 2, seed=нет"
100000004209339100,distributor,0.5,9,0.568986,"distributor: вход. рёбер 1, исход. 2; суммы 138500.00/238500.00 KZT; транзакций 17, depth 2, seed=нет"
100000008765627100,terminal,0.75,2,0.426058,"terminal: вход. рёбер 1, исход. 0; суммы 60000.00/0.00 KZT; транзакций 1, depth 2, seed=нет"
100000002443664100,consolidator,0.75,21,0.462226,"consolidator: вход. рёбер 3, исход. 0; суммы 556880.00/0.00 KZT; транзакций 3, depth 2, seed=нет"
100000008144528100,consolidator,1.0,4,0.562698,"consolidator: вход. рёбер 5, исход. 0; суммы 1068202.60/0.00 KZT; транзакций 13, depth 2, seed=нет"
100000003988112100,transit,0.75,47,0.58094,"transit: вход. рёбер 1, исход. 1; суммы 92000.00/64000.00 KZT; транзакций 7, depth 2, seed=нет"
100000008008463100,terminal,0.75,2,0.424556,"terminal: вход. рёбер 1, исход. 0; суммы 54180.00/0.00 KZT; транзакций 1, depth 2, seed=нет"
100000006679055100,terminal,0.75,3,0.413178,"terminal: вход. рёбер 1, исход. 0; суммы 25000.00/0.00 KZT; транзакций 1, depth 2, seed=нет"
100000007382543100,distributor,0.7834862385321101,13,0.684581,"distributor: вход. рёбер 3, исход. 5; суммы 218000.00/427000.00 KZT; транзакций 11, depth 2, seed=нет"
100000007749092100,peripheral,0.35,4,0.491617,"peripheral: вход. рёбер 1, исход. 1; суммы 7650.00/70375.00 KZT; транзакций 6, depth 2, seed=нет"
100000004221668100,consolidator,0.6170294214152904,46,0.569859,"consolidator: вход. рёбер 4, исход. 3; суммы 1128300.00/731440.00 KZT; транзакций 18, depth 2, seed=нет"
100000008174521100,terminal,0.75,4,0.430673,"terminal: вход. рёбер 1, исход. 0; суммы 82110.00/0.00 KZT; транзакций 1, depth 2, seed=нет"
100000002692750100,consolidator,0.5861298701298702,2,0.527221,"consolidator: вход. рёбер 3, исход. 1; суммы 112830.00/77000.00 KZT; транзакций 11, depth 2, seed=нет"
100000002173070100,terminal,0.75,4,0.41586,"terminal: вход. рёбер 1, исход. 0; суммы 30000.00/0.00 KZT; транзакций 1, depth 2, seed=нет"
100000005911352100,distributor,0.64,16,0.588,"distributor: вход. рёбер 2, исход. 3; суммы 15000.00/24000.00 KZT; транзакций 5, depth 2, seed=нет"
100000003068941100,consolidator,0.75,0,0.494408,"consolidator: вход. рёбер 3, исход. 1; суммы 94000.00/25000.00 KZT; транзакций 5, depth 2, seed=нет"
100000001420847100,terminal,0.75,41,0.409895,"terminal: вход. рёбер 1, исход. 0; суммы 20000.00/0.00 KZT; транзакций 2, depth 2, seed=нет"
100000005602999100,distributor,0.5,9,0.526503,"distributor: вход. рёбер 1, исход. 2; суммы 5000.00/16000.00 KZT; транзакций 4, depth 2, seed=нет"
100000000723383100,distributor,0.5,30,0.546507,"distributor: вход. рёбер 1, исход. 2; суммы 6800.00/75000.00 KZT; транзакций 3, depth 2, seed=нет"
100000006977207100,distributor,1.0,33,0.80273,"distributor: вход. рёбер 1, исход. 15; суммы 414000.00/4157018.00 KZT; транзакций 16, depth 2, seed=нет"
100000001273783100,terminal,0.75,15,0.412079,"terminal: вход. рёбер 1, исход. 0; суммы 23200.00/0.00 KZT; транзакций 1, depth 2, seed=нет"
100000000201868100,transit,0.75,4,0.654908,"transit: вход. рёбер 1, исход. 1; суммы 190000.00/190000.00 KZT; транзакций 2, depth 2, seed=нет"
100000007777377100,peripheral,0.35,4,0.323997,"peripheral: вход. рёбер 1, исход. 2; суммы 456290.00/10000.00 KZT; транзакций 9, depth 2, seed=нет"
100000004192865100,terminal,0.75,24,0.427607,"terminal: вход. рёбер 1, исход. 0; суммы 66666.00/0.00 KZT; транзакций 1, depth 2, seed=нет"
100000006901046100,peripheral,0.35,4,0.306734,"peripheral: вход. рёбер 1, исход. 1; суммы 75800.00/5500.00 KZT; транзакций 4, depth 2, seed=нет"
100000000437046100,distributor,1.0,0,0.871543,"distributor: вход. рёбер 9, исход. 42; суммы 1107200.00/7606224.00 KZT; транзакций 93, depth 2, seed=нет"
100000008765494100,terminal,0.75,27,0.412578,"terminal: вход. рёбер 1, исход. 0; суммы 24000.00/0.00 KZT; транзакций 1, depth 2, seed=нет"
100000008713270100,distributor,0.75,2,0.650257,"distributor: вход. рёбер 1, исход. 3; суммы 30000.00/190000.00 KZT; транзакций 4, depth 2, seed=нет"
100000003603979100,terminal,0.75,32,0.44094,"terminal: вход. рёбер 1, исход. 0; суммы 165000.00/0.00 KZT; транзакций 3, depth 2, seed=нет"
100000000943371100,terminal,0.75,10,0.406146,"terminal: вход. рёбер 1, исход. 0; суммы 15500.00/0.00 KZT; транзакций 1, depth 2, seed=нет"
100000008672480100,terminal,0.75,27,0.403558,"terminal: вход. рёбер 1, исход. 0; суммы 13000.00/0.00 KZT; транзакций 1, depth 2, seed=нет"
100000008691168100,terminal,0.75,27,0.412578,"terminal: вход. рёбер 1, исход. 0; суммы 24000.00/0.00 KZT; транзакций 1, depth 2, seed=нет"
100000003237045100,peripheral,0.35,4,0.406838,"peripheral: вход. рёбер 1, исход. 1; суммы 340200.00/150000.00 KZT; транзакций 3, depth 2, seed=нет"
100000008736394100,terminal,0.75,27,0.406613,"terminal: вход. рёбер 1, исход. 0; суммы 16000.00/0.00 KZT; транзакций 1, depth 2, seed=нет"
100000004160650100,distributor,1.0,32,0.780181,"distributor: вход. рёбер 2, исход. 10; суммы 75100.00/1489827.00 KZT; транзакций 44, depth 2, seed=нет"
100000000629812100,consolidator,0.5,29,0.325492,"consolidator: вход. рёбер 2, исход. 0; суммы 22000.00/0.00 KZT; транзакций 2, depth 2, seed=нет"
100000000955444100,terminal,0.75,20,0.394261,"terminal: вход. рёбер 1, исход. 0; суммы 6910.00/0.00 KZT; транзакций 1, depth 2, seed=нет"
100000008731444100,distributor,0.8016107517084283,0,0.708227,"distributor: вход. рёбер 3, исход. 9; суммы 439000.00/879767.80 KZT; транзакций 14, depth 2, seed=нет"
100000008413748100,distributor,1.0,25,0.792142,"distributor: вход. рёбер 2, исход. 18; суммы 26480.00/1377320.22 KZT; транзакций 23, depth 2, seed=нет"
100000006787636100,terminal,0.75,4,0.409895,"terminal: вход. рёбер 1, исход. 0; суммы 20000.00/0.00 KZT; транзакций 1, depth 2, seed=нет"
100000005942793100,consolidator,1.0,0,0.517362,"consolidator: вход. рёбер 4, исход. 0; суммы 55000.00/0.00 KZT; транзакций 4, depth 2, seed=нет"
100000008730846100,distributor,0.75,9,0.673037,"distributor: вход. рёбер 7, исход. 3; суммы 155042.00/363370.00 KZT; транзакций 15, depth 2, seed=нет"
100000002570206100,consolidator,0.5,25,0.355309,"consolidator: вход. рёбер 2, исход. 0; суммы 166959.60/0.00 KZT; транзакций 2, depth 2, seed=нет"
100000000785800100,transit,0.75,37,0.621033,"transit: вход. рёбер 1, исход. 1; суммы 19000.00/19000.00 KZT; транзакций 2, depth 2, seed=нет"
100000007382152100,terminal,0.75,0,0.391837,"terminal: вход. рёбер 1, исход. 0; суммы 5860.00/0.00 KZT; транзакций 1, depth 2, seed=нет"
100000000910216100,transit,0.75,0,0.584821,"transit: вход. рёбер 1, исход. 1; суммы 71000.00/52010.00 KZT; транзакций 4, depth 2, seed=нет"
100000003131016100,peripheral,0.35,0,0.381965,"peripheral: вход. рёбер 1, исход. 1; суммы 405700.00/126000.00 KZT; транзакций 11, depth 2, seed=нет"
100000003221384100,terminal,0.75,4,0.457576,"terminal: вход. рёбер 1, исход. 0; суммы 511200.00/0.00 KZT; транзакций 1, depth 2, seed=нет"
100000002156381100,consolidator,0.5,9,0.418161,"consolidator: вход. рёбер 2, исход. 1; суммы 61000.00/21800.00 KZT; транзакций 10, depth 2, seed=нет"
100000002779485100,terminal,0.75,1,0.432185,"terminal: вход. рёбер 1, исход. 0; суммы 91000.00/0.00 KZT; транзакций 2, depth 2, seed=нет"
100000008774237100,peripheral,0.35,32,0.327752,"peripheral: вход. рёбер 1, исход. 1; суммы 50000.00/10000.00 KZT; транзакций 2, depth 2, seed=нет"
100000002628146100,terminal,0.75,39,0.416103,"terminal: вход. рёбер 1, исход. 0; суммы 30500.00/0.00 KZT; транзакций 2, depth 2, seed=нет"
100000002852402100,terminal,0.75,4,0.424777,"terminal: вход. рёбер 1, исход. 0; суммы 55000.00/0.00 KZT; транзакций 1, depth 2, seed=нет"
100000006989106100,terminal,0.75,2,0.427007,"terminal: вход. рёбер 1, исход. 0; суммы 64000.00/0.00 KZT; транзакций 2, depth 2, seed=нет"
100000002958343100,peripheral,0.35,2,0.448125,"peripheral: вход. рёбер 1, исход. 2; суммы 2900000.00/1390000.00 KZT; транзакций 21, depth 2, seed=нет"
100000008461532100,distributor,1.0,12,0.786826,"distributor: вход. рёбер 2, исход. 8; суммы 565300.00/2530090.00 KZT; транзакций 11, depth 2, seed=нет"
100000004400305100,distributor,1.0,0,0.93059,"distributor: вход. рёбер 7, исход. 82; суммы 222800.00/5830181.00 KZT; транзакций 110, depth 2, seed=нет"
100000000297649100,transit,0.75,6,0.63675,"transit: вход. рёбер 1, исход. 1; суммы 40000.00/70600.00 KZT; транзакций 3, depth 2, seed=нет"
100000003191430100,terminal,0.75,4,0.44222,"terminal: вход. рёбер 1, исход. 0; суммы 180000.00/0.00 KZT; транзакций 1, depth 2, seed=нет"
100000003275398100,peripheral,0.35,32,0.325713,"peripheral: вход. рёбер 1, исход. 1; суммы 300000.00/20000.00 KZT; транзакций 2, depth 2, seed=нет"
100000005203590100,terminal,0.75,2,0.432023,"terminal: вход. рёбер 1, исход. 0; суммы 90000.00/0.00 KZT; транзакций 1, depth 2, seed=нет"
100000008672603100,terminal,0.75,3,0.410753,"terminal: вход. рёбер 1, исход. 0; суммы 21200.00/0.00 KZT; транзакций 1, depth 2, seed=нет"
100000000718427100,terminal,0.75,27,0.392184,"terminal: вход. рёбер 1, исход. 0; суммы 6000.00/0.00 KZT; транзакций 1, depth 2, seed=нет"
100000003104347100,peripheral,0.35,26,0.332706,"peripheral: вход. рёбер 1, исход. 1; суммы 418000.00/32000.00 KZT; транзакций 2, depth 2, seed=нет"
100000002974256100,terminal,0.75,6,0.394866,"terminal: вход. рёбер 1, исход. 0; суммы 7200.00/0.00 KZT; транзакций 1, depth 2, seed=нет"
100000007173936100,terminal,0.75,31,0.399699,"terminal: вход. рёбер 1, исход. 0; суммы 10000.00/0.00 KZT; транзакций 1, depth 2, seed=нет"
100000002744581100,terminal,0.75,2,0.402381,"terminal: вход. рёбер 1, исход. 0; суммы 12000.00/0.00 KZT; транзакций 1, depth 2, seed=нет"
100000000596954100,peripheral,0.35,3,0.38477,"peripheral: вход. рёбер 1, исход. 2; суммы 120000.00/48100.00 KZT; транзакций 3, depth 2, seed=нет"
100000004950490100,terminal,0.75,2,0.399699,"terminal: вход. рёбер 1, исход. 0; суммы 10000.00/0.00 KZT; транзакций 1, depth 2, seed=нет"
100000008772058100,terminal,0.75,27,0.423375,"terminal: вход. рёбер 1, исход. 0; суммы 50000.00/0.00 KZT; транзакций 1, depth 2, seed=нет"
100000000971908100,terminal,0.75,2,0.431858,"terminal: вход. рёбер 1, исход. 0; суммы 89000.00/0.00 KZT; транзакций 1, depth 2, seed=нет"
100000008687492100,terminal,0.75,27,0.405663,"terminal: вход. рёбер 1, исход. 0; суммы 15000.00/0.00 KZT; транзакций 1, depth 2, seed=нет"
100000003159641100,coordinator,0.625,43,0.610761,"coordinator: вход. рёбер 4, исход. 1; суммы 64000.00/197800.00 KZT; транзакций 8, depth 2, seed=нет"
100000005326681100,terminal,0.75,4,0.41645,"terminal: вход. рёбер 1, исход. 0; суммы 31228.00/0.00 KZT; транзакций 1, depth 2, seed=нет"
100000006888238100,transit,0.75,52,0.62447,"transit: вход. рёбер 1, исход. 1; суммы 18000.00/30000.00 KZT; транзакций 2, depth 2, seed=нет"
100000001290243100,terminal,0.75,4,0.399699,"terminal: вход. рёбер 1, исход. 0; суммы 10000.00/0.00 KZT; транзакций 1, depth 2, seed=нет"
100000008289539100,terminal,0.75,4,0.405577,"terminal: вход. рёбер 1, исход. 0; суммы 14912.00/0.00 KZT; транзакций 1, depth 2, seed=нет"
100000000821507100,terminal,0.75,31,0.453968,"terminal: вход. рёбер 1, исход. 0; суммы 400000.00/0.00 KZT; транзакций 1, depth 2, seed=нет"
100000003086040100,terminal,0.75,0,0.400416,"terminal: вход. рёбер 1, исход. 0; суммы 10500.00/0.00 KZT; транзакций 1, depth 2, seed=нет"
100000002969048100,terminal,0.75,2,0.434769,"terminal: вход. рёбер 1, исход. 0; суммы 108470.00/0.00 KZT; транзакций 1, depth 2, seed=нет"
100000002826669100,terminal,0.75,0,0.440478,"terminal: вход. рёбер 1, исход. 0; суммы 159900.00/0.00 KZT; транзакций 4, depth 2, seed=нет"
100000002293421100,coordinator,0.5,0,0.549277,"coordinator: вход. рёбер 2, исход. 2; суммы 41000.00/47000.00 KZT; транзакций 11, depth 2, seed=нет"
100000004732589100,terminal,0.75,15,0.445667,"terminal: вход. рёбер 1, исход. 0; суммы 227520.00/0.00 KZT; транзакций 1, depth 2, seed=нет"
100000003003821100,terminal,0.75,3,0.420093,"terminal: вход. рёбер 1, исход. 0; суммы 40000.00/0.00 KZT; транзакций 1, depth 2, seed=нет"
100000005237935150,terminal,0.75,21,0.41792,"terminal: вход. рёбер 1, исход. 0; суммы 34508.00/0.00 KZT; транзакций 1, depth 2, seed=нет"
100000004463277100,terminal,0.75,24,0.418128,"terminal: вход. рёбер 1, исход. 0; суммы 35000.00/0.00 KZT; транзакций 1, depth 2, seed=нет"
100000006523053100,terminal,0.75,3,0.389502,"terminal: вход. рёбер 1, исход. 0; суммы 5000.00/0.00 KZT; транзакций 1, depth 2, seed=нет"
100000001954903100,terminal,0.75,15,0.414374,"terminal: вход. рёбер 1, исход. 0; суммы 27118.00/0.00 KZT; транзакций 1, depth 2, seed=нет"
100000005328215100,terminal,0.75,15,0.41431,"terminal: вход. рёбер 1, исход. 0; суммы 27000.00/0.00 KZT; транзакций 1, depth 2, seed=нет"
100000004424023100,transit,0.75,2,0.641233,"transit: вход. рёбер 1, исход. 1; суммы 50000.00/100000.00 KZT; транзакций 2, depth 2, seed=нет"
100000002299948100,terminal,0.75,39,0.393917,"terminal: вход. рёбер 1, исход. 0; суммы 6750.00/0.00 KZT; транзакций 1, depth 2, seed=нет"
100000005105153100,terminal,0.75,0,0.41586,"terminal: вход. рёбер 1, исход. 0; суммы 30000.00/0.00 KZT; транзакций 1, depth 2, seed=нет"
100000001985793100,terminal,0.75,46,0.454686,"terminal: вход. рёбер 1, исход. 0; суммы 420000.00/0.00 KZT; транзакций 1, depth 2, seed=нет"
100000003134934100,consolidator,1.0,0,0.545773,"consolidator: вход. рёбер 4, исход. 0; суммы 379354.00/0.00 KZT; транзакций 4, depth 2, seed=нет"
100000006240939100,distributor,1.0,46,0.762481,"distributor: вход. рёбер 1, исход. 5; суммы 160000.00/778015.00 KZT; транзакций 6, depth 2, seed=нет"
100000008656043100,terminal,0.75,27,0.413868,"terminal: вход. рёбер 1, исход. 0; суммы 26200.00/0.00 KZT; транзакций 1, depth 2, seed=нет"
100000002605184100,terminal,0.75,4,0.438523,"terminal: вход. рёбер 1, исход. 0; суммы 140000.00/0.00 KZT; транзакций 1, depth 2, seed=нет"
100000003157333100,terminal,0.75,2,0.41586,"terminal: вход. рёбер 1, исход. 0; суммы 30000.00/0.00 KZT; транзакций 1, depth 2, seed=нет"
100000007898453100,distributor,0.5,83,0.567671,"distributor: вход. рёбер 1, исход. 2; суммы 24750.00/320000.00 KZT; транзакций 3, depth 2, seed=нет"
100000002710570100,terminal,0.75,34,0.445504,"terminal: вход. рёбер 1, исход. 0; суммы 225015.00/0.00 KZT; транзакций 1, depth 2, seed=нет"
100000004979498100,peripheral,0.35,56,0.384736,"peripheral: вход. рёбер 1, исход. 1; суммы 700000.00/200000.00 KZT; транзакций 3, depth 2, seed=нет"
100000001541418100,consolidator,0.5,2,0.347304,"consolidator: вход. рёбер 2, исход. 0; суммы 96900.00/0.00 KZT; транзакций 2, depth 2, seed=нет"
100000007797290100,peripheral,0.35,0,0.33795,"peripheral: вход. рёбер 1, исход. 1; суммы 100000.00/20000.00 KZT; транзакций 2, depth 2, seed=нет"
100000008683818100,terminal,0.75,27,0.407847,"terminal: вход. рёбер 1, исход. 0; суммы 17400.00/0.00 KZT; транзакций 1, depth 2, seed=нет"
100000006567935100,terminal,0.75,31,0.44377,"terminal: вход. рёбер 1, исход. 0; суммы 200000.00/0.00 KZT; транзакций 1, depth 2, seed=нет"
100000002132479100,transit,0.75,38,0.558404,"transit: вход. рёбер 1, исход. 1; суммы 30000.00/20000.00 KZT; транзакций 3, depth 2, seed=нет"
100000002170580100,terminal,0.75,15,0.439538,"terminal: вход. рёбер 1, исход. 0; суммы 150000.00/0.00 KZT; транзакций 1, depth 2, seed=нет"
100000001232297100,distributor,0.5,10,0.539265,"distributor: вход. рёбер 1, исход. 2; суммы 5000.00/45000.00 KZT; транзакций 3, depth 2, seed=нет"
100000002028158100,terminal,0.75,4,0.418044,"terminal: вход. рёбер 1, исход. 0; суммы 34800.00/0.00 KZT; транзакций 1, depth 2, seed=нет"
100000005519998100,coordinator,0.75,65,0.661295,"coordinator: вход. рёбер 3, исход. 3; суммы 182000.00/188000.00 KZT; транзакций 13, depth 2, seed=нет"
100000002335358100,terminal,0.75,4,0.438523,"terminal: вход. рёбер 1, исход. 0; суммы 140000.00/0.00 KZT; транзакций 2, depth 2, seed=нет"
100000007289427100,terminal,0.75,3,0.402744,"terminal: вход. рёбер 1, исход. 0; суммы 12300.00/0.00 KZT; транзакций 1, depth 2, seed=нет"
100000004592467100,terminal,0.75,3,0.394452,"terminal: вход. рёбер 1, исход. 0; суммы 7000.00/0.00 KZT; транзакций 1, depth 2, seed=нет"
100000004993576100,terminal,0.75,4,0.441117,"terminal: вход. рёбер 1, исход. 0; суммы 167000.00/0.00 KZT; транзакций 1, depth 2, seed=нет"
100000001648936100,terminal,0.75,2,0.432464,"terminal: вход. рёбер 1, исход. 0; суммы 92740.00/0.00 KZT; транзакций 1, depth 2, seed=нет"
100000008512552100,distributor,1.0,25,0.77798,"distributor: вход. рёбер 4, исход. 6; суммы 394360.00/1302275.00 KZT; транзакций 20, depth 2, seed=нет"
100000007629096100,consolidator,0.562029782868643,0,0.559753,"consolidator: вход. рёбер 4, исход. 1; суммы 1075170.00/765205.00 KZT; транзакций 10, depth 2, seed=нет"
100000001601320100,transit,0.75,2,0.635363,"transit: вход. рёбер 2, исход. 1; суммы 43500.00/46200.00 KZT; транзакций 3, depth 2, seed=нет"
100000005782781100,distributor,1.0,2,0.78569,"distributor: вход. рёбер 6, исход. 10; суммы 171888.00/1263597.00 KZT; транзакций 20, depth 2, seed=нет"
100000002723538100,distributor,1.0,3,0.7727,"distributor: вход. рёбер 3, исход. 12; суммы 105647.00/560499.00 KZT; транзакций 17, depth 2, seed=нет"
100000002340562100,terminal,0.75,2,0.418806,"terminal: вход. рёбер 1, исход. 0; суммы 36650.00/0.00 KZT; транзакций 2, depth 2, seed=нет"
100000005939154100,terminal,0.75,4,0.411297,"terminal: вход. рёбер 1, исход. 0; суммы 22000.00/0.00 KZT; транзакций 2, depth 2, seed=нет"
100000004386258100,consolidator,0.617,6,0.525405,"consolidator: вход. рёбер 3, исход. 3; суммы 61700.00/40000.00 KZT; транзакций 6, depth 2, seed=нет"
100000008406609100,terminal,0.75,47,0.417702,"terminal: вход. рёбер 1, исход. 0; суммы 34000.00/0.00 KZT; транзакций 1, depth 2, seed=нет"
100000007242833100,peripheral,0.35,6,0.385197,"peripheral: вход. рёбер 1, исход. 1; суммы 107500.00/45000.00 KZT; транзакций 5, depth 2, seed=нет"
100000004698193100,consolidator,0.5,2,0.401076,"consolidator: вход. рёбер 2, исход. 3; суммы 222700.00/38000.00 KZT; транзакций 20, depth 2, seed=нет"
100000002733905100,distributor,0.5,27,0.583769,"distributor: вход. рёбер 3, исход. 2; суммы 100000.00/717839.00 KZT; транзакций 8, depth 2, seed=нет"
100000006912294100,distributor,0.5,2,0.534569,"distributor: вход. рёбер 1, исход. 2; суммы 6335.09/30000.00 KZT; транзакций 3, depth 2, seed=нет"
100000003036198100,terminal,0.75,3,0.405663,"terminal: вход. рёбер 1, исход. 0; суммы 15000.00/0.00 KZT; транзакций 1, depth 2, seed=нет"
100000004687099100,terminal,0.75,2,0.41586,"terminal: вход. рёбер 1, исход. 0; суммы 30000.00/0.00 KZT; транзакций 1, depth 2, seed=нет"
100000005242320100,distributor,1.0,21,0.825047,"distributor: вход. рёбер 2, исход. 21; суммы 365700.00/8936295.00 KZT; транзакций 31, depth 2, seed=нет"
100000008762832100,transit,0.75,3,0.561171,"transit: вход. рёбер 1, исход. 1; суммы 150000.00/85000.00 KZT; транзакций 5, depth 2, seed=нет"
100000002489253100,terminal,0.75,4,0.423667,"terminal: вход. рёбер 1, исход. 0; суммы 51000.00/0.00 KZT; транзакций 1, depth 2, seed=нет"
100000004756901100,terminal,0.75,4,0.439853,"terminal: вход. рёбер 1, исход. 0; суммы 153248.00/0.00 KZT; транзакций 1, depth 2, seed=нет"
100000008749989100,terminal,0.75,27,0.406613,"terminal: вход. рёбер 1, исход. 0; суммы 16000.00/0.00 KZT; транзакций 1, depth 2, seed=нет"
100000001380986100,terminal,0.75,2,0.428361,"terminal: вход. рёбер 1, исход. 0; суммы 70170.00/0.00 KZT; транзакций 1, depth 2, seed=нет"
100000003089018100,terminal,0.75,2,0.445826,"terminal: вход. рёбер 1, исход. 0; суммы 230000.00/0.00 KZT; транзакций 1, depth 2, seed=нет"
100000008742266100,terminal,0.75,27,0.410613,"terminal: вход. рёбер 1, исход. 0; суммы 21000.00/0.00 KZT; транзакций 1, depth 2, seed=нет"
100000003044431100,consolidator,0.5,0,0.340252,"consolidator: вход. рёбер 2, исход. 0; суммы 60000.00/0.00 KZT; транзакций 2, depth 2, seed=нет"
100000003321423100,terminal,0.75,9,0.433573,"terminal: вход. рёбер 1, исход. 0; суммы 100000.00/0.00 KZT; транзакций 2, depth 2, seed=нет"
100000002540623100,terminal,0.75,15,0.433573,"terminal: вход. рёбер 1, исход. 0; суммы 100000.00/0.00 KZT; транзакций 1, depth 2, seed=нет"
100000004225615100,terminal,0.75,2,0.432023,"terminal: вход. рёбер 1, исход. 0; суммы 90000.00/0.00 KZT; транзакций 2, depth 2, seed=нет"
100000004820260100,coordinator,0.5,4,0.557173,"coordinator: вход. рёбер 1, исход. 3; суммы 234200.00/215350.00 KZT; транзакций 22, depth 2, seed=нет"
100000000795129100,terminal,0.75,4,0.451226,"terminal: вход. рёбер 1, исход. 0; суммы 332000.00/0.00 KZT; транзакций 1, depth 2, seed=нет"
100000008213966100,coordinator,0.5,13,0.578092,"coordinator: вход. рёбер 3, исход. 1; суммы 187004.00/436900.00 KZT; транзакций 15, depth 2, seed=нет"
100000008478414100,terminal,0.75,27,0.399699,"terminal: вход. рёбер 1, исход. 0; суммы 10000.00/0.00 KZT; транзакций 1, depth 2, seed=нет"
100000001330595100,coordinator,0.5,32,0.564098,"coordinator: вход. рёбер 3, исход. 1; суммы 87000.00/154000.00 KZT; транзакций 7, depth 2, seed=нет"
100000000076451100,consolidator,0.6048758620689655,4,0.530745,"consolidator: вход. рёбер 3, исход. 4; суммы 87707.00/58000.00 KZT; транзакций 8, depth 2, seed=нет"
100000005664632100,terminal,0.75,72,0.443668,"terminal: вход. рёбер 1, исход. 0; суммы 198620.00/0.00 KZT; транзакций 18, depth 2, seed=нет"
100000002457464100,terminal,0.75,3,0.427603,"terminal: вход. рёбер 1, исход. 0; суммы 66647.00/0.00 KZT; транзакций 1, depth 2, seed=нет"
100000002757240100,terminal,0.75,3,0.423719,"terminal: вход. рёбер 1, исход. 0; суммы 51183.00/0.00 KZT; транзакций 1, depth 2, seed=нет"
100000003718221100,coordinator,0.75,26,0.672144,"coordinator: вход. рёбер 2, исход. 4; суммы 350000.00/423500.00 KZT; транзакций 14, depth 2, seed=нет"
100000008629581100,terminal,0.75,3,0.424558,"terminal: вход. рёбер 1, исход. 0; суммы 54184.00/0.00 KZT; транзакций 1, depth 2, seed=нет"
100000004806903100,terminal,0.75,3,0.408345,"terminal: вход. рёбер 1, исход. 0; суммы 18000.00/0.00 KZT; транзакций 1, depth 2, seed=нет"
100000000913911100,transit,0.75,3,0.671792,"transit: вход. рёбер 2, исход. 1; суммы 467000.00/600000.00 KZT; транзакций 3, depth 2, seed=нет"
100000004905207100,terminal,0.75,38,0.453213,"terminal: вход. рёбер 1, исход. 0; суммы 380000.00/0.00 KZT; транзакций 1, depth 2, seed=нет"
100000003831201100,terminal,0.75,0,0.420275,"terminal: вход. рёбер 1, исход. 0; суммы 40500.00/0.00 KZT; транзакций 3, depth 2, seed=нет"
100000003073398100,terminal,0.75,2,0.432499,"terminal: вход. рёбер 1, исход. 0; суммы 92960.00/0.00 KZT; транзакций 1, depth 2, seed=нет"
100000008418934100,terminal,0.75,2,0.452418,"terminal: вход. рёбер 1, исход. 0; суммы 360000.00/0.00 KZT; транзакций 1, depth 2, seed=нет"
100000002741024100,consolidator,0.7521853196287722,0,0.594837,"consolidator: вход. рёбер 5, исход. 6; суммы 817980.85/434989.00 KZT; транзакций 16, depth 2, seed=нет"
100000008106997100,consolidator,0.5,0,0.456715,"consolidator: вход. рёбер 2, исход. 1; суммы 35600.00/20600.00 KZT; транзакций 3, depth 2, seed=нет"
100000007998965100,consolidator,1.0,15,0.56461,"consolidator: вход. рёбер 5, исход. 1; суммы 278000.00/26000.00 KZT; транзакций 10, depth 2, seed=нет"
100000001822623100,terminal,0.75,26,0.443866,"terminal: вход. рёбер 1, исход. 0; суммы 201300.00/0.00 KZT; транзакций 1, depth 2, seed=нет"
100000006424479100,peripheral,0.35,10,0.414005,"peripheral: вход. рёбер 1, исход. 2; суммы 500000.00/220000.00 KZT; транзакций 5, depth 2, seed=нет"
100000008696692100,terminal,0.75,27,0.409141,"terminal: вход. рёбер 1, исход. 0; суммы 19000.00/0.00 KZT; транзакций 1, depth 2, seed=нет"
100000002748532100,distributor,0.5,44,0.586761,"distributor: вход. рёбер 3, исход. 2; суммы 355575.00/646685.00 KZT; транзакций 10, depth 2, seed=нет"
100000004456564100,terminal,0.75,38,0.399699,"terminal: вход. рёбер 1, исход. 0; суммы 10000.00/0.00 KZT; транзакций 2, depth 2, seed=нет"
100000001530740100,terminal,0.75,4,0.405663,"terminal: вход. рёбер 1, исход. 0; суммы 15000.00/0.00 KZT; транзакций 1, depth 2, seed=нет"
100000001386612100,terminal,0.75,47,0.426602,"terminal: вход. рёбер 1, исход. 0; суммы 62264.00/0.00 KZT; транзакций 1, depth 2, seed=нет"
100000003360542100,consolidator,0.5,9,0.403039,"consolidator: вход. рёбер 2, исход. 2; суммы 317000.00/51800.00 KZT; транзакций 8, depth 2, seed=нет"
100000008352542100,terminal,0.75,3,0.42344,"terminal: вход. рёбер 1, исход. 0; суммы 50220.00/0.00 KZT; транзакций 1, depth 2, seed=нет"
100000001138376100,terminal,0.75,4,0.405955,"terminal: вход. рёбер 1, исход. 0; суммы 15300.00/0.00 KZT; транзакций 1, depth 2, seed=нет"
100000003246024100,peripheral,0.35,0,0.317555,"peripheral: вход. рёбер 1, исход. 1; суммы 25000.00/5000.00 KZT; транзакций 2, depth 2, seed=нет"
100000002680477100,terminal,0.75,21,0.413178,"terminal: вход. рёбер 1, исход. 0; суммы 25000.00/0.00 KZT; транзакций 1, depth 2, seed=нет"
100000005882013100,consolidator,0.5,10,0.369744,"consolidator: вход. рёбер 2, исход. 1; суммы 135000.00/10000.00 KZT; транзакций 4, depth 2, seed=нет"
100000005665181100,distributor,1.0,8,0.756889,"distributor: вход. рёбер 4, исход. 11; суммы 45498.00/181915.00 KZT; транзакций 16, depth 2, seed=нет"
100000008141170100,terminal,0.75,4,0.401101,"terminal: вход. рёбер 1, исход. 0; суммы 11000.00/0.00 KZT; транзакций 1, depth 2, seed=нет"
100000001382002100,transit,0.75,0,0.636869,"transit: вход. рёбер 1, исход. 1; суммы 55000.00/56500.00 KZT; транзакций 5, depth 2, seed=нет"
100000002481735100,terminal,0.75,4,0.411586,"terminal: вход. рёбер 1, исход. 0; суммы 22436.00/0.00 KZT; транзакций 2, depth 2, seed=нет"
100000000806727100,peripheral,0.35,3,0.307292,"peripheral: вход. рёбер 1, исход. 1; суммы 45000.00/5000.00 KZT; транзакций 2, depth 2, seed=нет"
100000003039473100,terminal,0.75,4,0.411951,"terminal: вход. рёбер 1, исход. 0; суммы 23000.00/0.00 KZT; транзакций 1, depth 2, seed=нет"
100000005205745100,terminal,0.75,2,0.392184,"terminal: вход. рёбер 1, исход. 0; суммы 6000.00/0.00 KZT; транзакций 1, depth 2, seed=нет"
100000004356593100,peripheral,0.35,3,0.327752,"peripheral: вход. рёбер 1, исход. 1; суммы 50000.00/10000.00 KZT; транзакций 2, depth 2, seed=нет"
100000008688881100,terminal,0.75,27,0.421565,"terminal: вход. рёбер 1, исход. 0; суммы 44211.00/0.00 KZT; транзакций 1, depth 2, seed=нет"
100000008111003100,consolidator,1.0,0,0.5766,"consolidator: вход. рёбер 6, исход. 1; суммы 222716.00/35000.00 KZT; транзакций 10, depth 2, seed=нет"
100000003016773100,terminal,0.75,40,0.422325,"terminal: вход. рёбер 1, исход. 0; суммы 46555.00/0.00 KZT; транзакций 1, depth 2, seed=нет"
100000004674799100,terminal,0.75,0,0.438523,"terminal: вход. рёбер 1, исход. 0; суммы 140000.00/0.00 KZT; транзакций 5, depth 2, seed=нет"
100000005834479100,distributor,0.5,1,0.527167,"distributor: вход. рёбер 1, исход. 2; суммы 7500.00/14470.00 KZT; транзакций 3, depth 2, seed=нет"
100000003278020100,terminal,0.75,0,0.443016,"terminal: вход. рёбер 1, исход. 0; суммы 190000.00/0.00 KZT; транзакций 1, depth 2, seed=нет"
100000000831684100,peripheral,0.35,6,0.48893,"peripheral: вход. рёбер 1, исход. 1; суммы 15000.00/50000.00 KZT; транзакций 5, depth 2, seed=нет"
100000000307908100,terminal,0.75,7,0.389502,"terminal: вход. рёбер 1, исход. 0; суммы 5000.00/0.00 KZT; транзакций 1, depth 2, seed=нет"
100000001782980100,peripheral,0.35,24,0.522719,"peripheral: вход. рёбер 1, исход. 1; суммы 50000.00/596200.00 KZT; транзакций 4, depth 2, seed=нет"
100000002454724100,terminal,0.75,31,0.436856,"terminal: вход. рёбер 1, исход. 0; суммы 125000.00/0.00 KZT; транзакций 3, depth 2, seed=нет"
100000005904580100,consolidator,0.5,6,0.342935,"consolidator: вход. рёбер 2, исход. 0; суммы 72000.00/0.00 KZT; транзакций 2, depth 2, seed=нет"
100000008474308100,transit,0.75,0,0.55713,"transit: вход. рёбер 1, исход. 1; суммы 14000.00/10000.00 KZT; транзакций 3, depth 2, seed=нет"
100000000795033100,terminal,0.75,0,0.408508,"terminal: вход. рёбер 1, исход. 0; суммы 18200.00/0.00 KZT; транзакций 1, depth 2, seed=нет"
100000000861294100,terminal,0.75,2,0.439538,"terminal: вход. рёбер 1, исход. 0; суммы 150000.00/0.00 KZT; транзакций 1, depth 2, seed=нет"
100000006557763100,terminal,0.75,3,0.399699,"terminal: вход. рёбер 1, исход. 0; суммы 10000.00/0.00 KZT; транзакций 1, depth 2, seed=нет"
100000005608515100,terminal,0.75,2,0.427007,"terminal: вход. рёбер 1, исход. 0; суммы 64000.00/0.00 KZT; транзакций 4, depth 2, seed=нет"
100000003922499100,terminal,0.75,6,0.423375,"terminal: вход. рёбер 1, исход. 0; суммы 50000.00/0.00 KZT; транзакций 1, depth 2, seed=нет"
100000008603629100,distributor,1.0,1,0.917056,"distributor: вход. рёбер 19, исход. 61; суммы 1817300.00/4986156.00 KZT; транзакций 119, depth 2, seed=нет"
100000004825069100,terminal,0.75,27,0.41586,"terminal: вход. рёбер 1, исход. 0; суммы 30000.00/0.00 KZT; транзакций 4, depth 2, seed=нет"
100000004331458100,consolidator,0.5,68,0.361248,"consolidator: вход. рёбер 2, исход. 0; суммы 250000.00/0.00 KZT; транзакций 2, depth 2, seed=нет"
100000002911170100,terminal,0.75,31,0.449735,"terminal: вход. рёбер 1, исход. 0; суммы 300000.00/0.00 KZT; транзакций 2, depth 2, seed=нет"
100000008011159100,consolidator,0.75,62,0.553897,"consolidator: вход. рёбер 3, исход. 5; суммы 363000.00/153037.00 KZT; транзакций 11, depth 2, seed=нет"
100000003854444100,distributor,1.0,41,0.79235,"distributor: вход. рёбер 1, исход. 14; суммы 210000.00/2322909.00 KZT; транзакций 18, depth 2, seed=нет"
100000008547948100,distributor,1.0,40,0.832296,"distributor: вход. рёбер 6, исход. 26; суммы 212665.00/5185600.00 KZT; транзакций 38, depth 2, seed=нет"
100000005175148100,consolidator,0.5,4,0.386527,"consolidator: вход. рёбер 2, исход. 1; суммы 79000.00/15000.00 KZT; транзакций 5, depth 2, seed=нет"
100000002087788100,terminal,0.75,8,0.433646,"terminal: вход. рёбер 1, исход. 0; суммы 100500.00/0.00 KZT; транзакций 1, depth 2, seed=нет"
100000004150593100,distributor,1.0,4,0.772495,"distributor: вход. рёбер 1, исход. 11; суммы 57000.00/871165.00 KZT; транзакций 18, depth 2, seed=нет"
100000001597505100,peripheral,0.35,39,0.379214,"peripheral: вход. рёбер 1, исход. 1; суммы 26460.00/12920.00 KZT; транзакций 2, depth 2, seed=нет"
100000007629121100,terminal,0.75,3,0.415362,"terminal: вход. рёбер 1, исход. 0; суммы 29000.00/0.00 KZT; транзакций 1, depth 2, seed=нет"
100000005614315100,terminal,0.75,4,0.455863,"terminal: вход. рёбер 1, исход. 0; суммы 455000.00/0.00 KZT; транзакций 1, depth 2, seed=нет"
100000008324800100,coordinator,0.5,8,0.579687,"coordinator: вход. рёбер 3, исход. 1; суммы 526500.00/511000.00 KZT; транзакций 30, depth 2, seed=нет"
100000005030592100,terminal,0.75,4,0.399699,"terminal: вход. рёбер 1, исход. 0; суммы 10000.00/0.00 KZT; транзакций 1, depth 2, seed=нет"
100000001633685100,consolidator,0.75,0,0.425215,"consolidator: вход. рёбер 3, исход. 0; суммы 45000.00/0.00 KZT; транзакций 3, depth 2, seed=нет"
100000001848426100,terminal,0.75,2,0.4329,"terminal: вход. рёбер 1, исход. 0; суммы 95530.00/0.00 KZT; транзакций 1, depth 2, seed=нет"
100000004580202100,distributor,0.75,26,0.629592,"distributor: вход. рёбер 1, исход. 3; суммы 9000.00/45000.00 KZT; транзакций 5, depth 2, seed=нет"
100000008717375100,terminal,0.75,3,0.415616,"terminal: вход. рёбер 1, исход. 0; суммы 29506.00/0.00 KZT; транзакций 1, depth 2, seed=нет"
100000007861311100,terminal,0.75,2,0.421825,"terminal: вход. рёбер 1, исход. 0; суммы 45000.00/0.00 KZT; транзакций 1, depth 2, seed=нет"
100000005578559100,distributor,1.0,15,0.792588,"distributor: вход. рёбер 2, исход. 21; суммы 131000.00/893163.67 KZT; транзакций 25, depth 2, seed=нет"
100000008764436100,terminal,0.75,27,0.403671,"terminal: вход. рёбер 1, исход. 0; суммы 13100.00/0.00 KZT; транзакций 1, depth 2, seed=нет"
100000000190228100,peripheral,0.35,2,0.479205,"peripheral: вход. рёбер 1, исход. 1; суммы 5000.00/28560.00 KZT; транзакций 2, depth 2, seed=нет"
100000003971049100,terminal,0.75,0,0.425016,"terminal: вход. рёбер 1, исход. 0; суммы 55900.00/0.00 KZT; транзакций 7, depth 2, seed=нет"
100000008743913100,distributor,1.0,44,0.790569,"distributor: вход. рёбер 3, исход. 13; суммы 149300.00/1850600.00 KZT; транзакций 16, depth 2, seed=нет"
100000004400361100,terminal,0.75,4,0.399699,"terminal: вход. рёбер 1, исход. 0; суммы 10000.00/0.00 KZT; транзакций 1, depth 2, seed=нет"
100000002175422100,distributor,1.0,34,0.776225,"distributor: вход. рёбер 3, исход. 6; суммы 68500.00/1621188.00 KZT; транзакций 19, depth 2, seed=нет"
100000004544958100,peripheral,0.35,9,0.334117,"peripheral: вход. рёбер 1, исход. 2; суммы 168000.00/23200.00 KZT; транзакций 5, depth 2, seed=нет"
100000008466579100,distributor,1.0,40,0.795431,"distributor: вход. рёбер 2, исход. 17; суммы 36952.00/1933000.00 KZT; транзакций 22, depth 2, seed=нет"
100000001184915100,terminal,0.75,4,0.443844,"terminal: вход. рёбер 1, исход. 0; суммы 201000.00/0.00 KZT; транзакций 2, depth 2, seed=нет"
100000004435304100,terminal,0.75,27,0.413868,"terminal: вход. рёбер 1, исход. 0; суммы 26200.00/0.00 KZT; транзакций 1, depth 2, seed=нет"
100000008762728100,terminal,0.75,4,0.407527,"terminal: вход. рёбер 1, исход. 0; суммы 17026.00/0.00 KZT; транзакций 1, depth 2, seed=нет"
100000004285800100,peripheral,0.35,0,0.47159,"peripheral: вход. рёбер 1, исход. 1; суммы 5000.00/15000.00 KZT; транзакций 2, depth 2, seed=нет"
100000008557672100,terminal,0.75,27,0.423116,"terminal: вход. рёбер 1, исход. 0; суммы 49125.00/0.00 KZT; транзакций 1, depth 2, seed=нет"
100000005142589100,terminal,0.75,0,0.423375,"terminal: вход. рёбер 1, исход. 0; суммы 50000.00/0.00 KZT; транзакций 2, depth 2, seed=нет"
100000003747133100,coordinator,0.875,48,0.710785,"coordinator: вход. рёбер 5, исход. 2; суммы 237068.00/250000.00 KZT; транзакций 10, depth 2, seed=нет"
100000003289405100,terminal,0.75,3,0.452212,"terminal: вход. рёбер 1, исход. 0; суммы 355000.00/0.00 KZT; транзакций 1, depth 2, seed=нет"
100000002691858100,terminal,0.75,39,0.42381,"terminal: вход. рёбер 1, исход. 0; суммы 51500.00/0.00 KZT; транзакций 1, depth 2, seed=нет"
100000007534354100,distributor,0.75,15,0.648693,"distributor: вход. рёбер 1, исход. 3; суммы 50000.00/147810.00 KZT; транзакций 4, depth 2, seed=нет"
100000000765628100,terminal,0.75,4,0.389502,"terminal: вход. рёбер 1, исход. 0; суммы 5000.00/0.00 KZT; транзакций 1, depth 2, seed=нет"
100000004962193100,consolidator,1.0,0,0.56527,"consolidator: вход. рёбер 8, исход. 0; суммы 900468.00/0.00 KZT; транзакций 11, depth 2, seed=нет"
100000005032294100,terminal,0.75,38,0.399699,"terminal: вход. рёбер 1, исход. 0; суммы 10000.00/0.00 KZT; транзакций 1, depth 2, seed=нет"
100000001251686100,terminal,0.75,3,0.408345,"terminal: вход. рёбер 1, исход. 0; суммы 18000.00/0.00 KZT; транзакций 1, depth 2, seed=нет"
100000002398779100,consolidator,1.0,0,0.591234,"consolidator: вход. рёбер 13, исход. 1; суммы 1095690.00/66000.00 KZT; транзакций 31, depth 2, seed=нет"
100000008512827100,distributor,1.0,21,0.785865,"distributor: вход. рёбер 3, исход. 10; суммы 107949.00/1944500.00 KZT; транзакций 13, depth 2, seed=нет"
100000003943483100,terminal,0.75,6,0.399699,"terminal: вход. рёбер 1, исход. 0; суммы 10000.00/0.00 KZT; транзакций 1, depth 2, seed=нет"
100000005031696100,distributor,0.5,45,0.552145,"distributor: вход. рёбер 1, исход. 2; суммы 5000.00/115000.00 KZT; транзакций 4, depth 2, seed=нет"
100000002703376100,terminal,0.75,0,0.422308,"terminal: вход. рёбер 1, исход. 0; суммы 46501.00/0.00 KZT; транзакций 1, depth 2, seed=нет"
100000003617552100,terminal,0.75,24,0.413178,"terminal: вход. рёбер 1, исход. 0; суммы 25000.00/0.00 KZT; транзакций 1, depth 2, seed=нет"
100000007617808100,terminal,0.75,4,0.455701,"terminal: вход. рёбер 1, исход. 0; суммы 450000.00/0.00 KZT; транзакций 1, depth 2, seed=нет"
100000002613776100,terminal,0.75,0,0.41586,"terminal: вход. рёбер 1, исход. 0; суммы 30000.00/0.00 KZT; транзакций 2, depth 2, seed=нет"
100000002578405100,distributor,1.0,19,0.974742,"distributor: вход. рёбер 2, исход. 116; суммы 1200351.00/3108352.00 KZT; транзакций 127, depth 2, seed=нет"
100000006161893100,terminal,0.75,4,0.404648,"terminal: вход. рёбер 1, исход. 0; суммы 14000.00/0.00 KZT; транзакций 1, depth 2, seed=нет"
100000002633701100,terminal,0.75,2,0.448013,"terminal: вход. рёбер 1, исход. 0; суммы 266850.00/0.00 KZT; транзакций 1, depth 2, seed=нет"
100000002432143100,terminal,0.75,3,0.430529,"terminal: вход. рёбер 1, исход. 0; суммы 81310.00/0.00 KZT; транзакций 1, depth 2, seed=нет"
100000000490383100,distributor,1.0,4,0.762389,"distributor: вход. рёбер 3, исход. 8; суммы 62600.00/461375.00 KZT; транзакций 12, depth 2, seed=нет"
100000005809252100,terminal,0.75,8,0.413178,"terminal: вход. рёбер 1, исход. 0; суммы 25000.00/0.00 KZT; транзакций 1, depth 2, seed=нет"
100000006612238100,peripheral,0.35,27,0.335568,"peripheral: вход. рёбер 1, исход. 1; суммы 160000.00/25000.00 KZT; транзакций 2, depth 2, seed=нет"
100000002593038100,terminal,0.75,6,0.415106,"terminal: вход. рёбер 1, исход. 0; суммы 28500.00/0.00 KZT; транзакций 1, depth 2, seed=нет"
100000002947299100,terminal,0.75,3,0.431182,"terminal: вход. рёбер 1, исход. 0; суммы 85000.00/0.00 KZT; транзакций 1, depth 2, seed=нет"
100000004336312100,coordinator,0.625,65,0.5645,"coordinator: вход. рёбер 3, исход. 2; суммы 90415.00/72650.00 KZT; транзакций 10, depth 2, seed=нет"
100000001308856100,terminal,0.75,27,0.41431,"terminal: вход. рёбер 1, исход. 0; суммы 27000.00/0.00 KZT; транзакций 1, depth 2, seed=нет"
100000008238989100,terminal,0.75,26,0.44377,"terminal: вход. рёбер 1, исход. 0; суммы 200000.00/0.00 KZT; транзакций 2, depth 2, seed=нет"
100000005561741100,terminal,0.75,15,0.413178,"terminal: вход. рёбер 1, исход. 0; суммы 25000.00/0.00 KZT; транзакций 1, depth 2, seed=нет"
100000006248077100,terminal,0.75,4,0.423375,"terminal: вход. рёбер 1, исход. 0; суммы 50000.00/0.00 KZT; транзакций 1, depth 2, seed=нет"
100000000646541100,consolidator,0.75,0,0.416743,"consolidator: вход. рёбер 3, исход. 0; суммы 25300.00/0.00 KZT; транзакций 4, depth 2, seed=нет"
100000006595426100,terminal,0.75,0,0.431147,"terminal: вход. рёбер 1, исход. 0; суммы 84800.00/0.00 KZT; транзакций 3, depth 2, seed=нет"
100000002956898100,consolidator,0.5,4,0.363444,"consolidator: вход. рёбер 2, исход. 0; суммы 290240.00/0.00 KZT; транзакций 2, depth 2, seed=нет"
100000001262647100,terminal,0.75,4,0.412361,"terminal: вход. рёбер 1, исход. 0; суммы 23650.00/0.00 KZT; транзакций 1, depth 2, seed=нет"
100000005849100100,terminal,0.75,3,0.417396,"terminal: вход. рёбер 1, исход. 0; суммы 33300.00/0.00 KZT; транзакций 1, depth 2, seed=нет"
100000000533217100,terminal,0.75,0,0.424395,"terminal: вход. рёбер 1, исход. 0; суммы 53587.00/0.00 KZT; транзакций 1, depth 2, seed=нет"
100000002812641100,transit,0.75,2,0.549699,"transit: вход. рёбер 1, исход. 1; суммы 10000.00/7023.95 KZT; транзакций 2, depth 2, seed=нет"
100000008647905100,distributor,0.5,41,0.569643,"distributor: вход. рёбер 1, исход. 2; суммы 50000.00/344222.00 KZT; транзакций 3, depth 2, seed=нет"
100000002842337100,terminal,0.75,2,0.423375,"terminal: вход. рёбер 1, исход. 0; суммы 50000.00/0.00 KZT; транзакций 1, depth 2, seed=нет"
100000002445750100,peripheral,0.35,0,0.320556,"peripheral: вход. рёбер 1, исход. 1; суммы 70000.00/10000.00 KZT; транзакций 2, depth 2, seed=нет"
100000005619339100,transit,0.75,4,0.602031,"transit: вход. рёбер 1, исход. 1; суммы 5000.00/5442.60 KZT; транзакций 2, depth 2, seed=нет"
100000006844768100,transit,0.75,0,0.593063,"transit: вход. рёбер 1, исход. 2; суммы 282000.00/188000.00 KZT; транзакций 10, depth 2, seed=нет"
100000002488629100,terminal,0.75,2,0.428953,"terminal: вход. рёбер 1, исход. 0; суммы 73050.00/0.00 KZT; транзакций 1, depth 2, seed=нет"
100000002796853100,peripheral,0.35,57,0.35486,"peripheral: вход. рёбер 1, исход. 1; суммы 199000.00/46167.62 KZT; транзакций 13, depth 2, seed=нет"
100000006755850100,terminal,0.75,8,0.455486,"terminal: вход. рёбер 1, исход. 0; суммы 443475.80/0.00 KZT; транзакций 3, depth 2, seed=нет"
100000008733194100,consolidator,0.6297604809167475,10,0.557964,"consolidator: вход. рёбер 4, исход. 8; суммы 251424.00/159695.00 KZT; транзакций 12, depth 2, seed=нет"
100000001904863100,terminal,0.75,38,0.457251,"terminal: вход. рёбер 1, исход. 0; суммы 500000.00/0.00 KZT; транзакций 1, depth 2, seed=нет"
100000001641951100,terminal,0.75,3,0.413178,"terminal: вход. рёбер 1, исход. 0; суммы 25000.00/0.00 KZT; транзакций 4, depth 2, seed=нет"
100000004816564100,peripheral,0.35,4,0.314459,"peripheral: вход. рёбер 1, исход. 1; суммы 285480.00/5000.00 KZT; транзакций 2, depth 2, seed=нет"
100000002205022100,distributor,0.75,29,0.663056,"distributor: вход. рёбер 1, исход. 3; суммы 7100.00/518000.00 KZT; транзакций 4, depth 2, seed=нет"
100000002267998100,distributor,0.75,26,0.680532,"distributor: вход. рёбер 2, исход. 3; суммы 420000.00/1115000.00 KZT; транзакций 16, depth 2, seed=нет"
100000002199091100,terminal,0.75,27,0.427235,"terminal: вход. рёбер 1, исход. 0; суммы 65000.00/0.00 KZT; транзакций 1, depth 2, seed=нет"
100000008571443100,consolidator,0.5,10,0.34143,"consolidator: вход. рёбер 2, исход. 0; суммы 65000.00/0.00 KZT; транзакций 2, depth 2, seed=нет"
100000002742067100,terminal,0.75,4,0.403249,"terminal: вход. рёбер 1, исход. 0; суммы 12730.00/0.00 KZT; транзакций 1, depth 2, seed=нет"
100000003292979100,terminal,0.75,3,0.423063,"terminal: вход. рёбер 1, исход. 0; суммы 48950.00/0.00 KZT; транзакций 1, depth 2, seed=нет"
100000002558173100,terminal,0.75,39,0.398631,"terminal: вход. рёбер 1, исход. 0; суммы 9300.00/0.00 KZT; транзакций 1, depth 2, seed=нет"
100000004687282100,terminal,0.75,4,0.409895,"terminal: вход. рёбер 1, исход. 0; суммы 20000.00/0.00 KZT; транзакций 1, depth 2, seed=нет"
100000003034546100,terminal,0.75,2,0.456854,"terminal: вход. рёбер 1, исход. 0; суммы 486715.00/0.00 KZT; транзакций 2, depth 2, seed=нет"
100000003798151100,terminal,0.75,4,0.452003,"terminal: вход. рёбер 1, исход. 0; суммы 350000.00/0.00 KZT; транзакций 3, depth 2, seed=нет"
100000008710791100,distributor,1.0,40,0.822934,"distributor: вход. рёбер 3, исход. 23; суммы 181510.00/5521511.00 KZT; транзакций 28, depth 2, seed=нет"
100000008688476100,terminal,0.75,27,0.412578,"terminal: вход. рёбер 1, исход. 0; суммы 24000.00/0.00 KZT; транзакций 1, depth 2, seed=нет"
100000003242289100,distributor,1.0,25,0.813129,"distributor: вход. рёбер 3, исход. 23; суммы 550791.00/2377741.00 KZT; транзакций 34, depth 2, seed=нет"
100000006564102100,terminal,0.75,3,0.446032,"terminal: вход. рёбер 1, исход. 0; суммы 233235.00/0.00 KZT; транзакций 1, depth 2, seed=нет"
100000001526235100,distributor,1.0,11,0.762127,"distributor: вход. рёбер 3, исход. 8; суммы 82000.00/432750.00 KZT; транзакций 13, depth 2, seed=нет"
100000004398811100,distributor,0.75,3,0.678167,"distributor: вход. рёбер 1, исход. 3; суммы 426000.00/1040672.00 KZT; транзакций 5, depth 2, seed=нет"
100000002957787100,distributor,1.0,0,0.822196,"distributor: вход. рёбер 4, исход. 34; суммы 84956.00/1276153.96 KZT; транзакций 48, depth 2, seed=нет"
100000002621915100,terminal,0.75,4,0.389502,"terminal: вход. рёбер 1, исход. 0; суммы 5000.00/0.00 KZT; транзакций 1, depth 2, seed=нет"
100000008283183100,terminal,0.75,27,0.415362,"terminal: вход. рёбер 1, исход. 0; суммы 29000.00/0.00 KZT; транзакций 1, depth 2, seed=нет"
100000003843844100,peripheral,0.35,10,0.509021,"peripheral: вход. рёбер 1, исход. 1; суммы 16680.00/238000.00 KZT; транзакций 2, depth 3, seed=нет"
100000000954884100,terminal,0.75,36,0.417702,"terminal: вход. рёбер 1, исход. 0; суммы 34000.00/0.00 KZT; транзакций 1, depth 3, seed=нет"
100000005893892100,terminal,0.75,8,0.433976,"terminal: вход. рёбер 1, исход. 0; суммы 102780.00/0.00 KZT; транзакций 1, depth 3, seed=нет"
100000001819396100,terminal,0.75,12,0.441036,"terminal: вход. рёбер 1, исход. 0; суммы 166080.00/0.00 KZT; транзакций 1, depth 3, seed=нет"
100000008472324100,terminal,0.75,8,0.444148,"terminal: вход. рёбер 1, исход. 0; суммы 205200.00/0.00 KZT; транзакций 1, depth 3, seed=нет"
100000002646745100,terminal,0.75,19,0.402744,"terminal: вход. рёбер 1, исход. 0; суммы 12300.00/0.00 KZT; транзакций 1, depth 3, seed=нет"
100000008405209100,terminal,0.75,25,0.424616,"terminal: вход. рёбер 1, исход. 0; суммы 54400.00/0.00 KZT; транзакций 1, depth 3, seed=нет"
100000004417753100,consolidator,0.5,3,0.357372,"consolidator: вход. рёбер 2, исход. 0; суммы 192099.00/0.00 KZT; транзакций 2, depth 3, seed=нет"
100000003457710100,peripheral,0.35,8,0.536354,"peripheral: вход. рёбер 1, исход. 1; суммы 326555.00/1306000.00 KZT; транзакций 3, depth 3, seed=нет"
100000007333038100,distributor,0.5,21,0.539981,"distributor: вход. рёбер 1, исход. 2; суммы 17500.00/34994.00 KZT; транзакций 3, depth 3, seed=нет"
100000006444163100,terminal,0.75,0,0.392248,"terminal: вход. рёбер 1, исход. 0; суммы 6026.00/0.00 KZT; транзакций 1, depth 3, seed=нет"
100000008706947100,terminal,0.75,19,0.407677,"terminal: вход. рёбер 1, исход. 0; суммы 17200.00/0.00 KZT; транзакций 1, depth 3, seed=нет"
100000008761219100,distributor,0.5,44,0.572444,"distributor: вход. рёбер 2, исход. 2; суммы 50000.00/375000.00 KZT; транзакций 4, depth 3, seed=нет"
100000005022552100,peripheral,0.35,4,0.31266,"peripheral: вход. рёбер 1, исход. 1; суммы 241000.00/5000.00 KZT; транзакций 4, depth 3, seed=нет"
100000008735832100,terminal,0.75,19,0.408015,"terminal: вход. рёбер 1, исход. 0; суммы 17600.00/0.00 KZT; транзакций 1, depth 3, seed=нет"
100000005661528100,terminal,0.75,1,0.413178,"terminal: вход. рёбер 1, исход. 0; суммы 25000.00/0.00 KZT; транзакций 1, depth 3, seed=нет"
100000002529880100,consolidator,0.5,40,0.353436,"consolidator: вход. рёбер 2, исход. 0; суммы 147000.00/0.00 KZT; транзакций 2, depth 3, seed=нет"
100000001969496100,terminal,0.75,38,0.411784,"terminal: вход. рёбер 1, исход. 0; суммы 22740.00/0.00 KZT; транзакций 1, depth 3, seed=нет"
100000003215448100,distributor,0.5,1,0.560745,"distributor: вход. рёбер 1, исход. 2; суммы 91309.00/124000.00 KZT; транзакций 5, depth 3, seed=нет"
100000006894637100,terminal,0.75,0,0.424186,"terminal: вход. рёбер 1, исход. 0; суммы 52831.00/0.00 KZT; транзакций 1, depth 3, seed=нет"
100000002936322100,consolidator,0.5,33,0.378122,"consolidator: вход. рёбер 2, исход. 0; суммы 787133.00/0.00 KZT; транзакций 2, depth 3, seed=нет"
100000005061890100,terminal,0.75,3,0.432023,"terminal: вход. рёбер 1, исход. 0; суммы 90000.00/0.00 KZT; транзакций 1, depth 3, seed=нет"
100000004017410100,distributor,1.0,65,0.771322,"distributor: вход. рёбер 2, исход. 5; суммы 193650.00/1330915.00 KZT; транзакций 17, depth 3, seed=нет"
100000002983426100,terminal,0.75,15,0.431849,"terminal: вход. рёбер 1, исход. 0; суммы 88945.00/0.00 KZT; транзакций 1, depth 3, seed=нет"
100000005530114100,consolidator,0.5,25,0.393062,"consolidator: вход. рёбер 2, исход. 1; суммы 136970.00/25000.00 KZT; транзакций 3, depth 3, seed=нет"
100000001169666100,peripheral,0.35,15,0.330209,"peripheral: вход. рёбер 1, исход. 1; суммы 220000.00/24000.00 KZT; транзакций 3, depth 3, seed=нет"
100000001784279100,terminal,0.75,0,0.418409,"terminal: вход. рёбер 1, исход. 0; суммы 35674.00/0.00 KZT; транзакций 1, depth 3, seed=нет"
100000008744364100,terminal,0.75,19,0.412392,"terminal: вход. рёбер 1, исход. 0; суммы 23700.00/0.00 KZT; транзакций 1, depth 3, seed=нет"
100000008714412100,terminal,0.75,15,0.441292,"terminal: вход. рёбер 1, исход. 0; суммы 169000.00/0.00 KZT; транзакций 1, depth 3, seed=нет"
100000007754369100,terminal,0.75,0,0.430729,"terminal: вход. рёбер 1, исход. 0; суммы 82424.00/0.00 KZT; транзакций 1, depth 3, seed=нет"
100000003122817100,terminal,0.75,12,0.455526,"terminal: вход. рёбер 1, исход. 0; суммы 444680.00/0.00 KZT; транзакций 1, depth 3, seed=нет"
100000003711830100,terminal,0.75,1,0.423375,"terminal: вход. рёбер 1, исход. 0; суммы 50000.00/0.00 KZT; транзакций 1, depth 3, seed=нет"
100000001110358100,consolidator,0.5,0,0.331005,"consolidator: вход. рёбер 2, исход. 0; суммы 32000.00/0.00 KZT; транзакций 2, depth 3, seed=нет"
100000006530134100,consolidator,0.5,8,0.3532,"consolidator: вход. рёбер 2, исход. 0; суммы 144663.00/0.00 KZT; транзакций 2, depth 3, seed=нет"
100000001639766100,terminal,0.75,2,0.409895,"terminal: вход. рёбер 1, исход. 0; суммы 20000.00/0.00 KZT; транзакций 1, depth 3, seed=нет"
100000003242795100,terminal,0.75,8,0.435108,"terminal: вход. рёбер 1, исход. 0; суммы 111000.00/0.00 KZT; транзакций 1, depth 3, seed=нет"
100000004970752100,terminal,0.75,0,0.399699,"terminal: вход. рёбер 1, исход. 0; суммы 10000.00/0.00 KZT; транзакций 1, depth 3, seed=нет"
100000004564736100,terminal,0.75,26,0.405663,"terminal: вход. рёбер 1, исход. 0; суммы 15000.00/0.00 KZT; транзакций 2, depth 3, seed=нет"
100000005873152100,transit,0.75,9,0.61159,"transit: вход. рёбер 1, исход. 1; суммы 10000.00/10000.00 KZT; транзакций 2, depth 3, seed=нет"
100000001637376100,peripheral,0.35,8,0.513738,"peripheral: вход. рёбер 1, исход. 1; суммы 116700.00/234250.00 KZT; транзакций 3, depth 3, seed=нет"
100000006710485100,terminal,0.75,19,0.409895,"terminal: вход. рёбер 1, исход. 0; суммы 20000.00/0.00 KZT; транзакций 1, depth 3, seed=нет"
100000003582677100,distributor,0.7527643084868464,3,0.640754,"distributor: вход. рёбер 2, исход. 4; суммы 29756.99/56000.00 KZT; транзакций 7, depth 3, seed=нет"
100000008713685100,terminal,0.75,19,0.423287,"terminal: вход. рёбер 1, исход. 0; суммы 49700.00/0.00 KZT; транзакций 1, depth 3, seed=нет"
100000008070101100,terminal,0.75,40,0.433573,"terminal: вход. рёбер 1, исход. 0; суммы 100000.00/0.00 KZT; транзакций 1, depth 3, seed=нет"
100000004475818100,distributor,0.75,8,0.632763,"distributor: вход. рёбер 1, исход. 3; суммы 13000.00/53989.00 KZT; транзакций 4, depth 3, seed=нет"
100000007197866100,transit,0.75,1,0.569823,"transit: вход. рёбер 1, исход. 1; суммы 20000.00/15000.00 KZT; транзакций 2, depth 3, seed=нет"
100000006965162100,terminal,0.75,13,0.399699,"terminal: вход. рёбер 1, исход. 0; суммы 10000.00/0.00 KZT; транзакций 1, depth 3, seed=нет"
100000005995391100,terminal,0.75,19,0.407677,"terminal: вход. рёбер 1, исход. 0; суммы 17200.00/0.00 KZT; транзакций 1, depth 3, seed=нет"
100000003834495100,consolidator,0.75,0,0.472197,"consolidator: вход. рёбер 3, исход. 1; суммы 602441.00/20000.00 KZT; транзакций 6, depth 3, seed=нет"
100000001223977100,peripheral,0.35,45,0.473646,"peripheral: вход. рёбер 1, исход. 1; суммы 5000.00/18000.00 KZT; транзакций 2, depth 3, seed=нет"
100000001046057100,terminal,0.75,40,0.430906,"terminal: вход. рёбер 1, исход. 0; суммы 83420.00/0.00 KZT; транзакций 1, depth 3, seed=нет"
100000002989353100,transit,0.75,21,0.596403,"transit: вход. рёбер 1, исход. 2; суммы 500000.00/321160.00 KZT; транзакций 4, depth 3, seed=нет"
100000006714366100,peripheral,0.35,10,0.363079,"peripheral: вход. рёбер 1, исход. 1; суммы 10500.00/5000.00 KZT; транзакций 2, depth 3, seed=нет"
100000001063678100,distributor,0.5,26,0.552745,"distributor: вход. рёбер 1, исход. 2; суммы 35000.00/90000.00 KZT; транзакций 3, depth 3, seed=нет"
100000004889043100,consolidator,0.5,0,0.362489,"consolidator: вход. рёбер 2, исход. 0; суммы 272000.00/0.00 KZT; транзакций 4, depth 3, seed=нет"
100000002984403100,transit,0.75,11,0.62352,"transit: вход. рёбер 1, исход. 1; суммы 20000.00/25000.00 KZT; транзакций 2, depth 3, seed=нет"
100000003951827100,distributor,0.5,0,0.529645,"distributor: вход. рёбер 1, исход. 2; суммы 9000.00/17000.00 KZT; транзакций 3, depth 3, seed=нет"
100000000933075100,distributor,0.5,6,0.548708,"distributor: вход. рёбер 1, исход. 2; суммы 40000.00/55000.00 KZT; транзакций 3, depth 3, seed=нет"
100000008502995100,terminal,0.75,0,0.413178,"terminal: вход. рёбер 1, исход. 0; суммы 25000.00/0.00 KZT; транзакций 2, depth 3, seed=нет"
100000008086440100,coordinator,0.75,1,0.62245,"coordinator: вход. рёбер 1, исход. 5; суммы 199733.00/161300.00 KZT; транзакций 7, depth 3, seed=нет"
100000008465789100,distributor,1.0,40,0.791418,"distributor: вход. рёбер 1, исход. 16; суммы 30099.00/1858100.00 KZT; транзакций 18, depth 3, seed=нет"
100000002550141100,terminal,0.75,1,0.433659,"terminal: вход. рёбер 1, исход. 0; суммы 100586.00/0.00 KZT; транзакций 1, depth 3, seed=нет"
100000008739887100,distributor,0.5,1,0.575441,"distributor: вход. рёбер 2, исход. 2; суммы 214000.00/307000.00 KZT; транзакций 5, depth 3, seed=нет"
100000008532050100,terminal,0.75,8,0.455868,"terminal: вход. рёбер 1, исход. 0; суммы 455156.00/0.00 KZT; транзакций 1, depth 3, seed=нет"
100000008422226100,terminal,0.75,0,0.4316,"terminal: вход. рёбер 1, исход. 0; суммы 87450.00/0.00 KZT; транзакций 1, depth 3, seed=нет"
100000002369874100,consolidator,1.0,40,0.552518,"consolidator: вход. рёбер 4, исход. 0; суммы 600000.00/0.00 KZT; транзакций 4, depth 3, seed=нет"
100000003321895100,distributor,0.5,53,0.575269,"distributor: вход. рёбер 1, исход. 2; суммы 24000.00/553830.00 KZT; транзакций 4, depth 3, seed=нет"
100000001875239100,consolidator,0.75,40,0.465841,"consolidator: вход. рёбер 3, исход. 0; суммы 712000.00/0.00 KZT; транзакций 3, depth 3, seed=нет"
100000002216999100,terminal,0.75,19,0.412378,"terminal: вход. рёбер 1, исход. 0; суммы 23677.00/0.00 KZT; транзакций 1, depth 3, seed=нет"
100000002653948100,terminal,0.75,8,0.431216,"terminal: вход. рёбер 1, исход. 0; суммы 85200.00/0.00 KZT; транзакций 1, depth 3, seed=нет"
100000008632060100,distributor,1.0,0,0.754554,"distributor: вход. рёбер 1, исход. 9; суммы 6000.00/339200.00 KZT; транзакций 13, depth 3, seed=нет"
100000008746449100,distributor,1.0,40,0.772174,"distributor: вход. рёбер 1, исход. 10; суммы 10000.00/1009000.00 KZT; транзакций 11, depth 3, seed=нет"
100000003031761100,terminal,0.75,33,0.456037,"terminal: вход. рёбер 1, исход. 0; суммы 460408.00/0.00 KZT; транзакций 1, depth 3, seed=нет"
100000008388049100,terminal,0.75,21,0.457144,"terminal: вход. рёбер 1, исход. 0; суммы 496400.00/0.00 KZT; транзакций 1, depth 3, seed=нет"
100000002677201100,transit,0.75,40,0.565009,"transit: вход. рёбер 1, исход. 1; суммы 150000.00/87750.00 KZT; транзакций 2, depth 3, seed=нет"
100000002901457100,coordinator,0.5,0,0.443577,"coordinator: вход. рёбер 1, исход. 3; суммы 340000.00/119000.00 KZT; транзакций 4, depth 3, seed=нет"
100000001160401100,terminal,0.75,0,0.422524,"terminal: вход. рёбер 1, исход. 0; суммы 47190.00/0.00 KZT; транзакций 2, depth 3, seed=нет"
100000002842321100,terminal,0.75,8,0.440487,"terminal: вход. рёбер 1, исход. 0; суммы 160000.00/0.00 KZT; транзакций 1, depth 3, seed=нет"
100000002547110100,consolidator,1.0,40,0.569388,"consolidator: вход. рёбер 6, исход. 0; суммы 1500000.00/0.00 KZT; транзакций 10, depth 3, seed=нет"
100000001600934100,peripheral,0.35,1,0.317013,"peripheral: вход. рёбер 1, исход. 1; суммы 180300.00/11000.00 KZT; транзакций 3, depth 3, seed=нет"
100000002818726100,terminal,0.75,10,0.400938,"terminal: вход. рёбер 1, исход. 0; суммы 10879.00/0.00 KZT; транзакций 1, depth 3, seed=нет"
100000008712827100,terminal,0.75,19,0.429535,"terminal: вход. рёбер 1, исход. 0; суммы 76000.00/0.00 KZT; транзакций 1, depth 3, seed=нет"
100000008259451100,terminal,0.75,38,0.424777,"terminal: вход. рёбер 1, исход. 0; суммы 55000.00/0.00 KZT; транзакций 1, depth 3, seed=нет"
100000003060517100,terminal,0.75,25,0.450498,"terminal: вход. рёбер 1, исход. 0; суммы 315955.00/0.00 KZT; транзакций 1, depth 3, seed=нет"
100000002621434100,terminal,0.75,40,0.430473,"terminal: вход. рёбер 1, исход. 0; суммы 81000.00/0.00 KZT; транзакций 1, depth 3, seed=нет"
100000001860090100,terminal,0.75,2,0.389502,"terminal: вход. рёбер 1, исход. 0; суммы 5000.00/0.00 KZT; транзакций 1, depth 3, seed=нет"
100000004689658100,peripheral,0.35,1,0.32093,"peripheral: вход. рёбер 1, исход. 1; суммы 456100.00/7092.00 KZT; транзакций 2, depth 3, seed=нет"
100000003486970100,terminal,0.75,8,0.439538,"terminal: вход. рёбер 1, исход. 0; суммы 150000.00/0.00 KZT; транзакций 1, depth 3, seed=нет"
100000004659919100,peripheral,0.35,45,0.372043,"peripheral: вход. рёбер 1, исход. 1; суммы 110000.00/39000.00 KZT; транзакций 3, depth 3, seed=нет"
100000006111439100,coordinator,0.875,8,0.675604,"coordinator: вход. рёбер 3, исход. 4; суммы 20570.00/24000.00 KZT; транзакций 7, depth 3, seed=нет"
100000002521039100,terminal,0.75,0,0.451977,"terminal: вход. рёбер 1, исход. 0; суммы 349370.00/0.00 KZT; транзакций 1, depth 3, seed=нет"
100000008493007100,transit,0.75,19,0.625732,"transit: вход. рёбер 1, исход. 1; суммы 26150.00/26150.00 KZT; транзакций 2, depth 3, seed=нет"
100000007793871100,terminal,0.75,15,0.413755,"terminal: вход. рёбер 1, исход. 0; суммы 26000.00/0.00 KZT; транзакций 3, depth 3, seed=нет"
100000001650895100,peripheral,0.35,15,0.31553,"peripheral: вход. рёбер 1, исход. 1; суммы 153500.00/10000.00 KZT; транзакций 2, depth 3, seed=нет"
100000002567887100,terminal,0.75,8,0.423642,"terminal: вход. рёбер 1, исход. 0; суммы 50915.00/0.00 KZT; транзакций 1, depth 3, seed=нет"
100000008055972100,terminal,0.75,19,0.415002,"terminal: вход. рёбер 1, исход. 0; суммы 28300.00/0.00 KZT; транзакций 1, depth 3, seed=нет"
100000008684452100,terminal,0.75,19,0.423896,"terminal: вход. рёбер 1, исход. 0; суммы 51800.00/0.00 KZT; транзакций 1, depth 3, seed=нет"
100000000764836100,peripheral,0.35,1,0.352936,"peripheral: вход. рёбер 1, исход. 2; суммы 251716.00/50000.00 KZT; транзакций 3, depth 3, seed=нет"
100000003072676100,terminal,0.75,25,0.416599,"terminal: вход. рёбер 1, исход. 0; суммы 31545.00/0.00 KZT; транзакций 1, depth 3, seed=нет"
100000008757369100,peripheral,0.35,0,0.492765,"peripheral: вход. рёбер 1, исход. 1; суммы 25961.00/58398.00 KZT; транзакций 4, depth 3, seed=нет"
100000007618425100,terminal,0.75,25,0.419851,"terminal: вход. рёбер 1, исход. 0; суммы 39348.00/0.00 KZT; транзакций 1, depth 3, seed=нет"
100000004671609100,terminal,0.75,21,0.433573,"terminal: вход. рёбер 1, исход. 0; суммы 100000.00/0.00 KZT; транзакций 1, depth 3, seed=нет"
100000004676985100,transit,0.75,0,0.595618,"transit: вход. рёбер 1, исход. 1; суммы 32260.00/27102.00 KZT; транзакций 2, depth 3, seed=нет"
100000002531406100,transit,0.75,33,0.661742,"transit: вход. рёбер 1, исход. 1; суммы 520000.00/500000.00 KZT; транзакций 2, depth 3, seed=нет"
100000002877262100,terminal,0.75,40,0.433573,"terminal: вход. рёбер 1, исход. 0; суммы 100000.00/0.00 KZT; транзакций 1, depth 3, seed=нет"
100000007591246100,peripheral,0.35,10,0.499373,"peripheral: вход. рёбер 1, исход. 1; суммы 12190.00/120000.00 KZT; транзакций 2, depth 3, seed=нет"
100000008712184100,terminal,0.75,19,0.408345,"terminal: вход. рёбер 1, исход. 0; суммы 18000.00/0.00 KZT; транзакций 1, depth 3, seed=нет"
100000002975437100,peripheral,0.35,34,0.323244,"peripheral: вход. рёбер 1, исход. 1; суммы 530000.00/8500.00 KZT; транзакций 3, depth 3, seed=нет"
100000005008589100,terminal,0.75,0,0.42109,"terminal: вход. рёбер 1, исход. 0; суммы 42806.68/0.00 KZT; транзакций 1, depth 3, seed=нет"
100000000782285100,terminal,0.75,0,0.39255,"terminal: вход. рёбер 1, исход. 0; суммы 6151.00/0.00 KZT; транзакций 1, depth 3, seed=нет"
100000005198498100,terminal,0.75,19,0.41526,"terminal: вход. рёбер 1, исход. 0; суммы 28800.00/0.00 KZT; транзакций 1, depth 3, seed=нет"
100000008517538100,distributor,1.0,40,0.794016,"distributor: вход. рёбер 3, исход. 17; суммы 155500.00/1439000.00 KZT; транзакций 24, depth 3, seed=нет"
100000005756535100,terminal,0.75,27,0.409895,"terminal: вход. рёбер 1, исход. 0; суммы 20000.00/0.00 KZT; транзакций 1, depth 3, seed=нет"
100000004917367100,consolidator,0.5,8,0.35045,"consolidator: вход. рёбер 2, исход. 0; суммы 120000.00/0.00 KZT; транзакций 2, depth 3, seed=нет"
100000001222263100,transit,0.75,8,0.584063,"transit: вход. рёбер 1, исход. 1; суммы 745570.00/420000.00 KZT; транзакций 6, depth 3, seed=нет"
100000001149815100,terminal,0.75,19,0.402381,"terminal: вход. рёбер 1, исход. 0; суммы 12000.00/0.00 KZT; транзакций 1, depth 3, seed=нет"
100000006020215100,transit,0.75,10,0.630351,"transit: вход. рёбер 1, исход. 2; суммы 30000.00/33800.00 KZT; транзакций 3, depth 3, seed=нет"
100000000673868100,coordinator,0.75,31,0.526608,"coordinator: вход. рёбер 1, исход. 5; суммы 2030650.00/383000.00 KZT; транзакций 24, depth 3, seed=нет"
100000008749900100,terminal,0.75,19,0.407634,"terminal: вход. рёбер 1, исход. 0; суммы 17150.00/0.00 KZT; транзакций 1, depth 3, seed=нет"
100000002862113100,terminal,0.75,38,0.422591,"terminal: вход. рёбер 1, исход. 0; суммы 47405.00/0.00 KZT; транзакций 2, depth 3, seed=нет"
100000001066017100,consolidator,0.5,0,0.487268,"consolidator: вход. рёбер 2, исход. 4; суммы 136123.00/82500.00 KZT; транзакций 7, depth 3, seed=нет"
100000008436257100,consolidator,0.5,25,0.332323,"consolidator: вход. рёбер 2, исход. 0; суммы 35000.00/0.00 KZT; транзакций 2, depth 3, seed=нет"
100000003016438100,transit,0.75,40,0.658945,"transit: вход. рёбер 1, исход. 1; суммы 200000.00/300000.00 KZT; транзакций 4, depth 3, seed=нет"
100000002534091100,terminal,0.75,3,0.411431,"terminal: вход. рёбер 1, исход. 0; суммы 22200.00/0.00 KZT; транзакций 1, depth 3, seed=нет"
100000006882208100,terminal,0.75,4,0.408345,"terminal: вход. рёбер 1, исход. 0; суммы 18000.00/0.00 KZT; транзакций 1, depth 3, seed=нет"
100000005362848100,terminal,0.75,15,0.415362,"terminal: вход. рёбер 1, исход. 0; суммы 29000.00/0.00 KZT; транзакций 1, depth 3, seed=нет"
100000001073568100,peripheral,0.35,38,0.391776,"peripheral: вход. рёбер 1, исход. 2; суммы 707465.00/219503.00 KZT; транзакций 7, depth 3, seed=нет"
100000008687733100,terminal,0.75,19,0.405316,"terminal: вход. рёбер 1, исход. 0; суммы 14650.00/0.00 KZT; транзакций 1, depth 3, seed=нет"
100000007229557100,consolidator,0.75,44,0.468924,"consolidator: вход. рёбер 3, исход. 0; суммы 878000.00/0.00 KZT; транзакций 3, depth 3, seed=нет"
100000001052789100,terminal,0.75,41,0.428529,"terminal: вход. рёбер 1, исход. 0; суммы 70975.00/0.00 KZT; транзакций 1, depth 3, seed=нет"
100000006967370100,peripheral,0.35,25,0.365504,"peripheral: вход. рёбер 1, исход. 1; суммы 33225.00/13526.27 KZT; транзакций 2, depth 3, seed=нет"
100000001837130100,terminal,0.75,0,0.441628,"terminal: вход. рёбер 1, исход. 0; суммы 172900.00/0.00 KZT; транзакций 1, depth 3, seed=нет"
100000005820746100,peripheral,0.35,18,0.34573,"peripheral: вход. рёбер 1, исход. 1; суммы 1989000.00/60000.00 KZT; транзакций 3, depth 3, seed=нет"
100000002883402100,consolidator,0.75,40,0.453125,"consolidator: вход. рёбер 3, исход. 0; суммы 300000.00/0.00 KZT; транзакций 3, depth 3, seed=нет"
100000008582730100,transit,0.75,41,0.601393,"transit: вход. рёбер 1, исход. 1; суммы 5000.00/5000.00 KZT; транзакций 2, depth 3, seed=нет"
100000003116106100,terminal,0.75,8,0.457074,"terminal: вход. рёбер 1, исход. 0; суммы 494050.00/0.00 KZT; транзакций 2, depth 3, seed=нет"
100000001818442100,terminal,0.75,15,0.420885,"terminal: вход. рёбер 1, исход. 0; суммы 42215.00/0.00 KZT; транзакций 1, depth 3, seed=нет"
100000008690762100,terminal,0.75,19,0.414173,"terminal: вход. рёбер 1, исход. 0; суммы 26750.00/0.00 KZT; транзакций 1, depth 3, seed=нет"
100000008712991100,terminal,0.75,19,0.427482,"terminal: вход. рёбер 1, исход. 0; суммы 66100.00/0.00 KZT; транзакций 1, depth 3, seed=нет"
100000003292191100,terminal,0.75,44,0.43524,"terminal: вход. рёбер 1, исход. 0; суммы 112000.00/0.00 KZT; транзакций 1, depth 3, seed=нет"
100000005367284100,distributor,0.5,0,0.54243,"distributor: вход. рёбер 1, исход. 2; суммы 13700.00/48300.00 KZT; транзакций 6, depth 3, seed=нет"
100000003216073100,transit,0.75,33,0.636263,"transit: вход. рёбер 1, исход. 1; суммы 37001.00/70000.00 KZT; транзакций 2, depth 3, seed=нет"
100000006169033100,distributor,0.75,62,0.675083,"distributor: вход. рёбер 1, исход. 3; суммы 49000.00/1140271.00 KZT; транзакций 11, depth 3, seed=нет"
100000004407753100,peripheral,0.35,13,0.393698,"peripheral: вход. рёбер 1, исход. 1; суммы 250000.00/100000.00 KZT; транзакций 5, depth 3, seed=нет"
100000004420041100,distributor,1.0,6,0.76201,"distributor: вход. рёбер 1, исход. 7; суммы 69638.00/651830.00 KZT; транзакций 12, depth 3, seed=нет"
100000004715209100,distributor,1.0,49,0.748205,"distributor: вход. рёбер 1, исход. 5; суммы 5000.00/350450.00 KZT; транзакций 18, depth 3, seed=нет"
100000004580254100,consolidator,0.5,25,0.329009,"consolidator: вход. рёбер 2, исход. 0; суммы 27940.00/0.00 KZT; транзакций 2, depth 3, seed=нет"
100000001056414100,terminal,0.75,21,0.447053,"terminal: вход. рёбер 1, исход. 0; суммы 250000.00/0.00 KZT; транзакций 1, depth 3, seed=нет"
100000008686494100,terminal,0.75,19,0.406334,"terminal: вход. рёбер 1, исход. 0; суммы 15700.00/0.00 KZT; транзакций 1, depth 3, seed=нет"
100000002822472100,consolidator,0.5,21,0.362201,"consolidator: вход. рёбер 2, исход. 0; суммы 266722.00/0.00 KZT; транзакций 2, depth 3, seed=нет"
100000001831496100,peripheral,0.35,9,0.515589,"peripheral: вход. рёбер 1, исход. 1; суммы 25000.00/373000.00 KZT; транзакций 2, depth 3, seed=нет"
100000008732488100,peripheral,0.35,1,0.315534,"peripheral: вход. рёбер 1, исход. 1; суммы 137000.00/10000.00 KZT; транзакций 2, depth 3, seed=нет"
100000004007197100,terminal,0.75,32,0.399769,"terminal: вход. рёбер 1, исход. 0; суммы 10048.00/0.00 KZT; транзакций 1, depth 3, seed=нет"
100000002815005100,terminal,0.75,40,0.456542,"terminal: вход. рёбер 1, исход. 0; суммы 476500.00/0.00 KZT; транзакций 1, depth 3, seed=нет"
100000005756189100,transit,0.75,8,0.588125,"transit: вход. рёбер 1, исход. 1; суммы 65000.00/49050.00 KZT; транзакций 2, depth 3, seed=нет"
100000004877085100,distributor,0.75,10,0.641413,"distributor: вход. рёбер 1, исход. 3; суммы 25000.00/95600.00 KZT; транзакций 10, depth 3, seed=нет"
100000002713074100,consolidator,0.5,25,0.507993,"consolidator: вход. рёбер 2, исход. 1; суммы 700000.00/430000.00 KZT; транзакций 4, depth 3, seed=нет"
100000002356167100,peripheral,0.35,8,0.334172,"peripheral: вход. рёбер 1, исход. 2; суммы 300000.00/29500.00 KZT; транзакций 4, depth 3, seed=нет"
100000004140487100,distributor,1.0,3,0.753538,"distributor: вход. рёбер 1, исход. 10; суммы 24510.00/262600.00 KZT; транзакций 20, depth 3, seed=нет"
100000003147719100,terminal,0.75,40,0.433573,"terminal: вход. рёбер 1, исход. 0; суммы 100000.00/0.00 KZT; транзакций 1, depth 3, seed=нет"
100000008745884100,terminal,0.75,19,0.409895,"terminal: вход. рёбер 1, исход. 0; суммы 20000.00/0.00 KZT; транзакций 1, depth 3, seed=нет"
100000002559089100,consolidator,0.5,21,0.376708,"consolidator: вход. рёбер 2, исход. 0; суммы 715000.00/0.00 KZT; транзакций 2, depth 3, seed=нет"
100000004984689100,terminal,0.75,1,0.424241,"terminal: вход. рёбер 1, исход. 0; суммы 53030.00/0.00 KZT; транзакций 1, depth 3, seed=нет"
100000004340038100,peripheral,0.35,10,0.4875,"peripheral: вход. рёбер 1, исход. 1; суммы 9978.00/49000.00 KZT; транзакций 2, depth 3, seed=нет"
100000005052998100,peripheral,0.35,0,0.480994,"peripheral: вход. рёбер 1, исход. 1; суммы 9500.00/28400.00 KZT; транзакций 2, depth 3, seed=нет"
100000007597382100,terminal,0.75,8,0.406334,"terminal: вход. рёбер 1, исход. 0; суммы 15700.00/0.00 KZT; транзакций 1, depth 3, seed=нет"
100000008697670100,terminal,0.75,19,0.413383,"terminal: вход. рёбер 1, исход. 0; суммы 25350.00/0.00 KZT; транзакций 1, depth 3, seed=нет"
100000008460102100,distributor,1.0,15,0.797117,"distributor: вход. рёбер 1, исход. 31; суммы 17500.00/476570.00 KZT; транзакций 35, depth 3, seed=нет"
100000004399686100,terminal,0.75,18,0.464275,"terminal: вход. рёбер 1, исход. 0; суммы 806000.00/0.00 KZT; транзакций 2, depth 3, seed=нет"
100000008688155100,terminal,0.75,19,0.41233,"terminal: вход. рёбер 1, исход. 0; суммы 23600.00/0.00 KZT; транзакций 1, depth 3, seed=нет"
100000004386331100,transit,0.75,6,0.597533,"transit: вход. рёбер 1, исход. 2; суммы 20000.00/17500.00 KZT; транзакций 3, depth 3, seed=нет"
100000007999728100,terminal,0.75,38,0.41211,"terminal: вход. рёбер 1, исход. 0; суммы 23250.00/0.00 KZT; транзакций 1, depth 3, seed=нет"
100000001597424100,terminal,0.75,38,0.422805,"terminal: вход. рёбер 1, исход. 0; суммы 48100.00/0.00 KZT; транзакций 1, depth 3, seed=нет"
100000003677936100,peripheral,0.35,2,0.329322,"peripheral: вход. рёбер 1, исход. 1; суммы 71000.00/13000.00 KZT; транзакций 3, depth 3, seed=нет"
100000002943472100,terminal,0.75,40,0.441379,"terminal: вход. рёбер 1, исход. 0; суммы 170000.00/0.00 KZT; транзакций 1, depth 3, seed=нет"
100000004892144100,consolidator,0.5,18,0.414057,"consolidator: вход. рёбер 2, исход. 1; суммы 4500000.00/180300.00 KZT; транзакций 8, depth 3, seed=нет"
100000008077552100,terminal,0.75,1,0.444766,"terminal: вход. рёбер 1, исход. 0; суммы 214000.00/0.00 KZT; транзакций 1, depth 3, seed=нет"
100000002914245100,terminal,0.75,33,0.438587,"terminal: вход. рёбер 1, исход. 0; суммы 140611.00/0.00 KZT; транзакций 1, depth 3, seed=нет"
100000004906181100,distributor,1.0,17,0.780719,"distributor: вход. рёбер 1, исход. 7; суммы 100000.00/2473417.91 KZT; транзакций 34, depth 3, seed=нет"
100000008514970100,peripheral,0.35,33,0.332378,"peripheral: вход. рёбер 1, исход. 1; суммы 379966.00/31000.00 KZT; транзакций 2, depth 3, seed=нет"
100000008258458100,distributor,0.5,67,0.590039,"distributor: вход. рёбер 1, исход. 2; суммы 19000.00/1557988.00 KZT; транзакций 5, depth 3, seed=нет"
100000003484058100,peripheral,0.35,38,0.30836,"peripheral: вход. рёбер 1, исход. 1; суммы 110000.00/6000.00 KZT; транзакций 2, depth 3, seed=нет"
100000003574895100,transit,0.75,0,0.56748,"transit: вход. рёбер 1, исход. 1; суммы 27968.00/20000.00 KZT; транзакций 2, depth 3, seed=нет"
100000000896111100,terminal,0.75,18,0.449089,"terminal: вход. рёбер 1, исход. 0; суммы 287100.00/0.00 KZT; транзакций 1, depth 3, seed=нет"
100000008715887100,terminal,0.75,19,0.408345,"terminal: вход. рёбер 1, исход. 0; суммы 18000.00/0.00 KZT; транзакций 1, depth 3, seed=нет"
100000000560751100,terminal,0.75,10,0.413178,"terminal: вход. рёбер 1, исход. 0; суммы 25000.00/0.00 KZT; транзакций 1, depth 3, seed=нет"
100000008708207100,consolidator,0.5,40,0.370378,"consolidator: вход. рёбер 2, исход. 0; суммы 465000.00/0.00 KZT; транзакций 2, depth 3, seed=нет"
100000003152964100,peripheral,0.35,1,0.308725,"peripheral: вход. рёбер 1, исход. 1; суммы 141847.00/5500.00 KZT; транзакций 2, depth 3, seed=нет"
100000004991812100,terminal,0.75,26,0.399699,"terminal: вход. рёбер 1, исход. 0; суммы 10000.00/0.00 KZT; транзакций 1, depth 3, seed=нет"
100000000291908100,peripheral,0.35,5,0.320857,"peripheral: вход. рёбер 1, исход. 1; суммы 295500.00/13300.00 KZT; транзакций 6, depth 3, seed=нет"
100000003132484100,terminal,0.75,2,0.432023,"terminal: вход. рёбер 1, исход. 0; суммы 90000.00/0.00 KZT; транзакций 1, depth 3, seed=нет"
100000004077081100,distributor,1.0,3,0.757593,"distributor: вход. рёбер 1, исход. 4; суммы 140000.00/615000.00 KZT; транзакций 7, depth 3, seed=нет"
100000004770073100,transit,0.75,0,0.602701,"transit: вход. рёбер 1, исход. 1; суммы 5462.40/5466.97 KZT; транзакций 2, depth 3, seed=нет"
100000003163886100,terminal,0.75,29,0.457251,"terminal: вход. рёбер 1, исход. 0; суммы 500000.00/0.00 KZT; транзакций 1, depth 3, seed=нет"
100000000795374100,terminal,0.75,1,0.423375,"terminal: вход. рёбер 1, исход. 0; суммы 50000.00/0.00 KZT; транзакций 1, depth 3, seed=нет"
100000002391278100,transit,0.75,46,0.632473,"transit: вход. рёбер 1, исход. 1; суммы 30000.00/52700.00 KZT; транзакций 7, depth 3, seed=нет"
100000004635886100,terminal,0.75,4,0.411951,"terminal: вход. рёбер 1, исход. 0; суммы 23000.00/0.00 KZT; транзакций 1, depth 3, seed=нет"
100000000413678100,distributor,0.6893285481239805,1,0.650335,"distributor: вход. рёбер 2, исход. 3; суммы 306500.00/528198.00 KZT; транзакций 20, depth 3, seed=нет"
100000008659950100,terminal,0.75,40,0.446816,"terminal: вход. рёбер 1, исход. 0; суммы 246000.00/0.00 KZT; транзакций 1, depth 3, seed=нет"
100000003964910100,consolidator,0.5,25,0.381643,"consolidator: вход. рёбер 2, исход. 0; суммы 1000000.00/0.00 KZT; транзакций 2, depth 3, seed=нет"
100000008764654100,terminal,0.75,19,0.41384,"terminal: вход. рёбер 1, исход. 0; суммы 26150.00/0.00 KZT; транзакций 1, depth 3, seed=нет"
100000005830339100,consolidator,0.5616384329007136,3,0.549438,"consolidator: вход. рёбер 5, исход. 1; суммы 476341.00/339251.00 KZT; транзакций 13, depth 3, seed=нет"
100000002032323100,peripheral,0.35,40,0.533558,"peripheral: вход. рёбер 1, исход. 1; суммы 300000.00/1050000.00 KZT; транзакций 3, depth 3, seed=нет"
100000008668099100,terminal,0.75,19,0.406334,"terminal: вход. рёбер 1, исход. 0; суммы 15700.00/0.00 KZT; транзакций 1, depth 3, seed=нет"
100000008634520100,terminal,0.75,40,0.432023,"terminal: вход. рёбер 1, исход. 0; суммы 90000.00/0.00 KZT; транзакций 1, depth 3, seed=нет"
100000002103448100,terminal,0.75,19,0.41431,"terminal: вход. рёбер 1, исход. 0; суммы 27000.00/0.00 KZT; транзакций 1, depth 3, seed=нет"
100000005996909100,terminal,0.75,4,0.390904,"terminal: вход. рёбер 1, исход. 0; суммы 5500.00/0.00 KZT; транзакций 1, depth 3, seed=нет"
100000007392365100,distributor,1.0,61,0.773561,"distributor: вход. рёбер 1, исход. 6; суммы 9613.00/1765600.00 KZT; транзакций 10, depth 3, seed=нет"
100000008279405100,terminal,0.75,1,0.446126,"terminal: вход. рёбер 1, исход. 0; суммы 234738.00/0.00 KZT; транзакций 2, depth 3, seed=нет"
100000008343874100,consolidator,0.5,33,0.498036,"consolidator: вход. рёбер 2, исход. 2; суммы 283535.00/176400.00 KZT; транзакций 7, depth 3, seed=нет"
100000002548759100,consolidator,0.5,40,0.367213,"consolidator: вход. рёбер 2, исход. 0; суммы 375000.00/0.00 KZT; транзакций 2, depth 3, seed=нет"
100000003069463100,transit,0.75,12,0.617268,"transit: вход. рёбер 1, исход. 1; суммы 11500.00/17920.00 KZT; транзакций 2, depth 3, seed=нет"
100000008474391100,terminal,0.75,26,0.409895,"terminal: вход. рёбер 1, исход. 0; суммы 20000.00/0.00 KZT; транзакций 1, depth 3, seed=нет"
100000003097324100,consolidator,0.5,44,0.363633,"consolidator: вход. рёбер 2, исход. 0; суммы 294000.00/0.00 KZT; транзакций 2, depth 3, seed=нет"
100000001852140100,terminal,0.75,52,0.41586,"terminal: вход. рёбер 1, исход. 0; суммы 30000.00/0.00 KZT; транзакций 1, depth 3, seed=нет"
100000003293377100,terminal,0.75,8,0.423375,"terminal: вход. рёбер 1, исход. 0; суммы 50000.00/0.00 KZT; транзакций 1, depth 3, seed=нет"
100000006048193100,terminal,0.75,0,0.420655,"terminal: вход. рёбер 1, исход. 0; суммы 41559.00/0.00 KZT; транзакций 1, depth 3, seed=нет"
100000002435265100,terminal,0.75,0,0.437727,"terminal: вход. рёбер 1, исход. 0; суммы 132628.00/0.00 KZT; транзакций 3, depth 3, seed=нет"
100000004587414100,consolidator,0.5,8,0.372402,"consolidator: вход. рёбер 2, исход. 0; суммы 533603.00/0.00 KZT; транзакций 2, depth 3, seed=нет"
100000001726614100,terminal,0.75,0,0.438387,"terminal: вход. рёбер 1, исход. 0; суммы 138717.00/0.00 KZT; транзакций 1, depth 3, seed=нет"
100000003934614100,consolidator,0.5,65,0.46629,"consolidator: вход. рёбер 2, исход. 1; суммы 17000.00/11500.00 KZT; транзакций 4, depth 3, seed=нет"
100000008772246100,terminal,0.75,19,0.421661,"terminal: вход. рёбер 1, исход. 0; суммы 44500.00/0.00 KZT; транзакций 1, depth 3, seed=нет"
100000002603371100,terminal,0.75,0,0.398631,"terminal: вход. рёбер 1, исход. 0; суммы 9300.00/0.00 KZT; транзакций 1, depth 3, seed=нет"
100000004445291100,terminal,0.75,11,0.409523,"terminal: вход. рёбер 1, исход. 0; суммы 19500.00/0.00 KZT; транзакций 2, depth 3, seed=нет"
100000008571243100,terminal,0.75,15,0.437878,"terminal: вход. рёбер 1, исход. 0; суммы 134000.00/0.00 KZT; транзакций 1, depth 3, seed=нет"
100000001138283100,transit,0.75,1,0.563267,"transit: вход. рёбер 1, исход. 2; суммы 81805.00/50000.00 KZT; транзакций 3, depth 3, seed=нет"
100000002593344100,consolidator,0.5,40,0.369261,"consolidator: вход. рёбер 2, исход. 0; суммы 431000.00/0.00 KZT; транзакций 2, depth 3, seed=нет"
100000007390016100,transit,0.75,8,0.602498,"transit: вход. рёбер 1, исход. 1; суммы 511000.00/346500.00 KZT; транзакций 27, depth 3, seed=нет"
100000001285440100,consolidator,0.5,44,0.36083,"consolidator: вход. рёбер 2, исход. 0; суммы 243000.00/0.00 KZT; транзакций 2, depth 3, seed=нет"
100000006746688100,terminal,0.75,19,0.420456,"terminal: вход. рёбер 1, исход. 0; суммы 41000.00/0.00 KZT; транзакций 1, depth 3, seed=нет"
100000006471232100,terminal,0.75,19,0.42074,"terminal: вход. рёбер 1, исход. 0; суммы 41800.00/0.00 KZT; транзакций 1, depth 3, seed=нет"
100000008662805100,terminal,0.75,19,0.407065,"terminal: вход. рёбер 1, исход. 0; суммы 16500.00/0.00 KZT; транзакций 1, depth 3, seed=нет"
100000004292885100,terminal,0.75,19,0.435332,"terminal: вход. рёбер 1, исход. 0; суммы 112700.00/0.00 KZT; транзакций 1, depth 3, seed=нет"
100000008190442100,terminal,0.75,19,0.403558,"terminal: вход. рёбер 1, исход. 0; суммы 13000.00/0.00 KZT; транзакций 1, depth 3, seed=нет"
100000007131370100,transit,0.75,4,0.627752,"transit: вход. рёбер 1, исход. 1; суммы 30000.00/30000.00 KZT; транзакций 2, depth 3, seed=нет"
100000008717802100,terminal,0.75,19,0.41384,"terminal: вход. рёбер 1, исход. 0; суммы 26150.00/0.00 KZT; транзакций 1, depth 3, seed=нет"
100000005357034100,terminal,0.75,0,0.399332,"terminal: вход. рёбер 1, исход. 0; суммы 9754.00/0.00 KZT; транзакций 1, depth 3, seed=нет"
100000005532138100,terminal,0.75,2,0.413205,"terminal: вход. рёбер 1, исход. 0; суммы 25046.00/0.00 KZT; транзакций 1, depth 3, seed=нет"
100000005264874100,distributor,0.5,23,0.550595,"distributor: вход. рёбер 1, исход. 2; суммы 30000.00/78000.00 KZT; транзакций 4, depth 3, seed=нет"
100000008193258100,peripheral,0.35,25,0.375985,"peripheral: вход. рёбер 1, исход. 1; суммы 75000.00/30000.00 KZT; транзакций 3, depth 3, seed=нет"
100000003190207100,peripheral,0.35,47,0.514985,"peripheral: вход. рёбер 1, исход. 1; суммы 5000.00/377000.00 KZT; транзакций 9, depth 3, seed=нет"
100000004321983100,distributor,0.5,46,0.538367,"distributor: вход. рёбер 1, исход. 2; суммы 10840.00/36200.00 KZT; транзакций 4, depth 3, seed=нет"
100000002633108100,terminal,0.75,38,0.450685,"terminal: вход. рёбер 1, исход. 0; суммы 320000.00/0.00 KZT; транзакций 3, depth 3, seed=нет"
100000005941908100,terminal,0.75,38,0.399699,"terminal: вход. рёбер 1, исход. 0; суммы 10000.00/0.00 KZT; транзакций 1, depth 3, seed=нет"
100000001835625100,terminal,0.75,8,0.429366,"terminal: вход. рёбер 1, исход. 0; суммы 75130.00/0.00 KZT; транзакций 1, depth 3, seed=нет"
100000008671081100,terminal,0.75,19,0.419025,"terminal: вход. рёбер 1, исход. 0; суммы 37200.00/0.00 KZT; транзакций 1, depth 3, seed=нет"
100000002908521100,terminal,0.75,19,0.421661,"terminal: вход. рёбер 1, исход. 0; суммы 44500.00/0.00 KZT; транзакций 1, depth 3, seed=нет"
100000000749118100,transit,0.75,0,0.615912,"transit: вход. рёбер 1, исход. 1; суммы 10330.00/16500.00 KZT; транзакций 2, depth 3, seed=нет"
100000008652094100,terminal,0.75,0,0.418128,"terminal: вход. рёбер 1, исход. 0; суммы 35000.00/0.00 KZT; транзакций 1, depth 3, seed=нет"
100000007647294100,terminal,0.75,36,0.453405,"terminal: вход. рёбер 1, исход. 0; суммы 385000.00/0.00 KZT; транзакций 1, depth 3, seed=нет"
100000003270419100,terminal,0.75,10,0.439538,"terminal: вход. рёбер 1, исход. 0; суммы 150000.00/0.00 KZT; транзакций 1, depth 3, seed=нет"
100000003050771100,terminal,0.75,10,0.445762,"terminal: вход. рёбер 1, исход. 0; суммы 229000.00/0.00 KZT; транзакций 1, depth 3, seed=нет"
100000008427027100,terminal,0.75,83,0.449735,"terminal: вход. рёбер 1, исход. 0; суммы 300000.00/0.00 KZT; транзакций 1, depth 3, seed=нет"
100000004291560100,terminal,0.75,0,0.422524,"terminal: вход. рёбер 1, исход. 0; суммы 47190.00/0.00 KZT; транзакций 1, depth 3, seed=нет"
100000003594472100,terminal,0.75,34,0.409895,"terminal: вход. рёбер 1, исход. 0; суммы 20000.00/0.00 KZT; транзакций 1, depth 3, seed=нет"
100000002575080100,transit,0.75,4,0.607472,"transit: вход. рёбер 1, исход. 1; суммы 13000.00/12500.00 KZT; транзакций 2, depth 3, seed=нет"
100000008038077100,terminal,0.75,8,0.457246,"terminal: вход. рёбер 1, исход. 0; суммы 499850.00/0.00 KZT; транзакций 2, depth 3, seed=нет"
100000003899325100,terminal,0.75,1,0.423411,"terminal: вход. рёбер 1, исход. 0; суммы 50120.00/0.00 KZT; транзакций 1, depth 3, seed=нет"
100000001155773100,terminal,0.75,19,0.410959,"terminal: вход. рёбер 1, исход. 0; суммы 21500.00/0.00 KZT; транзакций 1, depth 3, seed=нет"
100000000611474100,terminal,0.75,26,0.41681,"terminal: вход. рёбер 1, исход. 0; суммы 32000.00/0.00 KZT; транзакций 1, depth 3, seed=нет"
100000006704530100,coordinator,0.5,12,0.573138,"coordinator: вход. рёбер 1, исход. 3; суммы 450500.00/428000.00 KZT; транзакций 6, depth 3, seed=нет"
100000003996562100,terminal,0.75,0,0.395854,"terminal: вход. рёбер 1, исход. 0; суммы 7700.00/0.00 KZT; транзакций 1, depth 3, seed=нет"
100000002646887100,terminal,0.75,40,0.412793,"terminal: вход. рёбер 1, исход. 0; суммы 24354.00/0.00 KZT; транзакций 1, depth 3, seed=нет"
100000002556775100,terminal,0.75,8,0.449735,"terminal: вход. рёбер 1, исход. 0; суммы 300000.00/0.00 KZT; транзакций 1, depth 3, seed=нет"
100000002722108100,terminal,0.75,21,0.464165,"terminal: вход. рёбер 1, исход. 0; суммы 800000.00/0.00 KZT; транзакций 2, depth 3, seed=нет"
100000002737980100,terminal,0.75,4,0.417218,"terminal: вход. рёбер 1, исход. 0; суммы 32900.00/0.00 KZT; транзакций 1, depth 3, seed=нет"
100000002913340100,terminal,0.75,19,0.41233,"terminal: вход. рёбер 1, исход. 0; суммы 23600.00/0.00 KZT; транзакций 1, depth 3, seed=нет"
100000003610172100,terminal,0.75,8,0.428325,"terminal: вход. рёбер 1, исход. 0; суммы 70000.00/0.00 KZT; транзакций 1, depth 3, seed=нет"
100000001052945100,distributor,0.75,42,0.67992,"distributor: вход. рёбер 1, исход. 3; суммы 56520.00/1595700.00 KZT; транзакций 7, depth 3, seed=нет"
100000002369510100,terminal,0.75,19,0.419005,"terminal: вход. рёбер 1, исход. 0; суммы 37150.00/0.00 KZT; транзакций 1, depth 3, seed=нет"
100000001954534100,peripheral,0.35,0,0.485927,"peripheral: вход. рёбер 1, исход. 1; суммы 13000.00/40000.00 KZT; транзакций 2, depth 3, seed=нет"
100000008488166100,terminal,0.75,19,0.391169,"terminal: вход. рёбер 1, исход. 0; суммы 5600.00/0.00 KZT; транзакций 1, depth 3, seed=нет"
100000005100475100,terminal,0.75,2,0.420093,"terminal: вход. рёбер 1, исход. 0; суммы 40000.00/0.00 KZT; транзакций 1, depth 3, seed=нет"
100000002708624100,terminal,0.75,11,0.413178,"terminal: вход. рёбер 1, исход. 0; суммы 25000.00/0.00 KZT; транзакций 1, depth 3, seed=нет"
100000004591973100,peripheral,0.35,6,0.49667,"peripheral: вход. рёбер 1, исход. 1; суммы 10000.00/100000.00 KZT; транзакций 2, depth 3, seed=нет"
100000000802149100,terminal,0.75,0,0.434168,"terminal: вход. рёбер 1, исход. 0; суммы 104128.00/0.00 KZT; транзакций 1, depth 3, seed=нет"
100000003095610100,terminal,0.75,15,0.412371,"terminal: вход. рёбер 1, исход. 0; суммы 23665.00/0.00 KZT; транзакций 1, depth 3, seed=нет"
100000004183610100,peripheral,0.35,10,0.528186,"peripheral: вход. рёбер 1, исход. 1; суммы 22000.00/915000.00 KZT; транзакций 4, depth 3, seed=нет"
100000005198906100,peripheral,0.35,8,0.363467,"peripheral: вход. рёбер 1, исход. 1; суммы 227970.00/60000.00 KZT; транзакций 2, depth 3, seed=нет"
100000008599354100,peripheral,0.35,0,0.349707,"peripheral: вход. рёбер 1, исход. 1; суммы 177000.00/38200.00 KZT; транзакций 3, depth 3, seed=нет"
100000001303311100,consolidator,1.0,44,0.565857,"consolidator: вход. рёбер 5, исход. 0; суммы 1324000.00/0.00 KZT; транзакций 5, depth 3, seed=нет"
100000008776420100,terminal,0.75,19,0.42822,"terminal: вход. рёбер 1, исход. 0; суммы 69500.00/0.00 KZT; транзакций 1, depth 3, seed=нет"
100000004737764100,terminal,0.75,3,0.459933,"terminal: вход. рёбер 1, исход. 0; суммы 600000.00/0.00 KZT; транзакций 1, depth 3, seed=нет"
100000003154105100,distributor,1.0,30,0.753258,"distributor: вход. рёбер 1, исход. 7; суммы 60000.00/338000.00 KZT; транзакций 10, depth 3, seed=нет"
100000008708025100,terminal,0.75,13,0.399699,"terminal: вход. рёбер 1, исход. 0; суммы 10000.00/0.00 KZT; транзакций 1, depth 3, seed=нет"
100000008740793100,terminal,0.75,19,0.410613,"terminal: вход. рёбер 1, исход. 0; суммы 21000.00/0.00 KZT; транзакций 1, depth 3, seed=нет"
100000008459449100,terminal,0.75,0,0.424426,"terminal: вход. рёбер 1, исход. 0; суммы 53700.00/0.00 KZT; транзакций 1, depth 3, seed=нет"
100000008677518100,terminal,0.75,19,0.422988,"terminal: вход. рёбер 1, исход. 0; суммы 48700.00/0.00 KZT; транзакций 1, depth 3, seed=нет"
100000002212494100,terminal,0.75,34,0.440487,"terminal: вход. рёбер 1, исход. 0; суммы 160000.00/0.00 KZT; транзакций 1, depth 3, seed=нет"
100000001825934100,peripheral,0.35,23,0.499899,"peripheral: вход. рёбер 1, исход. 1; суммы 40000.00/97000.00 KZT; транзакций 2, depth 3, seed=нет"
100000003736419100,peripheral,0.35,0,0.364927,"peripheral: вход. рёбер 1, исход. 1; суммы 23300.00/10000.00 KZT; транзакций 2, depth 3, seed=нет"
100000008430691100,distributor,0.5,82,0.576421,"distributor: вход. рёбер 1, исход. 2; суммы 20000.00/604900.00 KZT; транзакций 3, depth 3, seed=нет"
100000003073635100,terminal,0.75,1,0.437345,"terminal: вход. рёбер 1, исход. 0; суммы 129231.00/0.00 KZT; транзакций 1, depth 3, seed=нет"
100000001686328100,terminal,0.75,40,0.438523,"terminal: вход. рёбер 1, исход. 0; суммы 140000.00/0.00 KZT; транзакций 1, depth 3, seed=нет"
100000008707810100,terminal,0.75,19,0.413868,"terminal: вход. рёбер 1, исход. 0; суммы 26200.00/0.00 KZT; транзакций 1, depth 3, seed=нет"
100000001236706100,consolidator,0.75,0,0.499349,"consolidator: вход. рёбер 3, исход. 2; суммы 142700.00/36000.00 KZT; транзакций 5, depth 3, seed=нет"
100000008536546100,consolidator,0.5,44,0.361248,"consolidator: вход. рёбер 2, исход. 0; суммы 250000.00/0.00 KZT; транзакций 2, depth 3, seed=нет"
100000007140834100,terminal,0.75,2,0.39999,"terminal: вход. рёбер 1, исход. 0; суммы 10200.00/0.00 KZT; транзакций 2, depth 3, seed=нет"
100000007022818100,terminal,0.75,19,0.407677,"terminal: вход. рёбер 1, исход. 0; суммы 17200.00/0.00 KZT; транзакций 1, depth 3, seed=нет"
100000007484343100,consolidator,0.5,0,0.328372,"consolidator: вход. рёбер 2, исход. 0; суммы 26757.00/0.00 KZT; транзакций 2, depth 3, seed=нет"
100000001379511100,terminal,0.75,40,0.424777,"terminal: вход. рёбер 1, исход. 0; суммы 55000.00/0.00 KZT; транзакций 1, depth 3, seed=нет"
100000004569484100,distributor,0.6347139718447392,15,0.615429,"distributor: вход. рёбер 2, исход. 4; суммы 98312.00/156000.00 KZT; транзакций 7, depth 3, seed=нет"
100000002948492100,terminal,0.75,38,0.412368,"terminal: вход. рёбер 1, исход. 0; суммы 23660.00/0.00 KZT; транзакций 1, depth 3, seed=нет"
100000002116705100,terminal,0.75,19,0.408015,"terminal: вход. рёбер 1, исход. 0; суммы 17600.00/0.00 KZT; транзакций 1, depth 3, seed=нет"
100000002481974100,distributor,0.5,1,0.571824,"distributor: вход. рёбер 2, исход. 2; суммы 89447.00/318000.00 KZT; транзакций 6, depth 3, seed=нет"
100000003920950100,terminal,0.75,2,0.450835,"terminal: вход. рёбер 1, исход. 0; суммы 323290.00/0.00 KZT; транзакций 1, depth 3, seed=нет"
100000000733451100,peripheral,0.35,10,0.514516,"peripheral: вход. рёбер 1, исход. 1; суммы 70000.00/300000.00 KZT; транзакций 3, depth 3, seed=нет"
100000005182219100,consolidator,0.5,8,0.338972,"consolidator: вход. рёбер 2, исход. 0; суммы 55000.00/0.00 KZT; транзакций 2, depth 3, seed=нет"
100000008633099100,transit,0.75,2,0.557632,"transit: вход. рёбер 1, исход. 1; суммы 19468.00/13500.00 KZT; транзакций 2, depth 3, seed=нет"
100000001380107100,terminal,0.75,29,0.392184,"terminal: вход. рёбер 1, исход. 0; суммы 6000.00/0.00 KZT; транзакций 1, depth 3, seed=нет"
100000008755168100,terminal,0.75,19,0.408015,"terminal: вход. рёбер 1, исход. 0; суммы 17600.00/0.00 KZT; транзакций 1, depth 3, seed=нет"
100000002628576100,consolidator,0.5,8,0.536614,"consolidator: вход. рёбер 2, исход. 2; суммы 727882.00/539000.00 KZT; транзакций 5, depth 3, seed=нет"
100000001611488100,consolidator,0.5,8,0.377974,"consolidator: вход. рёбер 2, исход. 0; суммы 779300.00/0.00 KZT; транзакций 3, depth 3, seed=нет"
100000005375968100,transit,0.75,0,0.551924,"transit: вход. рёбер 1, исход. 2; суммы 170082.00/86000.00 KZT; транзакций 5, depth 3, seed=нет"
100000003581109100,terminal,0.75,0,0.421071,"terminal: вход. рёбер 1, исход. 0; суммы 42750.00/0.00 KZT; транзакций 1, depth 3, seed=нет"
100000002933386100,peripheral,0.35,3,0.490638,"peripheral: вход. рёбер 1, исход. 1; суммы 15000.00/58000.00 KZT; транзакций 2, depth 3, seed=нет"
100000002284426100,terminal,0.75,8,0.432023,"terminal: вход. рёбер 1, исход. 0; суммы 90000.00/0.00 KZT; транзакций 2, depth 3, seed=нет"
100000008579978100,peripheral,0.35,8,0.496803,"peripheral: вход. рёбер 1, исход. 1; суммы 34000.00/77000.00 KZT; транзакций 7, depth 3, seed=нет"
100000001549194100,terminal,0.75,38,0.422308,"terminal: вход. рёбер 1, исход. 0; суммы 46500.00/0.00 KZT; транзакций 1, depth 3, seed=нет"
100000001427082100,distributor,1.0,30,0.733396,"distributor: вход. рёбер 1, исход. 5; суммы 5000.00/124900.00 KZT; транзакций 7, depth 3, seed=нет"
100000004657034100,terminal,0.75,8,0.438654,"terminal: вход. рёбер 1, исход. 0; суммы 141250.00/0.00 KZT; транзакций 1, depth 3, seed=нет"
100000003796063100,distributor,1.0,8,0.780286,"distributor: вход. рёбер 1, исход. 15; суммы 35000.00/959150.00 KZT; транзакций 24, depth 3, seed=нет"
100000005268319100,distributor,1.0,8,0.731045,"distributor: вход. рёбер 1, исход. 5; суммы 19712.80/91000.00 KZT; транзакций 12, depth 3, seed=нет"
100000008744799100,terminal,0.75,19,0.403098,"terminal: вход. рёбер 1, исход. 0; суммы 12600.00/0.00 KZT; транзакций 1, depth 3, seed=нет"
100000008677215100,terminal,0.75,26,0.398149,"terminal: вход. рёбер 1, исход. 0; суммы 9000.00/0.00 KZT; транзакций 1, depth 3, seed=нет"
100000007593823100,distributor,1.0,0,0.755776,"distributor: вход. рёбер 3, исход. 13; суммы 25000.00/162900.00 KZT; транзакций 24, depth 3, seed=нет"
100000001282143100,consolidator,1.0,21,0.569534,"consolidator: вход. рёбер 5, исход. 0; суммы 1700000.00/0.00 KZT; транзакций 6, depth 3, seed=нет"
100000008029279100,terminal,0.75,1,0.407504,"terminal: вход. рёбер 1, исход. 0; суммы 17000.00/0.00 KZT; транзакций 1, depth 3, seed=нет"
100000000594783100,peripheral,0.35,18,0.357495,"peripheral: вход. рёбер 1, исход. 2; суммы 2635000.00/152500.00 KZT; транзакций 12, depth 3, seed=нет"
100000002705460100,terminal,0.75,4,0.432818,"terminal: вход. рёбер 1, исход. 0; суммы 95000.00/0.00 KZT; транзакций 1, depth 3, seed=нет"
100000002952756100,terminal,0.75,15,0.422465,"terminal: вход. рёбер 1, исход. 0; суммы 47000.00/0.00 KZT; транзакций 1, depth 3, seed=нет"
100000004634420100,terminal,0.75,19,0.41384,"terminal: вход. рёбер 1, исход. 0; суммы 26150.00/0.00 KZT; транзакций 1, depth 3, seed=нет"
100000000583220100,peripheral,0.35,22,0.525226,"peripheral: вход. рёбер 1, исход. 1; суммы 5000.00/761255.00 KZT; транзакций 5, depth 3, seed=нет"
100000003286537100,consolidator,0.5,40,0.354024,"consolidator: вход. рёбер 2, исход. 0; суммы 153000.00/0.00 KZT; транзакций 2, depth 3, seed=нет"
100000002958345100,terminal,0.75,21,0.450075,"terminal: вход. рёбер 1, исход. 0; суммы 307000.00/0.00 KZT; транзакций 1, depth 3, seed=нет"
100000005055454100,terminal,0.75,24,0.393362,"terminal: вход. рёбер 1, исход. 0; суммы 6500.00/0.00 KZT; транзакций 1, depth 3, seed=нет"
100000008738526100,peripheral,0.35,44,0.501715,"peripheral: вход. рёбер 1, исход. 1; суммы 15000.00/140000.00 KZT; транзакций 2, depth 3, seed=нет"
100000001298099100,terminal,0.75,15,0.409141,"terminal: вход. рёбер 1, исход. 0; суммы 19000.00/0.00 KZT; транзакций 1, depth 3, seed=нет"
100000006491272100,terminal,0.75,19,0.413868,"terminal: вход. рёбер 1, исход. 0; суммы 26200.00/0.00 KZT; транзакций 1, depth 3, seed=нет"
100000000552584100,peripheral,0.35,18,0.347558,"peripheral: вход. рёбер 1, исход. 1; суммы 2500000.00/57500.00 KZT; транзакций 4, depth 3, seed=нет"
100000005187208100,terminal,0.75,8,0.404815,"terminal: вход. рёбер 1, исход. 0; суммы 14160.00/0.00 KZT; транзакций 1, depth 3, seed=нет"
100000003528285100,distributor,1.0,3,0.760852,"distributor: вход. рёбер 4, исход. 4; суммы 118870.00/548000.00 KZT; транзакций 11, depth 3, seed=нет"
100000001484381100,consolidator,0.5,15,0.347103,"consolidator: вход. рёбер 2, исход. 0; суммы 95585.00/0.00 KZT; транзакций 4, depth 3, seed=нет"
100000002508637100,peripheral,0.35,33,0.317342,"peripheral: вход. рёбер 1, исход. 1; суммы 306410.00/8000.00 KZT; транзакций 2, depth 3, seed=нет"
100000003149149100,terminal,0.75,8,0.446756,"terminal: вход. рёбер 1, исход. 0; суммы 245000.00/0.00 KZT; транзакций 1, depth 3, seed=нет"
100000001538095100,consolidator,0.5,21,0.362915,"consolidator: вход. рёбер 2, исход. 0; суммы 280000.00/0.00 KZT; транзакций 2, depth 3, seed=нет"
100000008695133100,terminal,0.75,19,0.41879,"terminal: вход. рёбер 1, исход. 0; суммы 36610.00/0.00 KZT; транзакций 1, depth 3, seed=нет"
100000008749405100,terminal,0.75,19,0.419005,"terminal: вход. рёбер 1, исход. 0; суммы 37150.00/0.00 KZT; транзакций 1, depth 3, seed=нет"
100000005815602100,peripheral,0.35,4,0.504318,"peripheral: вход. рёбер 1, исход. 1; суммы 20000.00/165000.00 KZT; транзакций 2, depth 3, seed=нет"
100000006641671100,transit,0.75,1,0.625855,"transit: вход. рёбер 2, исход. 1; суммы 22000.00/25000.00 KZT; транзакций 5, depth 3, seed=нет"
100000002945031100,terminal,0.75,10,0.405663,"terminal: вход. рёбер 1, исход. 0; суммы 15000.00/0.00 KZT; транзакций 1, depth 3, seed=нет"
100000003497735100,terminal,0.75,41,0.436856,"terminal: вход. рёбер 1, исход. 0; суммы 125000.00/0.00 KZT; транзакций 1, depth 3, seed=нет"
100000004644615100,distributor,0.5,15,0.570938,"distributor: вход. рёбер 1, исход. 2; суммы 50810.00/379665.00 KZT; транзакций 15, depth 3, seed=нет"
100000002755292100,terminal,0.75,8,0.444018,"terminal: вход. рёбер 1, исход. 0; суммы 203400.00/0.00 KZT; транзакций 1, depth 3, seed=нет"
100000005142492100,peripheral,0.35,2,0.489376,"peripheral: вход. рёбер 1, исход. 1; суммы 10000.00/57000.00 KZT; транзакций 2, depth 3, seed=нет"
100000002893020100,terminal,0.75,15,0.408621,"terminal: вход. рёбер 1, исход. 0; суммы 18340.00/0.00 KZT; транзакций 1, depth 3, seed=нет"
100000004500444100,consolidator,0.5,38,0.445399,"consolidator: вход. рёбер 2, исход. 1; суммы 180000.00/74000.00 KZT; транзакций 12, depth 3, seed=нет"
100000008454065100,terminal,0.75,38,0.412608,"terminal: вход. рёбер 1, исход. 0; суммы 24050.00/0.00 KZT; транзакций 1, depth 3, seed=нет"
100000008416433100,terminal,0.75,38,0.409895,"terminal: вход. рёбер 1, исход. 0; суммы 20000.00/0.00 KZT; транзакций 1, depth 3, seed=нет"
100000005265073100,transit,0.75,47,0.606343,"transit: вход. рёбер 1, исход. 1; суммы 5000.00/9000.00 KZT; транзакций 2, depth 3, seed=нет"
100000006734214100,consolidator,1.0,8,0.572187,"consolidator: вход. рёбер 5, исход. 3; суммы 610000.00/36000.00 KZT; транзакций 14, depth 3, seed=нет"
100000002611334100,peripheral,0.35,0,0.352851,"peripheral: вход. рёбер 1, исход. 1; суммы 48288.00/15500.00 KZT; транзакций 2, depth 3, seed=нет"
100000006225798100,consolidator,0.75,25,0.477247,"consolidator: вход. рёбер 3, исход. 2; суммы 722000.00/26300.00 KZT; транзакций 6, depth 3, seed=нет"
100000002849158100,coordinator,0.5,40,0.595493,"coordinator: вход. рёбер 3, исход. 1; суммы 723000.00/1313000.00 KZT; транзакций 6, depth 3, seed=нет"
100000008686214100,terminal,0.75,3,0.413178,"terminal: вход. рёбер 1, исход. 0; суммы 25000.00/0.00 KZT; транзакций 1, depth 3, seed=нет"
100000004931931100,transit,0.75,0,0.629795,"transit: вход. рёбер 1, исход. 1; суммы 23938.00/45000.00 KZT; транзакций 2, depth 3, seed=нет"
100000007510875100,terminal,0.75,2,0.389502,"terminal: вход. рёбер 1, исход. 0; суммы 5000.00/0.00 KZT; транзакций 1, depth 3, seed=нет"
100000005233755100,peripheral,0.35,25,0.317555,"peripheral: вход. рёбер 1, исход. 1; суммы 25000.00/5000.00 KZT; транзакций 2, depth 3, seed=нет"
100000008042075100,terminal,0.75,18,0.389502,"terminal: вход. рёбер 1, исход. 0; суммы 5000.00/0.00 KZT; транзакций 1, depth 3, seed=нет"
100000001680944100,terminal,0.75,44,0.453708,"terminal: вход. рёбер 1, исход. 0; суммы 393000.00/0.00 KZT; транзакций 1, depth 3, seed=нет"
100000008417029100,terminal,0.75,40,0.433573,"terminal: вход. рёбер 1, исход. 0; суммы 100000.00/0.00 KZT; транзакций 1, depth 3, seed=нет"
100000004975919100,transit,0.75,1,0.556696,"transit: вход. рёбер 1, исход. 2; суммы 22351.00/15000.00 KZT; транзакций 3, depth 3, seed=нет"
100000003087877100,terminal,0.75,33,0.432264,"terminal: вход. рёбер 1, исход. 0; суммы 91486.00/0.00 KZT; транзакций 1, depth 3, seed=нет"
100000008295429100,terminal,0.75,8,0.452087,"terminal: вход. рёбер 1, исход. 0; суммы 352000.00/0.00 KZT; транзакций 1, depth 3, seed=нет"
100000003254277100,transit,0.75,0,0.617303,"transit: вход. рёбер 1, исход. 1; суммы 49200.00/44997.00 KZT; транзакций 2, depth 3, seed=нет"
100000005314565100,terminal,0.75,0,0.445072,"terminal: вход. рёбер 1, исход. 0; суммы 218500.00/0.00 KZT; транзакций 3, depth 3, seed=нет"
100000002951898100,terminal,0.75,38,0.420089,"terminal: вход. рёбер 1, исход. 0; суммы 39990.00/0.00 KZT; транзакций 1, depth 3, seed=нет"
100000001009583100,terminal,0.75,8,0.453736,"terminal: вход. рёбер 1, исход. 0; суммы 393740.00/0.00 KZT; транзакций 1, depth 3, seed=нет"
100000004064431100,peripheral,0.35,32,0.35716,"peripheral: вход. рёбер 1, исход. 1; суммы 26000.00/10000.00 KZT; транзакций 2, depth 3, seed=нет"
100000001927599100,consolidator,0.5,15,0.357055,"consolidator: вход. рёбер 2, исход. 0; суммы 188000.00/0.00 KZT; транзакций 2, depth 3, seed=нет"
100000007737775100,terminal,0.75,9,0.392184,"terminal: вход. рёбер 1, исход. 0; суммы 6000.00/0.00 KZT; транзакций 1, depth 3, seed=нет"
100000003157679100,consolidator,1.0,40,0.550995,"consolidator: вход. рёбер 4, исход. 0; суммы 541000.00/0.00 KZT; транзакций 4, depth 3, seed=нет"
100000001229743100,transit,0.75,0,0.608308,"transit: вход. рёбер 1, исход. 1; суммы 7000.00/9000.00 KZT; транзакций 2, depth 3, seed=нет"
100000003795588100,terminal,0.75,0,0.453968,"terminal: вход. рёбер 1, исход. 0; суммы 400000.00/0.00 KZT; транзакций 2, depth 3, seed=нет"
100000002301828100,terminal,0.75,25,0.422458,"terminal: вход. рёбер 1, исход. 0; суммы 46977.00/0.00 KZT; транзакций 1, depth 3, seed=нет"
100000005409156100,consolidator,0.5,8,0.36183,"consolidator: вход. рёбер 2, исход. 0; суммы 260080.00/0.00 KZT; транзакций 2, depth 3, seed=нет"
100000002513028100,distributor,0.75,55,0.656757,"distributor: вход. рёбер 1, исход. 3; суммы 9500.00/332709.00 KZT; транзакций 25, depth 3, seed=нет"
100000003218308100,terminal,0.75,0,0.40132,"terminal: вход. рёбер 1, исход. 0; суммы 11165.00/0.00 KZT; транзакций 1, depth 3, seed=нет"
100000008489604100,terminal,0.75,19,0.401101,"terminal: вход. рёбер 1, исход. 0; суммы 11000.00/0.00 KZT; транзакций 1, depth 3, seed=нет"
100000004450649100,consolidator,0.5,8,0.412312,"consolidator: вход. рёбер 2, исход. 2; суммы 192528.00/46527.00 KZT; транзакций 4, depth 3, seed=нет"
100000008767065100,terminal,0.75,44,0.399699,"terminal: вход. рёбер 1, исход. 0; суммы 10000.00/0.00 KZT; транзакций 1, depth 3, seed=нет"
100000003035737100,consolidator,0.5,8,0.381959,"consolidator: вход. рёбер 2, исход. 1; суммы 809170.00/6544.53 KZT; транзакций 4, depth 3, seed=нет"
100000002748761100,terminal,0.75,21,0.464106,"terminal: вход. рёбер 1, исход. 0; суммы 796800.00/0.00 KZT; транзакций 3, depth 3, seed=нет"
100000008432942100,terminal,0.75,0,0.421675,"terminal: вход. рёбер 1, исход. 0; суммы 44542.00/0.00 KZT; транзакций 2, depth 3, seed=нет"
100000004278574100,transit,0.75,8,0.520838,"transit: вход. рёбер 1, исход. 1; суммы 25000.00/12500.00 KZT; транзакций 2, depth 3, seed=нет"
100000000926766100,peripheral,0.35,11,0.338725,"peripheral: вход. рёбер 1, исход. 1; суммы 18750.00/6000.00 KZT; транзакций 2, depth 3, seed=нет"
100000008661550100,terminal,0.75,19,0.411823,"terminal: вход. рёбер 1, исход. 0; суммы 22800.00/0.00 KZT; транзакций 1, depth 3, seed=нет"
100000000783406100,terminal,0.75,36,0.392345,"terminal: вход. рёбер 1, исход. 0; суммы 6066.00/0.00 KZT; транзакций 1, depth 3, seed=нет"
100000008730371100,consolidator,0.5,0,0.372023,"consolidator: вход. рёбер 2, исход. 0; суммы 520000.00/0.00 KZT; транзакций 3, depth 3, seed=нет"
100000002878467100,consolidator,0.5,40,0.357965,"consolidator: вход. рёбер 2, исход. 0; суммы 200000.00/0.00 KZT; транзакций 2, depth 3, seed=нет"
100000003171587100,consolidator,0.5,8,0.510076,"consolidator: вход. рёбер 2, исход. 2; суммы 700000.00/431300.00 KZT; транзакций 9, depth 3, seed=нет"
100000002696152100,distributor,0.5,9,0.548043,"distributor: вход. рёбер 1, исход. 2; суммы 21800.00/69000.00 KZT; транзакций 11, depth 3, seed=нет"
100000002109656100,terminal,0.75,21,0.457251,"terminal: вход. рёбер 1, исход. 0; суммы 500000.00/0.00 KZT; транзакций 1, depth 3, seed=нет"
100000001317336100,distributor,0.5,34,0.59265,"distributor: вход. рёбер 1, исход. 2; суммы 131196.00/1752000.00 KZT; транзакций 4, depth 3, seed=нет"
100000005222360100,peripheral,0.35,38,0.478505,"peripheral: вход. рёбер 1, исход. 1; суммы 5000.00/27000.00 KZT; транзакций 2, depth 3, seed=нет"
100000001445848100,transit,0.75,36,0.596441,"transit: вход. рёбер 1, исход. 1; суммы 546000.00/351850.00 KZT; транзакций 27, depth 3, seed=нет"
100000008720856100,peripheral,0.35,8,0.488726,"peripheral: вход. рёбер 1, исход. 1; суммы 18105.00/46000.00 KZT; транзакций 3, depth 3, seed=нет"
100000002448088100,coordinator,0.5,30,0.53941,"coordinator: вход. рёбер 3, исход. 1; суммы 20000.00/25000.00 KZT; транзакций 4, depth 3, seed=нет"
100000003109805100,terminal,0.75,25,0.418917,"terminal: вход. рёбер 1, исход. 0; суммы 36929.00/0.00 KZT; транзакций 1, depth 3, seed=нет"
100000008223661100,distributor,0.519960396039604,40,0.585825,"distributor: вход. рёбер 2, исход. 5; суммы 202000.00/262580.00 KZT; транзакций 7, depth 3, seed=нет"
100000004096559100,terminal,0.75,2,0.422212,"terminal: вход. рёбер 1, исход. 0; суммы 46200.00/0.00 KZT; транзакций 1, depth 3, seed=нет"
100000002257794100,terminal,0.75,32,0.439925,"terminal: вход. рёбер 1, исход. 0; суммы 154000.00/0.00 KZT; транзакций 1, depth 3, seed=нет"
100000003112578100,terminal,0.75,21,0.433731,"terminal: вход. рёбер 1, исход. 0; суммы 101080.00/0.00 KZT; транзакций 1, depth 3, seed=нет"
100000007020162100,terminal,0.75,38,0.431421,"terminal: вход. рёбер 1, исход. 0; суммы 86395.00/0.00 KZT; транзакций 1, depth 3, seed=нет"
100000001934935100,terminal,0.75,0,0.436124,"terminal: вход. рёбер 1, исход. 0; суммы 118935.00/0.00 KZT; транзакций 1, depth 3, seed=нет"
100000002663511100,terminal,0.75,0,0.448127,"terminal: вход. рёбер 1, исход. 0; суммы 268940.00/0.00 KZT; транзакций 1, depth 3, seed=нет"
100000003338583100,terminal,0.75,32,0.411139,"terminal: вход. рёбер 1, исход. 0; суммы 21765.00/0.00 KZT; транзакций 1, depth 3, seed=нет"
100000002904919100,peripheral,0.35,0,0.30735,"peripheral: вход. рёбер 1, исход. 1; суммы 60325.00/5500.00 KZT; транзакций 2, depth 3, seed=нет"
100000005127767100,terminal,0.75,16,0.394452,"terminal: вход. рёбер 1, исход. 0; суммы 7000.00/0.00 KZT; транзакций 1, depth 3, seed=нет"
100000004066647100,terminal,0.75,41,0.423667,"terminal: вход. рёбер 1, исход. 0; суммы 51000.00/0.00 KZT; транзакций 1, depth 3, seed=нет"
100000002394199100,peripheral,0.35,2,0.369228,"peripheral: вход. рёбер 1, исход. 1; суммы 277398.00/76777.00 KZT; транзакций 4, depth 3, seed=нет"
100000003968044100,distributor,0.75,1,0.65713,"distributor: вход. рёбер 1, исход. 3; суммы 40000.00/311000.00 KZT; транзакций 5, depth 3, seed=нет"
100000001808684100,transit,0.75,2,0.588851,"transit: вход. рёбер 1, исход. 1; суммы 48400.00/37700.00 KZT; транзакций 5, depth 3, seed=нет"
100000008097580100,consolidator,0.5,1,0.331005,"consolidator: вход. рёбер 2, исход. 0; суммы 32000.00/0.00 KZT; транзакций 4, depth 3, seed=нет"
100000008687617100,terminal,0.75,19,0.421276,"terminal: вход. рёбер 1, исход. 0; суммы 43350.00/0.00 KZT; транзакций 2, depth 3, seed=нет"
100000005667841100,consolidator,0.5,40,0.356897,"consolidator: вход. рёбер 2, исход. 0; суммы 186000.00/0.00 KZT; транзакций 2, depth 3, seed=нет"
100000001329153100,terminal,0.75,0,0.439605,"terminal: вход. рёбер 1, исход. 0; суммы 150687.00/0.00 KZT; транзакций 1, depth 3, seed=нет"
100000007689942100,distributor,0.5,41,0.53175,"distributor: вход. рёбер 1, исход. 2; суммы 5000.00/25000.00 KZT; транзакций 3, depth 3, seed=нет"
100000006476758100,terminal,0.75,9,0.390079,"terminal: вход. рёбер 1, исход. 0; суммы 5200.00/0.00 KZT; транзакций 1, depth 3, seed=нет"
100000002184107100,terminal,0.75,36,0.392345,"terminal: вход. рёбер 1, исход. 0; суммы 6066.00/0.00 KZT; транзакций 1, depth 3, seed=нет"
100000008663723100,terminal,0.75,19,0.40624,"terminal: вход. рёбер 1, исход. 0; суммы 15600.00/0.00 KZT; транзакций 1, depth 3, seed=нет"
100000000254336100,consolidator,0.5,0,0.479601,"consolidator: вход. рёбер 2, исход. 1; суммы 97177.00/60000.00 KZT; транзакций 3, depth 3, seed=нет"
100000008750464100,terminal,0.75,19,0.397308,"terminal: вход. рёбер 1, исход. 0; суммы 8500.00/0.00 KZT; транзакций 1, depth 3, seed=нет"
100000001530709100,terminal,0.75,0,0.424497,"terminal: вход. рёбер 1, исход. 0; суммы 53961.00/0.00 KZT; транзакций 1, depth 3, seed=нет"
100000000656682100,transit,0.75,0,0.643025,"transit: вход. рёбер 1, исход. 2; суммы 71000.00/80000.00 KZT; транзакций 4, depth 3, seed=нет"
100000008755754100,terminal,0.75,21,0.394452,"terminal: вход. рёбер 1, исход. 0; суммы 7000.00/0.00 KZT; транзакций 1, depth 3, seed=нет"
100000002691583100,terminal,0.75,12,0.448991,"terminal: вход. рёбер 1, исход. 0; суммы 285200.00/0.00 KZT; транзакций 1, depth 3, seed=нет"
100000005241556100,terminal,0.75,33,0.433573,"terminal: вход. рёбер 1, исход. 0; суммы 100000.00/0.00 KZT; транзакций 1, depth 3, seed=нет"
100000004713684100,terminal,0.75,0,0.419143,"terminal: вход. рёбер 1, исход. 0; суммы 37500.00/0.00 KZT; транзакций 1, depth 3, seed=нет"
100000006919124100,terminal,0.75,0,0.413178,"terminal: вход. рёбер 1, исход. 0; суммы 25000.00/0.00 KZT; транзакций 1, depth 3, seed=нет"
100000003006633100,terminal,0.75,36,0.399699,"terminal: вход. рёбер 1, исход. 0; суммы 10000.00/0.00 KZT; транзакций 1, depth 3, seed=нет"
100000008306857100,terminal,0.75,21,0.436856,"terminal: вход. рёбер 1, исход. 0; суммы 125000.00/0.00 KZT; транзакций 1, depth 3, seed=нет"
100000003671721100,terminal,0.75,15,0.389502,"terminal: вход. рёбер 1, исход. 0; суммы 5000.00/0.00 KZT; транзакций 1, depth 3, seed=нет"
100000002613929100,terminal,0.75,2,0.415137,"terminal: вход. рёбер 1, исход. 0; суммы 28560.00/0.00 KZT; транзакций 1, depth 3, seed=нет"
100000008669310100,terminal,0.75,0,0.425951,"terminal: вход. рёбер 1, исход. 0; суммы 59567.00/0.00 KZT; транзакций 2, depth 3, seed=нет"
100000006573438100,terminal,0.75,62,0.389502,"terminal: вход. рёбер 1, исход. 0; суммы 5000.00/0.00 KZT; транзакций 1, depth 3, seed=нет"
100000006165886100,consolidator,0.5,0,0.4448,"consolidator: вход. рёбер 2, исход. 1; суммы 184481.00/75000.00 KZT; транзакций 3, depth 3, seed=нет"
100000008491390100,terminal,0.75,0,0.418542,"terminal: вход. рёбер 1, исход. 0; суммы 36000.00/0.00 KZT; транзакций 1, depth 3, seed=нет"
100000005186131100,transit,0.75,0,0.61159,"transit: вход. рёбер 1, исход. 1; суммы 10000.00/10000.00 KZT; транзакций 2, depth 3, seed=нет"
100000001550419100,terminal,0.75,38,0.411951,"terminal: вход. рёбер 1, исход. 0; суммы 23000.00/0.00 KZT; транзакций 1, depth 3, seed=нет"
100000004979283100,terminal,0.75,15,0.420141,"terminal: вход. рёбер 1, исход. 0; суммы 40132.00/0.00 KZT; транзакций 1, depth 3, seed=нет"
100000002537811100,peripheral,0.35,9,0.347068,"peripheral: вход. рёбер 1, исход. 1; суммы 52000.00/15000.00 KZT; транзакций 2, depth 3, seed=нет"
100000002990675100,terminal,0.75,8,0.423708,"terminal: вход. рёбер 1, исход. 0; суммы 51143.00/0.00 KZT; транзакций 1, depth 3, seed=нет"
100000008763688100,terminal,0.75,19,0.410613,"terminal: вход. рёбер 1, исход. 0; суммы 21000.00/0.00 KZT; транзакций 1, depth 3, seed=нет"
100000002809896100,terminal,0.75,15,0.419338,"terminal: вход. рёбер 1, исход. 0; суммы 38000.00/0.00 KZT; транзакций 1, depth 3, seed=нет"
100000008716072100,terminal,0.75,19,0.402503,"terminal: вход. рёбер 1, исход. 0; суммы 12100.00/0.00 KZT; транзакций 1, depth 3, seed=нет"
100000001279272100,transit,0.75,0,0.566269,"transit: вход. рёбер 1, исход. 2; суммы 250000.00/136758.00 KZT; транзакций 3, depth 3, seed=нет"
100000001714173100,terminal,0.75,44,0.460857,"terminal: вход. рёбер 1, исход. 0; суммы 638905.00/0.00 KZT; транзакций 6, depth 3, seed=нет"
100000008729597100,terminal,0.75,1,0.430847,"terminal: вход. рёбер 1, исход. 0; суммы 83090.00/0.00 KZT; транзакций 1, depth 3, seed=нет"
100000002255058100,terminal,0.75,3,0.456998,"terminal: вход. рёбер 1, исход. 0; суммы 491500.00/0.00 KZT; транзакций 2, depth 3, seed=нет"
100000006111442100,terminal,0.75,40,0.427007,"terminal: вход. рёбер 1, исход. 0; суммы 64000.00/0.00 KZT; транзакций 1, depth 3, seed=нет"
100000008686247100,peripheral,0.35,18,0.32146,"peripheral: вход. рёбер 1, исход. 1; суммы 22000.00/5000.00 KZT; транзакций 3, depth 3, seed=нет"
100000001893287100,peripheral,0.35,2,0.503135,"peripheral: вход. рёбер 1, исход. 1; суммы 18000.00/152700.00 KZT; транзакций 17, depth 3, seed=нет"
100000005172860100,terminal,0.75,0,0.405867,"terminal: вход. рёбер 1, исход. 0; суммы 15209.20/0.00 KZT; транзакций 1, depth 3, seed=нет"
100000001788284100,distributor,1.0,11,0.745939,"distributor: вход. рёбер 1, исход. 5; суммы 8000.00/296700.00 KZT; транзакций 9, depth 3, seed=нет"
100000008755580100,terminal,0.75,19,0.406613,"terminal: вход. рёбер 1, исход. 0; суммы 16000.00/0.00 KZT; транзакций 1, depth 3, seed=нет"
100000003896956100,peripheral,0.35,4,0.48064,"peripheral: вход. рёбер 1, исход. 1; суммы 10000.00/27000.00 KZT; транзакций 3, depth 3, seed=нет"
100000002475601100,terminal,0.75,33,0.445973,"terminal: вход. рёбер 1, исход. 0; суммы 232301.00/0.00 KZT; транзакций 1, depth 3, seed=нет"
100000008619857100,peripheral,0.35,0,0.373855,"peripheral: вход. рёбер 1, исход. 2; суммы 29000.00/13000.00 KZT; транзакций 3, depth 3, seed=нет"
100000001373265100,peripheral,0.35,1,0.308002,"peripheral: вход. рёбер 1, исход. 1; суммы 142482.00/5000.00 KZT; транзакций 2, depth 3, seed=нет"
100000004185681100,terminal,0.75,3,0.399699,"terminal: вход. рёбер 1, исход. 0; суммы 10000.00/0.00 KZT; транзакций 1, depth 3, seed=нет"
100000003031633100,terminal,0.75,40,0.454474,"terminal: вход. рёбер 1, исход. 0; суммы 414000.00/0.00 KZT; транзакций 2, depth 3, seed=нет"
100000002632742100,consolidator,0.5,40,0.360369,"consolidator: вход. рёбер 2, исход. 0; суммы 235500.00/0.00 KZT; транзакций 2, depth 3, seed=нет"
100000005847078100,terminal,0.75,19,0.406886,"terminal: вход. рёбер 1, исход. 0; суммы 16300.00/0.00 KZT; транзакций 1, depth 3, seed=нет"
100000002807334100,terminal,0.75,8,0.424701,"terminal: вход. рёбер 1, исход. 0; суммы 54715.00/0.00 KZT; транзакций 1, depth 3, seed=нет"
100000008748795100,terminal,0.75,0,0.422483,"terminal: вход. рёбер 1, исход. 0; суммы 47057.00/0.00 KZT; транзакций 1, depth 3, seed=нет"
100000003899899100,consolidator,0.5,4,0.370773,"consolidator: вход. рёбер 2, исход. 1; суммы 218500.00/10000.00 KZT; транзакций 6, depth 3, seed=нет"
100000002308091100,terminal,0.75,21,0.442759,"terminal: вход. рёбер 1, исход. 0; суммы 186720.00/0.00 KZT; транзакций 1, depth 3, seed=нет"
100000008680912100,peripheral,0.35,0,0.311951,"peripheral: вход. рёбер 1, исход. 1; суммы 45112.00/5990.85 KZT; транзакций 3, depth 3, seed=нет"
100000008742053100,distributor,1.0,21,0.79043,"distributor: вход. рёбер 1, исход. 12; суммы 10000.00/2789000.00 KZT; транзакций 13, depth 3, seed=нет"
100000008473765100,terminal,0.75,1,0.41586,"terminal: вход. рёбер 1, исход. 0; суммы 30000.00/0.00 KZT; транзакций 1, depth 3, seed=нет"
100000007472293100,distributor,0.75,44,0.657126,"distributor: вход. рёбер 1, исход. 3; суммы 5000.00/345900.00 KZT; транзакций 4, depth 3, seed=нет"
100000008753061100,terminal,0.75,19,0.415054,"terminal: вход. рёбер 1, исход. 0; суммы 28400.00/0.00 KZT; транзакций 2, depth 3, seed=нет"
100000008501413100,transit,0.75,9,0.60154,"transit: вход. рёбер 1, исход. 1; суммы 5000.00/5100.00 KZT; транзакций 2, depth 3, seed=нет"
100000002748581100,terminal,0.75,38,0.42052,"terminal: вход. рёбер 1, исход. 0; суммы 41180.00/0.00 KZT; транзакций 1, depth 3, seed=нет"
100000001384826100,peripheral,0.35,8,0.320175,"peripheral: вход. рёбер 1, исход. 1; суммы 364260.00/10000.00 KZT; транзакций 2, depth 3, seed=нет"
100000004099450100,terminal,0.75,0,0.416343,"terminal: вход. рёбер 1, исход. 0; суммы 31000.00/0.00 KZT; транзакций 1, depth 3, seed=нет"
100000002926970100,terminal,0.75,15,0.431182,"terminal: вход. рёбер 1, исход. 0; суммы 85000.00/0.00 KZT; транзакций 1, depth 3, seed=нет"
100000002753146100,terminal,0.75,21,0.46423,"terminal: вход. рёбер 1, исход. 0; суммы 803540.00/0.00 KZT; транзакций 3, depth 3, seed=нет"
100000003943247100,terminal,0.75,0,0.420093,"terminal: вход. рёбер 1, исход. 0; суммы 40000.00/0.00 KZT; транзакций 1, depth 3, seed=нет"
100000002872399100,terminal,0.75,2,0.468716,"terminal: вход. рёбер 1, исход. 0; суммы 1090000.00/0.00 KZT; транзакций 9, depth 3, seed=нет"
100000008417359100,distributor,0.5,25,0.555581,"distributor: вход. рёбер 1, исход. 2; суммы 40810.00/110760.00 KZT; транзакций 5, depth 3, seed=нет"
100000002614095100,terminal,0.75,19,0.39036,"terminal: вход. рёбер 1, исход. 0; суммы 5300.00/0.00 KZT; транзакций 1, depth 3, seed=нет"
100000004717647100,distributor,1.0,50,0.777137,"distributor: вход. рёбер 1, исход. 5; суммы 300000.00/2240000.00 KZT; транзакций 12, depth 3, seed=нет"
100000008537380100,terminal,0.75,19,0.396416,"terminal: вход. рёбер 1, исход. 0; суммы 8000.00/0.00 KZT; транзакций 1, depth 3, seed=нет"
100000001534244100,consolidator,0.5,40,0.394847,"consolidator: вход. рёбер 2, исход. 1; суммы 366000.00/45000.00 KZT; транзакций 3, depth 3, seed=нет"
100000008767950100,terminal,0.75,19,0.407804,"terminal: вход. рёбер 1, исход. 0; суммы 17350.00/0.00 KZT; транзакций 1, depth 3, seed=нет"
100000004613582100,transit,0.75,2,0.606859,"transit: вход. рёбер 1, исход. 1; суммы 5000.00/9500.00 KZT; транзакций 2, depth 3, seed=нет"
100000008121806100,distributor,1.0,1,0.744757,"distributor: вход. рёбер 1, исход. 4; суммы 67000.00/248509.00 KZT; транзакций 7, depth 3, seed=нет"
100000002369443100,terminal,0.75,19,0.423375,"terminal: вход. рёбер 1, исход. 0; суммы 50000.00/0.00 KZT; транзакций 1, depth 3, seed=нет"
100000008655779100,transit,0.75,13,0.537192,"transit: вход. рёбер 1, исход. 2; суммы 47000.00/24704.00 KZT; транзакций 3, depth 3, seed=нет"
100000008561016100,transit,0.75,40,0.654315,"transit: вход. рёбер 1, исход. 1; суммы 180000.00/185000.00 KZT; транзакций 6, depth 3, seed=нет"
100000002727288100,terminal,0.75,4,0.406613,"terminal: вход. рёбер 1, исход. 0; суммы 16000.00/0.00 KZT; транзакций 1, depth 3, seed=нет"
100000001270349100,terminal,0.75,46,0.44377,"terminal: вход. рёбер 1, исход. 0; суммы 200000.00/0.00 KZT; транзакций 1, depth 3, seed=нет"
100000004722765100,distributor,0.75,48,0.686098,"distributor: вход. рёбер 1, исход. 3; суммы 230000.00/2284500.00 KZT; транзакций 10, depth 3, seed=нет"
100000001677389100,peripheral,0.35,25,0.366853,"peripheral: вход. рёбер 1, исход. 1; суммы 11000.00/5400.00 KZT; транзакций 2, depth 3, seed=нет"
100000005857058100,consolidator,0.75,0,0.43372,"consolidator: вход. рёбер 3, исход. 0; суммы 80222.00/0.00 KZT; транзакций 3, depth 3, seed=нет"
100000008760098100,peripheral,0.35,44,0.515552,"peripheral: вход. рёбер 1, исход. 1; суммы 7000.00/390000.00 KZT; транзакций 2, depth 3, seed=нет"
100000002838519100,terminal,0.75,38,0.422434,"terminal: вход. рёбер 1, исход. 0; суммы 46900.00/0.00 KZT; транзакций 1, depth 3, seed=нет"
100000002597623100,terminal,0.75,0,0.406992,"terminal: вход. рёбер 1, исход. 0; суммы 16418.00/0.00 KZT; транзакций 1, depth 3, seed=нет"
100000003635660100,terminal,0.75,0,0.409129,"terminal: вход. рёбер 1, исход. 0; суммы 18985.00/0.00 KZT; транзакций 1, depth 3, seed=нет"
100000008676812100,terminal,0.75,41,0.445877,"terminal: вход. рёбер 1, исход. 0; суммы 230800.00/0.00 KZT; транзакций 1, depth 3, seed=нет"
100000003213473100,distributor,1.0,3,0.755756,"distributor: вход. рёбер 1, исход. 11; суммы 57500.00/240000.00 KZT; транзакций 14, depth 3, seed=нет"
100000003071649100,terminal,0.75,40,0.442977,"terminal: вход. рёбер 1, исход. 0; суммы 189500.00/0.00 KZT; транзакций 1, depth 3, seed=нет"
100000002433697100,transit,0.75,8,0.617378,"transit: вход. рёбер 1, исход. 1; суммы 130000.00/110000.00 KZT; транзакций 2, depth 3, seed=нет"
100000008612257100,terminal,0.75,25,0.398944,"terminal: вход. рёбер 1, исход. 0; суммы 9500.00/0.00 KZT; транзакций 1, depth 3, seed=нет"
100000002736033100,peripheral,0.35,25,0.347405,"peripheral: вход. рёбер 1, исход. 1; суммы 34530.00/11000.00 KZT; транзакций 2, depth 3, seed=нет"
100000008687990100,terminal,0.75,19,0.408015,"terminal: вход. рёбер 1, исход. 0; суммы 17600.00/0.00 KZT; транзакций 1, depth 3, seed=нет"
100000008776310100,terminal,0.75,19,0.409295,"terminal: вход. рёбер 1, исход. 0; суммы 19200.00/0.00 KZT; транзакций 1, depth 3, seed=нет"
100000007267915100,consolidator,0.5,25,0.427471,"consolidator: вход. рёбер 2, исход. 1; суммы 21000.00/10000.00 KZT; транзакций 4, depth 3, seed=нет"
100000004217419100,consolidator,0.5,1,0.36588,"consolidator: вход. рёбер 2, исход. 1; суммы 118200.00/7700.00 KZT; транзакций 4, depth 3, seed=нет"
100000002773323100,peripheral,0.35,40,0.536372,"peripheral: вход. рёбер 2, исход. 1; суммы 285000.00/1171644.00 KZT; транзакций 4, depth 3, seed=нет"
100000002528544100,terminal,0.75,33,0.443239,"terminal: вход. рёбер 1, исход. 0; суммы 192912.00/0.00 KZT; транзакций 1, depth 3, seed=нет"
100000003760160100,terminal,0.75,8,0.434216,"terminal: вход. рёбер 1, исход. 0; суммы 104470.00/0.00 KZT; транзакций 1, depth 3, seed=нет"
100000000640800100,distributor,1.0,1,0.754167,"distributor: вход. рёбер 1, исход. 4; суммы 80000.00/518135.00 KZT; транзакций 7, depth 3, seed=нет"
100000008238112100,terminal,0.75,8,0.443016,"terminal: вход. рёбер 1, исход. 0; суммы 190000.00/0.00 KZT; транзакций 1, depth 3, seed=нет"
100000008751349100,terminal,0.75,12,0.40192,"terminal: вход. рёбер 1, исход. 0; суммы 11630.00/0.00 KZT; транзакций 1, depth 3, seed=нет"
100000002963189100,distributor,1.0,38,0.792441,"distributor: вход. рёбер 1, исход. 7; суммы 490000.00/5219000.00 KZT; транзакций 18, depth 3, seed=нет"
100000008548853100,terminal,0.75,19,0.404648,"terminal: вход. рёбер 1, исход. 0; суммы 14000.00/0.00 KZT; транзакций 1, depth 3, seed=нет"
100000003164661100,terminal,0.75,24,0.459839,"terminal: вход. рёбер 1, исход. 0; суммы 596200.00/0.00 KZT; транзакций 3, depth 3, seed=нет"
100000000791285100,coordinator,0.5,12,0.509505,"coordinator: вход. рёбер 1, исход. 3; суммы 1120000.00/650000.00 KZT; транзакций 5, depth 3, seed=нет"
100000003192309100,peripheral,0.35,19,0.507534,"peripheral: вход. рёбер 1, исход. 1; суммы 17200.00/213000.00 KZT; транзакций 2, depth 3, seed=нет"
100000002891765100,terminal,0.75,38,0.424931,"terminal: вход. рёбер 1, исход. 0; суммы 55576.00/0.00 KZT; транзакций 1, depth 3, seed=нет"
100000001740277100,transit,0.75,2,0.520967,"transit: вход. рёбер 1, исход. 1; суммы 8700.00/5000.00 KZT; транзакций 2, depth 3, seed=нет"
100000002232266100,terminal,0.75,1,0.421825,"terminal: вход. рёбер 1, исход. 0; суммы 45000.00/0.00 KZT; транзакций 1, depth 3, seed=нет"
100000006701983100,terminal,0.75,19,0.41431,"terminal: вход. рёбер 1, исход. 0; суммы 27000.00/0.00 KZT; транзакций 1, depth 3, seed=нет"
100000002871199100,terminal,0.75,38,0.41207,"terminal: вход. рёбер 1, исход. 0; суммы 23186.00/0.00 KZT; транзакций 1, depth 3, seed=нет"
100000002757791100,terminal,0.75,46,0.428953,"terminal: вход. рёбер 1, исход. 0; суммы 73050.00/0.00 KZT; транзакций 1, depth 3, seed=нет"
100000000572276100,peripheral,0.35,19,0.484353,"peripheral: вход. рёбер 1, исход. 1; суммы 13075.00/34547.00 KZT; транзакций 2, depth 3, seed=нет"
100000001853812100,terminal,0.75,1,0.428325,"terminal: вход. рёбер 1, исход. 0; суммы 70000.00/0.00 KZT; транзакций 1, depth 3, seed=нет"
100000004726132100,peripheral,0.35,0,0.328388,"peripheral: вход. рёбер 1, исход. 1; суммы 349000.00/24000.00 KZT; транзакций 3, depth 3, seed=нет"
100000001785161100,consolidator,0.5,31,0.330055,"consolidator: вход. рёбер 2, исход. 0; суммы 30000.00/0.00 KZT; транзакций 2, depth 3, seed=нет"
100000002612809100,distributor,0.75,23,0.644022,"distributor: вход. рёбер 1, исход. 3; суммы 30000.00/114000.00 KZT; транзакций 6, depth 3, seed=нет"
100000008769097100,terminal,0.75,19,0.41639,"terminal: вход. рёбер 1, исход. 0; суммы 31100.00/0.00 KZT; транзакций 1, depth 3, seed=нет"
100000004488265100,terminal,0.75,1,0.419622,"terminal: вход. рёбер 1, исход. 0; суммы 38740.00/0.00 KZT; транзакций 1, depth 3, seed=нет"
100000002509598100,terminal,0.75,21,0.450005,"terminal: вход. рёбер 1, исход. 0; суммы 305550.00/0.00 KZT; транзакций 1, depth 3, seed=нет"
100000008706846100,terminal,0.75,19,0.404857,"terminal: вход. рёбер 1, исход. 0; суммы 14200.00/0.00 KZT; транзакций 1, depth 3, seed=нет"
100000001280798100,terminal,0.75,15,0.412445,"terminal: вход. рёбер 1, исход. 0; суммы 23785.00/0.00 KZT; транзакций 1, depth 3, seed=нет"
100000006664478100,transit,0.75,46,0.639019,"transit: вход. рёбер 1, исход. 2; суммы 55000.00/60000.00 KZT; транзакций 5, depth 3, seed=нет"
100000003781406100,terminal,0.75,6,0.421825,"terminal: вход. рёбер 1, исход. 0; суммы 45000.00/0.00 KZT; транзакций 2, depth 3, seed=нет"
100000008708595100,terminal,0.75,19,0.407677,"terminal: вход. рёбер 1, исход. 0; суммы 17200.00/0.00 KZT; транзакций 1, depth 3, seed=нет"
100000004611571100,terminal,0.75,0,0.411661,"terminal: вход. рёбер 1, исход. 0; суммы 22550.00/0.00 KZT; транзакций 1, depth 3, seed=нет"
100000008576243100,consolidator,0.5,0,0.345012,"consolidator: вход. рёбер 2, исход. 0; суммы 82920.00/0.00 KZT; транзакций 4, depth 3, seed=нет"
100000008662216100,terminal,0.75,19,0.413868,"terminal: вход. рёбер 1, исход. 0; суммы 26200.00/0.00 KZT; транзакций 1, depth 3, seed=нет"
100000002681544100,consolidator,0.5,2,0.35523,"consolidator: вход. рёбер 2, исход. 0; суммы 166072.00/0.00 KZT; транзакций 2, depth 3, seed=нет"
100000007864477100,distributor,1.0,0,0.748058,"distributor: вход. рёбер 2, исход. 6; суммы 76000.00/203500.00 KZT; транзакций 12, depth 3, seed=нет"
100000004746397100,peripheral,0.35,8,0.314163,"peripheral: вход. рёбер 1, исход. 1; суммы 219520.00/7500.00 KZT; транзакций 2, depth 3, seed=нет"
100000003814002100,terminal,0.75,8,0.41586,"terminal: вход. рёбер 1, исход. 0; суммы 30000.00/0.00 KZT; транзакций 1, depth 3, seed=нет"
100000003962994100,terminal,0.75,16,0.399699,"terminal: вход. рёбер 1, исход. 0; суммы 10000.00/0.00 KZT; транзакций 1, depth 3, seed=нет"
100000003366471100,consolidator,0.5,1,0.380013,"consolidator: вход. рёбер 2, исход. 1; суммы 329789.00/20000.00 KZT; транзакций 6, depth 3, seed=нет"
100000003561031100,peripheral,0.35,1,0.345471,"peripheral: вход. рёбер 1, исход. 1; суммы 13300.00/5000.00 KZT; транзакций 2, depth 3, seed=нет"
100000001690439100,terminal,0.75,8,0.404857,"terminal: вход. рёбер 1, исход. 0; суммы 14200.00/0.00 KZT; транзакций 1, depth 3, seed=нет"
100000002954780100,terminal,0.75,40,0.437812,"terminal: вход. рёбер 1, исход. 0; суммы 133400.00/0.00 KZT; транзакций 1, depth 3, seed=нет"
100000008720668100,terminal,0.75,19,0.406613,"terminal: вход. рёбер 1, исход. 0; суммы 16000.00/0.00 KZT; транзакций 1, depth 3, seed=нет"
100000002459164100,terminal,0.75,0,0.409895,"terminal: вход. рёбер 1, исход. 0; суммы 20000.00/0.00 KZT; транзакций 1, depth 3, seed=нет"
100000005082652100,terminal,0.75,2,0.41586,"terminal: вход. рёбер 1, исход. 0; суммы 30000.00/0.00 KZT; транзакций 1, depth 3, seed=нет"
100000005041905100,peripheral,0.35,19,0.530348,"peripheral: вход. рёбер 1, исход. 1; суммы 5000.00/1080351.00 KZT; транзакций 6, depth 3, seed=нет"
100000008653041100,terminal,0.75,19,0.414845,"terminal: вход. рёбер 1, исход. 0; суммы 28000.00/0.00 KZT; транзакций 1, depth 3, seed=нет"
100000008722417100,distributor,0.75,8,0.673277,"distributor: вход. рёбер 1, исход. 3; суммы 331900.00/720000.00 KZT; транзакций 7, depth 3, seed=нет"
100000008625905100,distributor,0.5,43,0.580646,"distributor: вход. рёбер 1, исход. 2; суммы 197800.00/635000.00 KZT; транзакций 3, depth 3, seed=нет"
100000007487729100,terminal,0.75,0,0.413178,"terminal: вход. рёбер 1, исход. 0; суммы 25000.00/0.00 KZT; транзакций 1, depth 3, seed=нет"
100000000838385100,peripheral,0.35,13,0.404926,"peripheral: вход. рёбер 1, исход. 2; суммы 436900.00/177500.00 KZT; транзакций 14, depth 3, seed=нет"
100000004750321100,consolidator,0.5,15,0.337625,"consolidator: вход. рёбер 2, исход. 0; суммы 50185.00/0.00 KZT; транзакций 2, depth 3, seed=нет"
100000008664774100,terminal,0.75,19,0.406886,"terminal: вход. рёбер 1, исход. 0; суммы 16300.00/0.00 KZT; транзакций 1, depth 3, seed=нет"
100000006274203100,consolidator,0.5,8,0.409328,"consolidator: вход. рёбер 2, исход. 3; суммы 3417512.00/72000.00 KZT; транзакций 44, depth 3, seed=нет"
100000002185328100,distributor,1.0,30,0.722605,"distributor: вход. рёбер 1, исход. 4; суммы 15000.00/55000.00 KZT; транзакций 5, depth 3, seed=нет"
100000008254576100,peripheral,0.35,36,0.489594,"peripheral: вход. рёбер 1, исход. 1; суммы 8000.00/60000.00 KZT; транзакций 2, depth 3, seed=нет"
100000001689968100,consolidator,0.75,8,0.455153,"consolidator: вход. рёбер 3, исход. 0; суммы 344333.75/0.00 KZT; транзакций 3, depth 3, seed=нет"
100000002236528100,terminal,0.75,2,0.42746,"terminal: вход. рёбер 1, исход. 0; суммы 66000.00/0.00 KZT; транзакций 1, depth 3, seed=нет"
100000002670960100,terminal,0.75,21,0.45666,"terminal: вход. рёбер 1, исход. 0; суммы 480310.00/0.00 KZT; транзакций 1, depth 3, seed=нет"
100000003557488100,peripheral,0.35,34,0.369114,"peripheral: вход. рёбер 1, исход. 2; суммы 664992.00/138000.00 KZT; транзакций 7, depth 3, seed=нет"
100000003888197100,terminal,0.75,8,0.430861,"terminal: вход. рёбер 1, исход. 0; суммы 83167.00/0.00 KZT; транзакций 1, depth 3, seed=нет"
100000002799941100,terminal,0.75,41,0.459933,"terminal: вход. рёбер 1, исход. 0; суммы 600000.00/0.00 KZT; транзакций 1, depth 3, seed=нет"
100000001632325100,terminal,0.75,19,0.431285,"terminal: вход. рёбер 1, исход. 0; суммы 85600.00/0.00 KZT; транзакций 3, depth 3, seed=нет"
100000008620570100,consolidator,0.5,3,0.403403,"consolidator: вход. рёбер 2, исход. 2; суммы 145000.00/31800.00 KZT; транзакций 4, depth 3, seed=нет"
100000005308954100,peripheral,0.35,4,0.382054,"peripheral: вход. рёбер 1, исход. 1; суммы 69020.00/30000.00 KZT; транзакций 2, depth 3, seed=нет"
100000008468762100,consolidator,0.5,44,0.355574,"consolidator: вход. рёбер 2, исход. 0; суммы 170000.00/0.00 KZT; транзакций 2, depth 3, seed=нет"
100000002305007100,terminal,0.75,19,0.425043,"terminal: вход. рёбер 1, исход. 0; суммы 56000.00/0.00 KZT; транзакций 1, depth 3, seed=нет"
100000008314863100,terminal,0.75,3,0.402381,"terminal: вход. рёбер 1, исход. 0; суммы 12000.00/0.00 KZT; транзакций 1, depth 3, seed=нет"
100000005709551100,terminal,0.75,10,0.412917,"terminal: вход. рёбер 1, исход. 0; суммы 24560.00/0.00 KZT; транзакций 1, depth 3, seed=нет"
100000008297199100,terminal,0.75,0,0.420904,"terminal: вход. рёбер 1, исход. 0; суммы 42268.00/0.00 KZT; транзакций 1, depth 3, seed=нет"
100000003271151100,terminal,0.75,1,0.437123,"terminal: вход. рёбер 1, исход. 0; суммы 127294.00/0.00 KZT; транзакций 1, depth 3, seed=нет"
100000007005380100,terminal,0.75,8,0.398788,"terminal: вход. рёбер 1, исход. 0; суммы 9400.00/0.00 KZT; транзакций 1, depth 3, seed=нет"
100000004451012100,coordinator,0.5,41,0.501888,"coordinator: вход. рёбер 1, исход. 3; суммы 91245.00/65740.00 KZT; транзакций 4, depth 3, seed=нет"
100000004779204100,transit,0.75,0,0.556565,"transit: вход. рёбер 1, исход. 1; суммы 30450.00/20000.00 KZT; транзакций 3, depth 3, seed=нет"
100000002793881100,consolidator,0.75,40,0.467288,"consolidator: вход. рёбер 3, исход. 0; суммы 785600.00/0.00 KZT; транзакций 3, depth 3, seed=нет"
100000008671129100,terminal,0.75,19,0.413868,"terminal: вход. рёбер 1, исход. 0; суммы 26200.00/0.00 KZT; транзакций 1, depth 3, seed=нет"
100000002095257100,terminal,0.75,6,0.397308,"terminal: вход. рёбер 1, исход. 0; суммы 8500.00/0.00 KZT; транзакций 1, depth 3, seed=нет"
100000002194329100,terminal,0.75,0,0.413278,"terminal: вход. рёбер 1, исход. 0; суммы 25170.00/0.00 KZT; транзакций 1, depth 3, seed=нет"
100000001884825100,consolidator,0.75,40,0.460493,"consolidator: вход. рёбер 3, исход. 0; суммы 495000.00/0.00 KZT; транзакций 3, depth 3, seed=нет"
100000008692291100,coordinator,0.75,40,0.653974,"coordinator: вход. рёбер 3, исход. 3; суммы 160000.00/156000.00 KZT; транзакций 6, depth 3, seed=нет"
100000002697752100,consolidator,0.5,1,0.357271,"consolidator: вход. рёбер 2, исход. 0; суммы 190785.00/0.00 KZT; транзакций 2, depth 3, seed=нет"
100000007170072100,transit,0.75,1,0.646123,"transit: вход. рёбер 1, исход. 2; суммы 100000.00/99500.00 KZT; транзакций 10, depth 3, seed=нет"
100000002373144100,peripheral,0.35,0,0.333386,"peripheral: вход. рёбер 1, исход. 1; суммы 46468.00/10764.00 KZT; транзакций 2, depth 3, seed=нет"
100000000287768100,terminal,0.75,0,0.418199,"terminal: вход. рёбер 1, исход. 0; суммы 35168.00/0.00 KZT; транзакций 1, depth 3, seed=нет"
100000004508696100,distributor,0.75,16,0.641092,"distributor: вход. рёбер 1, исход. 3; суммы 7000.00/111000.00 KZT; транзакций 5, depth 3, seed=нет"
100000008688109100,terminal,0.75,19,0.40333,"terminal: вход. рёбер 1, исход. 0; суммы 12800.00/0.00 KZT; транзакций 1, depth 3, seed=нет"
100000008724461100,transit,0.75,40,0.647528,"transit: вход. рёбер 1, исход. 1; суммы 100111.00/130000.00 KZT; транзакций 2, depth 3, seed=нет"
100000001714413100,terminal,0.75,8,0.447063,"terminal: вход. рёбер 1, исход. 0; суммы 250172.00/0.00 KZT; транзакций 1, depth 3, seed=нет"
100000008672493100,terminal,0.75,19,0.404648,"terminal: вход. рёбер 1, исход. 0; суммы 14000.00/0.00 KZT; транзакций 1, depth 3, seed=нет"
100000003241965100,terminal,0.75,15,0.405663,"terminal: вход. рёбер 1, исход. 0; суммы 15000.00/0.00 KZT; транзакций 1, depth 3, seed=нет"
100000002241986100,distributor,1.0,28,0.782934,"distributor: вход. рёбер 1, исход. 6; суммы 280000.00/3077000.00 KZT; транзакций 13, depth 3, seed=нет"
100000004140994100,terminal,0.75,19,0.408867,"terminal: вход. рёбер 1, исход. 0; суммы 18650.00/0.00 KZT; транзакций 1, depth 3, seed=нет"
100000008489922100,distributor,1.0,40,0.83994,"distributor: вход. рёбер 3, исход. 36; суммы 262010.00/3789900.00 KZT; транзакций 46, depth 3, seed=нет"
100000001252290100,peripheral,0.35,8,0.307928,"peripheral: вход. рёбер 1, исход. 1; суммы 141005.00/5000.00 KZT; транзакций 2, depth 3, seed=нет"
100000008667799100,terminal,0.75,19,0.417702,"terminal: вход. рёбер 1, исход. 0; суммы 34000.00/0.00 KZT; транзакций 1, depth 3, seed=нет"
100000008684951100,terminal,0.75,19,0.407677,"terminal: вход. рёбер 1, исход. 0; суммы 17200.00/0.00 KZT; транзакций 1, depth 3, seed=нет"
100000006126743100,terminal,0.75,8,0.424777,"terminal: вход. рёбер 1, исход. 0; суммы 55000.00/0.00 KZT; транзакций 1, depth 3, seed=нет"
100000003009900100,terminal,0.75,15,0.406611,"terminal: вход. рёбер 1, исход. 0; суммы 15998.00/0.00 KZT; транзакций 1, depth 3, seed=нет"
100000001745217100,terminal,0.75,0,0.423375,"terminal: вход. рёбер 1, исход. 0; суммы 50000.00/0.00 KZT; транзакций 1, depth 3, seed=нет"
100000002886166100,terminal,0.75,32,0.442623,"terminal: вход. рёбер 1, исход. 0; суммы 185000.00/0.00 KZT; транзакций 3, depth 3, seed=нет"
100000002956779100,terminal,0.75,3,0.454367,"terminal: вход. рёбер 1, исход. 0; суммы 411000.00/0.00 KZT; транзакций 1, depth 3, seed=нет"
100000008568512100,terminal,0.75,8,0.443744,"terminal: вход. рёбер 1, исход. 0; суммы 199640.00/0.00 KZT; транзакций 1, depth 3, seed=нет"
100000008583360100,transit,0.75,15,0.650564,"transit: вход. рёбер 1, исход. 1; суммы 112843.00/170000.00 KZT; транзакций 2, depth 3, seed=нет"
100000001130176100,terminal,0.75,0,0.413178,"terminal: вход. рёбер 1, исход. 0; суммы 25000.00/0.00 KZT; транзакций 2, depth 3, seed=нет"
100000001145749100,terminal,0.75,3,0.399699,"terminal: вход. рёбер 1, исход. 0; суммы 10000.00/0.00 KZT; транзакций 1, depth 3, seed=нет"
100000005367445100,transit,0.75,40,0.601393,"transit: вход. рёбер 1, исход. 1; суммы 5000.00/5000.00 KZT; транзакций 2, depth 3, seed=нет"
100000003917461100,distributor,0.5,6,0.555428,"distributor: вход. рёбер 1, исход. 2; суммы 10000.00/140000.00 KZT; транзакций 6, depth 3, seed=нет"
100000008200810100,terminal,0.75,21,0.456496,"terminal: вход. рёбер 1, исход. 0; суммы 475000.00/0.00 KZT; транзакций 1, depth 3, seed=нет"
100000002554175100,terminal,0.75,15,0.412953,"terminal: вход. рёбер 1, исход. 0; суммы 24621.00/0.00 KZT; транзакций 1, depth 3, seed=нет"
100000008751380100,consolidator,0.5,40,0.36602,"consolidator: вход. рёбер 2, исход. 0; суммы 345780.00/0.00 KZT; транзакций 2, depth 3, seed=нет"
100000004071444100,peripheral,0.35,0,0.394443,"peripheral: вход. рёбер 1, исход. 1; суммы 247350.00/100000.00 KZT; транзакций 2, depth 3, seed=нет"
100000001141268100,consolidator,0.5,44,0.37701,"consolidator: вход. рёбер 2, исход. 1; суммы 480000.00/10000.00 KZT; транзакций 3, depth 3, seed=нет"
100000002645993100,distributor,0.7007452165156093,0,0.631095,"distributor: вход. рёбер 2, исход. 5; суммы 49650.00/86980.00 KZT; транзакций 13, depth 3, seed=нет"
100000002546921100,terminal,0.75,38,0.409895,"terminal: вход. рёбер 1, исход. 0; суммы 20000.00/0.00 KZT; транзакций 1, depth 3, seed=нет"
100000008753897100,terminal,0.75,19,0.412608,"terminal: вход. рёбер 1, исход. 0; суммы 24050.00/0.00 KZT; транзакций 1, depth 3, seed=нет"
100000000870121100,terminal,0.75,10,0.402381,"terminal: вход. рёбер 1, исход. 0; суммы 12000.00/0.00 KZT; транзакций 1, depth 3, seed=нет"
100000003171006100,consolidator,0.5,40,0.370997,"consolidator: вход. рёбер 2, исход. 0; суммы 485000.00/0.00 KZT; транзакций 2, depth 3, seed=нет"
100000001690558100,terminal,0.75,41,0.463018,"terminal: вход. рёбер 1, исход. 0; суммы 740000.00/0.00 KZT; транзакций 1, depth 3, seed=нет"
100000008667795100,terminal,0.75,19,0.417702,"terminal: вход. рёбер 1, исход. 0; суммы 34000.00/0.00 KZT; транзакций 1, depth 3, seed=нет"
100000005674387100,terminal,0.75,19,0.413868,"terminal: вход. рёбер 1, исход. 0; суммы 26200.00/0.00 KZT; транзакций 1, depth 3, seed=нет"
100000003636627100,peripheral,0.35,2,0.319193,"peripheral: вход. рёбер 1, исход. 1; суммы 77000.00/10000.00 KZT; транзакций 9, depth 3, seed=нет"
100000001275752100,terminal,0.75,40,0.439684,"terminal: вход. рёбер 1, исход. 0; суммы 151500.00/0.00 KZT; транзакций 1, depth 3, seed=нет"
100000002459240100,terminal,0.75,8,0.439538,"terminal: вход. рёбер 1, исход. 0; суммы 150000.00/0.00 KZT; транзакций 1, depth 3, seed=нет"
100000002644285100,terminal,0.75,21,0.457251,"terminal: вход. рёбер 1, исход. 0; суммы 500000.00/0.00 KZT; транзакций 1, depth 3, seed=нет"
100000005186109100,terminal,0.75,4,0.389502,"terminal: вход. рёбер 1, исход. 0; суммы 5000.00/0.00 KZT; транзакций 1, depth 3, seed=нет"
100000005317181100,peripheral,0.35,0,0.322317,"peripheral: вход. рёбер 1, исход. 1; суммы 141250.00/14500.00 KZT; транзакций 2, depth 3, seed=нет"
100000003001661100,distributor,1.0,13,0.754614,"distributor: вход. рёбер 1, исход. 5; суммы 110000.00/439500.00 KZT; транзакций 9, depth 3, seed=нет"
100000000288317100,consolidator,0.5,1,0.466157,"consolidator: вход. рёбер 2, исход. 3; суммы 100000.00/53500.00 KZT; транзакций 5, depth 3, seed=нет"
100000004368189100,peripheral,0.35,21,0.332486,"peripheral: вход. рёбер 1, исход. 2; суммы 384600.00/28200.00 KZT; транзакций 3, depth 3, seed=нет"
100000004493586100,terminal,0.75,0,0.395467,"terminal: вход. рёбер 1, исход. 0; суммы 7500.00/0.00 KZT; транзакций 1, depth 3, seed=нет"
100000004114962100,consolidator,0.5,8,0.355135,"consolidator: вход. рёбер 2, исход. 0; суммы 165000.00/0.00 KZT; транзакций 2, depth 3, seed=нет"
100000008088082100,transit,0.75,10,0.633576,"transit: вход. рёбер 1, исход. 1; суммы 39138.00/50000.00 KZT; транзакций 2, depth 3, seed=нет"
100000008595687100,peripheral,0.35,4,0.323296,"peripheral: вход. рёбер 1, исход. 1; суммы 64395.00/10400.00 KZT; транзакций 2, depth 3, seed=нет"
100000001248999100,terminal,0.75,25,0.412221,"terminal: вход. рёбер 1, исход. 0; суммы 23425.00/0.00 KZT; транзакций 1, depth 3, seed=нет"
100000002736316100,consolidator,0.75,0,0.451406,"consolidator: вход. рёбер 3, исход. 0; суммы 266921.00/0.00 KZT; транзакций 3, depth 3, seed=нет"
100000008596924100,terminal,0.75,2,0.433573,"terminal: вход. рёбер 1, исход. 0; суммы 100000.00/0.00 KZT; транзакций 1, depth 3, seed=нет"
100000008598972100,terminal,0.75,33,0.436255,"terminal: вход. рёбер 1, исход. 0; суммы 120000.00/0.00 KZT; транзакций 1, depth 3, seed=нет"
100000002769809100,terminal,0.75,41,0.435426,"terminal: вход. рёбер 1, исход. 0; суммы 113422.00/0.00 KZT; транзакций 1, depth 3, seed=нет"
100000003089553100,terminal,0.75,40,0.439538,"terminal: вход. рёбер 1, исход. 0; суммы 150000.00/0.00 KZT; транзакций 1, depth 3, seed=нет"
100000002343825100,consolidator,0.75,40,0.513457,"consolidator: вход. рёбер 3, исход. 2; суммы 350000.00/89800.00 KZT; транзакций 6, depth 3, seed=нет"
100000002015633100,terminal,0.75,8,0.432813,"terminal: вход. рёбер 1, исход. 0; суммы 94970.00/0.00 KZT; транзакций 1, depth 3, seed=нет"
100000002906470100,terminal,0.75,41,0.437433,"terminal: вход. рёбер 1, исход. 0; суммы 130000.00/0.00 KZT; транзакций 1, depth 3, seed=нет"
100000005628518100,terminal,0.75,41,0.429728,"terminal: вход. рёбер 1, исход. 0; суммы 77000.00/0.00 KZT; транзакций 3, depth 3, seed=нет"
100000002958139100,terminal,0.75,40,0.444453,"terminal: вход. рёбер 1, исход. 0; суммы 209500.00/0.00 KZT; транзакций 2, depth 3, seed=нет"
100000008754747100,terminal,0.75,19,0.421988,"terminal: вход. рёбер 1, исход. 0; суммы 45500.00/0.00 KZT; транзакций 1, depth 3, seed=нет"
100000008776720100,terminal,0.75,19,0.41384,"terminal: вход. рёбер 1, исход. 0; суммы 26150.00/0.00 KZT; транзакций 1, depth 3, seed=нет"
100000008576528100,terminal,0.75,8,0.414845,"terminal: вход. рёбер 1, исход. 0; суммы 28000.00/0.00 KZT; транзакций 1, depth 3, seed=нет"
100000004603109100,consolidator,0.75,18,0.520319,"consolidator: вход. рёбер 3, исход. 2; суммы 2730000.00/400000.00 KZT; транзакций 10, depth 3, seed=нет"
100000008721637100,distributor,0.5,2,0.555529,"distributor: вход. рёбер 1, исход. 2; суммы 24041.00/127000.00 KZT; транзакций 3, depth 3, seed=нет"
100000004491749100,terminal,0.75,2,0.423375,"terminal: вход. рёбер 1, исход. 0; суммы 50000.00/0.00 KZT; транзакций 1, depth 3, seed=нет"
100000005171642100,transit,0.75,46,0.671792,"transit: вход. рёбер 2, исход. 1; суммы 696800.00/683600.00 KZT; транзакций 9, depth 3, seed=нет"
100000008682426100,terminal,0.75,38,0.409895,"terminal: вход. рёбер 1, исход. 0; суммы 20000.00/0.00 KZT; транзакций 1, depth 3, seed=нет"
100000006209210100,terminal,0.75,2,0.445769,"terminal: вход. рёбер 1, исход. 0; суммы 229111.00/0.00 KZT; транзакций 1, depth 3, seed=нет"
100000003888527100,terminal,0.75,62,0.41586,"terminal: вход. рёбер 1, исход. 0; суммы 30000.00/0.00 KZT; транзакций 1, depth 3, seed=нет"
100000008490127100,distributor,0.8551145904506028,8,0.718875,"distributor: вход. рёбер 1, исход. 6; суммы 431755.00/923000.00 KZT; транзакций 11, depth 3, seed=нет"
100000004336228100,terminal,0.75,1,0.423784,"terminal: вход. рёбер 1, исход. 0; суммы 51407.00/0.00 KZT; транзакций 2, depth 3, seed=нет"
100000006844004100,terminal,0.75,0,0.41033,"terminal: вход. рёбер 1, исход. 0; суммы 20600.00/0.00 KZT; транзакций 1, depth 3, seed=нет"
100000001688676100,terminal,0.75,41,0.437845,"terminal: вход. рёбер 1, исход. 0; суммы 133700.00/0.00 KZT; транзакций 1, depth 3, seed=нет"
100000008712036100,terminal,0.75,19,0.410613,"terminal: вход. рёбер 1, исход. 0; суммы 21000.00/0.00 KZT; транзакций 1, depth 3, seed=нет"
100000004697956100,transit,0.75,2,0.61159,"transit: вход. рёбер 1, исход. 1; суммы 10000.00/10000.00 KZT; транзакций 2, depth 3, seed=нет"
100000004921657100,peripheral,0.35,3,0.477794,"peripheral: вход. рёбер 1, исход. 1; суммы 8300.00/22190.00 KZT; транзакций 2, depth 3, seed=нет"
100000000408846100,terminal,0.75,12,0.420275,"terminal: вход. рёбер 1, исход. 0; суммы 40500.00/0.00 KZT; транзакций 1, depth 3, seed=нет"
100000003406094100,coordinator,0.5,4,0.487753,"coordinator: вход. рёбер 1, исход. 3; суммы 70000.00/47000.00 KZT; транзакций 7, depth 3, seed=нет"
100000008695566100,terminal,0.75,19,0.417571,"terminal: вход. рёбер 1, исход. 0; суммы 33700.00/0.00 KZT; транзакций 1, depth 3, seed=нет"
100000005974542100,terminal,0.75,26,0.43274,"terminal: вход. рёбер 1, исход. 0; суммы 94500.00/0.00 KZT; транзакций 3, depth 3, seed=нет"
100000001887715100,consolidator,0.7101333333333333,44,0.58202,"consolidator: вход. рёбер 3, исход. 1; суммы 1331500.00/750000.00 KZT; транзакций 5, depth 3, seed=нет"
100000002472632100,consolidator,0.5,11,0.381747,"consolidator: вход. рёбер 2, исход. 1; суммы 502400.00/20000.00 KZT; транзакций 4, depth 3, seed=нет"
100000004629688100,peripheral,0.35,4,0.47159,"peripheral: вход. рёбер 1, исход. 1; суммы 5000.00/15000.00 KZT; транзакций 3, depth 3, seed=нет"
100000002459832100,consolidator,0.5,33,0.379772,"consolidator: вход. рёбер 2, исход. 0; суммы 880606.00/0.00 KZT; транзакций 2, depth 3, seed=нет"
100000006100920100,terminal,0.75,0,0.433573,"terminal: вход. рёбер 1, исход. 0; суммы 100000.00/0.00 KZT; транзакций 1, depth 3, seed=нет"
100000001439416100,distributor,0.5,48,0.557696,"distributor: вход. рёбер 1, исход. 2; суммы 10000.00/165000.00 KZT; транзакций 4, depth 3, seed=нет"
100000002121357100,consolidator,0.5,40,0.457166,"consolidator: вход. рёбер 2, исход. 1; суммы 255300.00/113000.00 KZT; транзакций 3, depth 3, seed=нет"
100000002970466100,distributor,0.5,0,0.551686,"distributor: вход. рёбер 1, исход. 2; суммы 23317.00/93000.00 KZT; транзакций 4, depth 3, seed=нет"
100000002581346100,terminal,0.75,8,0.441064,"terminal: вход. рёбер 1, исход. 0; суммы 166400.00/0.00 KZT; транзакций 1, depth 3, seed=нет"
100000008738658100,terminal,0.75,19,0.415821,"terminal: вход. рёбер 1, исход. 0; суммы 29920.00/0.00 KZT; транзакций 1, depth 3, seed=нет"
100000005910114100,distributor,1.0,0,0.799157,"distributor: вход. рёбер 3, исход. 19; суммы 326144.00/1469993.00 KZT; транзакций 59, depth 3, seed=нет"
100000001046626100,terminal,0.75,8,0.439538,"terminal: вход. рёбер 1, исход. 0; суммы 150000.00/0.00 KZT; транзакций 1, depth 3, seed=нет"
100000006492770100,peripheral,0.35,0,0.325751,"peripheral: вход. рёбер 1, исход. 1; суммы 269000.00/20000.00 KZT; транзакций 2, depth 3, seed=нет"
100000001674850100,consolidator,0.5,40,0.360462,"consolidator: вход. рёбер 2, исход. 0; суммы 237000.00/0.00 KZT; транзакций 2, depth 3, seed=нет"
100000000860514100,peripheral,0.35,11,0.488235,"peripheral: вход. рёбер 1, исход. 1; суммы 12000.00/50000.00 KZT; транзакций 2, depth 3, seed=нет"
100000003650146100,terminal,0.75,4,0.405063,"terminal: вход. рёбер 1, исход. 0; суммы 14400.00/0.00 KZT; транзакций 1, depth 3, seed=нет"
100000001227106100,terminal,0.75,8,0.440919,"terminal: вход. рёбер 1, исход. 0; суммы 164765.00/0.00 KZT; транзакций 1, depth 3, seed=нет"
100000003647799100,terminal,0.75,8,0.433573,"terminal: вход. рёбер 1, исход. 0; суммы 100000.00/0.00 KZT; транзакций 1, depth 3, seed=нет"
100000008293431100,distributor,1.0,0,0.746287,"distributor: вход. рёбер 1, исход. 5; суммы 15000.00/297000.00 KZT; транзакций 8, depth 3, seed=нет"
100000002975287100,terminal,0.75,25,0.405663,"terminal: вход. рёбер 1, исход. 0; суммы 15000.00/0.00 KZT; транзакций 1, depth 3, seed=нет"
100000008507703100,terminal,0.75,19,0.415106,"terminal: вход. рёбер 1, исход. 0; суммы 28500.00/0.00 KZT; транзакций 1, depth 3, seed=нет"
100000001733687100,terminal,0.75,40,0.449735,"terminal: вход. рёбер 1, исход. 0; суммы 300000.00/0.00 KZT; транзакций 1, depth 3, seed=нет"
100000004552204100,peripheral,0.35,39,0.369317,"peripheral: вход. рёбер 1, исход. 2; суммы 22500.00/10000.00 KZT; транзакций 4, depth 3, seed=нет"
100000008223756100,consolidator,0.5,1,0.365407,"consolidator: вход. рёбер 2, исход. 0; суммы 331682.00/0.00 KZT; транзакций 2, depth 3, seed=нет"
100000002956769100,consolidator,0.75,21,0.468273,"consolidator: вход. рёбер 3, исход. 0; суммы 840000.00/0.00 KZT; транзакций 3, depth 3, seed=нет"
100000008555233100,terminal,0.75,44,0.45539,"terminal: вход. рёбер 1, исход. 0; суммы 440600.00/0.00 KZT; транзакций 1, depth 3, seed=нет"
100000002346166100,terminal,0.75,19,0.392184,"terminal: вход. рёбер 1, исход. 0; суммы 6000.00/0.00 KZT; транзакций 1, depth 3, seed=нет"
100000000878006100,terminal,0.75,8,0.422466,"terminal: вход. рёбер 1, исход. 0; суммы 47003.00/0.00 KZT; транзакций 1, depth 3, seed=нет"
100000004997515100,consolidator,1.0,40,0.582644,"consolidator: вход. рёбер 4, исход. 4; суммы 395000.00/54500.00 KZT; транзакций 8, depth 3, seed=нет"
100000007653003100,terminal,0.75,25,0.433573,"terminal: вход. рёбер 1, исход. 0; суммы 100000.00/0.00 KZT; транзакций 1, depth 3, seed=нет"
100000000661131100,terminal,0.75,19,0.40624,"terminal: вход. рёбер 1, исход. 0; суммы 15600.00/0.00 KZT; транзакций 1, depth 3, seed=нет"
100000003880331100,distributor,1.0,1,0.80248,"distributor: вход. рёбер 1, исход. 16; суммы 100000.00/3904908.00 KZT; транзакций 32, depth 3, seed=нет"
100000003204491100,transit,0.75,0,0.591005,"transit: вход. рёбер 1, исход. 1; суммы 140000.00/100000.00 KZT; транзакций 3, depth 3, seed=нет"
100000008463968100,terminal,0.75,19,0.399699,"terminal: вход. рёбер 1, исход. 0; суммы 10000.00/0.00 KZT; транзакций 1, depth 3, seed=нет"
100000002712416100,consolidator,0.5,21,0.350052,"consolidator: вход. рёбер 2, исход. 0; суммы 116800.00/0.00 KZT; транзакций 2, depth 3, seed=нет"
100000008754997100,terminal,0.75,19,0.408345,"terminal: вход. рёбер 1, исход. 0; суммы 18000.00/0.00 KZT; транзакций 1, depth 3, seed=нет"
100000008011573100,terminal,0.75,25,0.405663,"terminal: вход. рёбер 1, исход. 0; суммы 15000.00/0.00 KZT; транзакций 1, depth 3, seed=нет"
100000003178549100,consolidator,0.5,25,0.443775,"consolidator: вход. рёбер 2, исход. 4; суммы 250000.00/89080.00 KZT; транзакций 6, depth 3, seed=нет"
100000000534581100,consolidator,0.5,1,0.491815,"consolidator: вход. рёбер 2, исход. 1; суммы 55960.00/40000.00 KZT; транзакций 3, depth 3, seed=нет"
100000007138613100,consolidator,0.75,0,0.512404,"consolidator: вход. рёбер 3, исход. 2; суммы 1002000.00/179000.00 KZT; транзакций 5, depth 3, seed=нет"
100000002380341100,terminal,0.75,0,0.425448,"terminal: вход. рёбер 1, исход. 0; суммы 57566.40/0.00 KZT; транзакций 1, depth 3, seed=нет"
100000008309514100,terminal,0.75,19,0.407677,"terminal: вход. рёбер 1, исход. 0; суммы 17200.00/0.00 KZT; транзакций 1, depth 3, seed=нет"
100000003134474100,terminal,0.75,8,0.435756,"terminal: вход. рёбер 1, исход. 0; суммы 116000.00/0.00 KZT; транзакций 1, depth 3, seed=нет"
100000002373386100,terminal,0.75,19,0.412578,"terminal: вход. рёбер 1, исход. 0; суммы 24000.00/0.00 KZT; транзакций 1, depth 3, seed=нет"
100000008684767100,terminal,0.75,19,0.41639,"terminal: вход. рёбер 1, исход. 0; суммы 31100.00/0.00 KZT; транзакций 1, depth 3, seed=нет"
100000008332511100,terminal,0.75,2,0.433573,"terminal: вход. рёбер 1, исход. 0; суммы 100000.00/0.00 KZT; транзакций 1, depth 3, seed=нет"
100000005754335100,terminal,0.75,62,0.421507,"terminal: вход. рёбер 1, исход. 0; суммы 44037.00/0.00 KZT; транзакций 1, depth 3, seed=нет"
100000008547295100,terminal,0.75,2,0.405663,"terminal: вход. рёбер 1, исход. 0; суммы 15000.00/0.00 KZT; транзакций 1, depth 3, seed=нет"
100000001875167100,terminal,0.75,8,0.467448,"terminal: вход. рёбер 1, исход. 0; суммы 1000000.00/0.00 KZT; транзакций 2, depth 3, seed=нет"
100000004670388100,distributor,0.5,5,0.581463,"distributor: вход. рёбер 1, исход. 2; суммы 160354.00/720000.00 KZT; транзакций 5, depth 3, seed=нет"
100000004097972100,peripheral,0.35,0,0.317519,"peripheral: вход. рёбер 1, исход. 2; суммы 118878.00/10000.00 KZT; транзакций 3, depth 3, seed=нет"
100000000481716100,terminal,0.75,15,0.396416,"terminal: вход. рёбер 1, исход. 0; суммы 8000.00/0.00 KZT; транзакций 1, depth 3, seed=нет"
100000005089460100,terminal,0.75,19,0.402744,"terminal: вход. рёбер 1, исход. 0; суммы 12300.00/0.00 KZT; транзакций 1, depth 3, seed=нет"
100000003105929100,peripheral,0.35,8,0.394075,"peripheral: вход. рёбер 1, исход. 1; суммы 429567.00/156354.00 KZT; транзакций 3, depth 3, seed=нет"
100000008379273100,coordinator,0.75,15,0.637618,"coordinator: вход. рёбер 2, исход. 4; суммы 36000.00/38000.00 KZT; транзакций 6, depth 3, seed=нет"
100000005357705100,distributor,1.0,1,0.749639,"distributor: вход. рёбер 1, исход. 4; суммы 52595.00/387080.00 KZT; транзакций 6, depth 3, seed=нет"
100000003111305100,consolidator,1.0,46,0.550108,"consolidator: вход. рёбер 4, исход. 0; суммы 509338.00/0.00 KZT; транзакций 4, depth 3, seed=нет"
100000008503177100,terminal,0.75,1,0.41768,"terminal: вход. рёбер 1, исход. 0; суммы 33951.00/0.00 KZT; транзакций 1, depth 3, seed=нет"
100000000955529100,peripheral,0.35,3,0.493799,"peripheral: вход. рёбер 1, исход. 1; суммы 27000.00/63500.00 KZT; транзакций 2, depth 3, seed=нет"
100000008695689100,terminal,0.75,19,0.413868,"terminal: вход. рёбер 1, исход. 0; суммы 26200.00/0.00 KZT; транзакций 1, depth 3, seed=нет"
100000004184158100,terminal,0.75,0,0.444047,"terminal: вход. рёбер 1, исход. 0; суммы 203805.00/0.00 KZT; транзакций 1, depth 3, seed=нет"
100000005475379100,coordinator,0.5,9,0.510039,"coordinator: вход. рёбер 1, исход. 3; суммы 108370.00/81000.00 KZT; транзакций 4, depth 3, seed=нет"
100000003093299100,terminal,0.75,0,0.405663,"terminal: вход. рёбер 1, исход. 0; суммы 15000.00/0.00 KZT; транзакций 1, depth 3, seed=нет"
100000008767027100,terminal,0.75,44,0.389502,"terminal: вход. рёбер 1, исход. 0; суммы 5000.00/0.00 KZT; транзакций 1, depth 3, seed=нет"
100000004539443100,consolidator,0.5,3,0.340733,"consolidator: вход. рёбер 2, исход. 0; суммы 61990.00/0.00 KZT; транзакций 2, depth 3, seed=нет"
100000007863304100,terminal,0.75,8,0.413178,"terminal: вход. рёбер 1, исход. 0; суммы 25000.00/0.00 KZT; транзакций 1, depth 3, seed=нет"
100000004959752100,terminal,0.75,3,0.411431,"terminal: вход. рёбер 1, исход. 0; суммы 22200.00/0.00 KZT; транзакций 1, depth 3, seed=нет"
100000002214664100,peripheral,0.35,19,0.492859,"peripheral: вход. рёбер 1, исход. 1; суммы 7950.00/76950.00 KZT; транзакций 3, depth 3, seed=нет"
100000008192264100,transit,0.75,8,0.653728,"transit: вход. рёбер 1, исход. 1; суммы 162810.00/187910.00 KZT; транзакций 3, depth 3, seed=нет"
100000000942301100,terminal,0.75,0,0.425452,"terminal: вход. рёбер 1, исход. 0; суммы 57580.00/0.00 KZT; транзакций 2, depth 3, seed=нет"
100000002578653100,terminal,0.75,48,0.409895,"terminal: вход. рёбер 1, исход. 0; суммы 20000.00/0.00 KZT; транзакций 1, depth 3, seed=нет"
100000002511581100,terminal,0.75,19,0.408015,"terminal: вход. рёбер 1, исход. 0; суммы 17600.00/0.00 KZT; транзакций 1, depth 3, seed=нет"
100000005610717100,consolidator,0.7307692307692307,0,0.572732,"consolidator: вход. рёбер 4, исход. 1; суммы 484500.00/265200.00 KZT; транзакций 13, depth 3, seed=нет"
100000005704413100,distributor,1.0,15,0.818157,"distributor: вход. рёбер 3, исход. 32; суммы 97834.67/1363593.00 KZT; транзакций 39, depth 3, seed=нет"
100000000976943100,transit,0.75,9,0.64162,"transit: вход. рёбер 1, исход. 1; суммы 70000.00/84000.00 KZT; транзакций 4, depth 3, seed=нет"
100000008708061100,terminal,0.75,19,0.397565,"terminal: вход. рёбер 1, исход. 0; суммы 8650.00/0.00 KZT; транзакций 1, depth 3, seed=нет"
100000003986141100,terminal,0.75,25,0.390321,"terminal: вход. рёбер 1, исход. 0; суммы 5286.32/0.00 KZT; транзакций 1, depth 3, seed=нет"
100000005037490100,distributor,0.5,10,0.537715,"distributor: вход. рёбер 1, исход. 2; суммы 15000.00/30000.00 KZT; транзакций 4, depth 3, seed=нет"
100000004257714100,terminal,0.75,19,0.424014,"terminal: вход. рёбер 1, исход. 0; суммы 52220.00/0.00 KZT; транзакций 1, depth 3, seed=нет"
100000000569479100,terminal,0.75,0,0.450685,"terminal: вход. рёбер 1, исход. 0; суммы 320000.00/0.00 KZT; транзакций 1, depth 3, seed=нет"
100000007303047100,terminal,0.75,19,0.424023,"terminal: вход. рёбер 1, исход. 0; суммы 52250.00/0.00 KZT; транзакций 1, depth 3, seed=нет"
100000008708743100,terminal,0.75,19,0.406193,"terminal: вход. рёбер 1, исход. 0; суммы 15550.00/0.00 KZT; транзакций 1, depth 3, seed=нет"
100000008745863100,terminal,0.75,19,0.411887,"terminal: вход. рёбер 1, исход. 0; суммы 22900.00/0.00 KZT; транзакций 1, depth 3, seed=нет"
100000005048668100,distributor,1.0,1,0.744649,"distributor: вход. рёбер 2, исход. 8; суммы 16668.00/159400.00 KZT; транзакций 13, depth 3, seed=нет"
100000006522972100,terminal,0.75,8,0.398967,"terminal: вход. рёбер 1, исход. 0; суммы 9515.00/0.00 KZT; транзакций 1, depth 3, seed=нет"
100000008759857100,distributor,0.5,44,0.583323,"distributor: вход. рёбер 1, исход. 2; суммы 5000.00/994000.00 KZT; транзакций 4, depth 3, seed=нет"
100000005342513100,peripheral,0.35,27,0.335137,"peripheral: вход. рёбер 1, исход. 1; суммы 235000.00/30000.00 KZT; транзакций 3, depth 3, seed=нет"
100000004750897100,terminal,0.75,4,0.399699,"terminal: вход. рёбер 1, исход. 0; суммы 10000.00/0.00 KZT; транзакций 1, depth 3, seed=нет"
100000001140785100,consolidator,0.5,40,0.359029,"consolidator: вход. рёбер 2, исход. 0; суммы 215000.00/0.00 KZT; транзакций 2, depth 3, seed=нет"
100000002821425100,terminal,0.75,21,0.448455,"terminal: вход. рёбер 1, исход. 0; суммы 275000.00/0.00 KZT; транзакций 1, depth 3, seed=нет"
100000003221510100,distributor,0.5,51,0.554827,"distributor: вход. рёбер 1, исход. 2; суммы 24000.00/120000.00 KZT; транзакций 4, depth 3, seed=нет"
100000003031003100,consolidator,0.75,21,0.452115,"consolidator: вход. рёбер 3, исход. 0; суммы 280090.00/0.00 KZT; транзакций 3, depth 3, seed=нет"
100000003060187100,terminal,0.75,41,0.432512,"terminal: вход. рёбер 1, исход. 0; суммы 93046.00/0.00 KZT; транзакций 1, depth 3, seed=нет"
100000008718811100,terminal,0.75,19,0.429003,"terminal: вход. рёбер 1, исход. 0; суммы 73300.00/0.00 KZT; транзакций 1, depth 3, seed=нет"
100000008043184100,terminal,0.75,25,0.42354,"terminal: вход. рёбер 1, исход. 0; суммы 50564.00/0.00 KZT; транзакций 1, depth 3, seed=нет"
100000002530224100,terminal,0.75,40,0.435371,"terminal: вход. рёбер 1, исход. 0; суммы 113000.00/0.00 KZT; транзакций 1, depth 3, seed=нет"
100000008754608100,terminal,0.75,19,0.402744,"terminal: вход. рёбер 1, исход. 0; суммы 12300.00/0.00 KZT; транзакций 1, depth 3, seed=нет"
100000006989232100,terminal,0.75,0,0.411427,"terminal: вход. рёбер 1, исход. 0; суммы 22194.00/0.00 KZT; транзакций 1, depth 3, seed=нет"
100000006532229100,terminal,0.75,40,0.434291,"terminal: вход. рёбер 1, исход. 0; суммы 105000.00/0.00 KZT; транзакций 1, depth 3, seed=нет"
100000005661829100,transit,0.75,41,0.633336,"transit: вход. рёбер 1, исход. 2; суммы 37790.00/40362.00 KZT; транзакций 5, depth 3, seed=нет"
100000004553349100,terminal,0.75,8,0.395958,"terminal: вход. рёбер 1, исход. 0; суммы 7755.00/0.00 KZT; транзакций 1, depth 3, seed=нет"
100000002945626100,consolidator,0.75,40,0.462925,"consolidator: вход. рёбер 3, исход. 0; суммы 584000.00/0.00 KZT; транзакций 3, depth 3, seed=нет"
100000008775471100,terminal,0.75,44,0.459434,"terminal: вход. рёбер 1, исход. 0; суммы 580000.00/0.00 KZT; транзакций 2, depth 3, seed=нет"
100000000404740100,peripheral,0.35,11,0.273178,"peripheral: вход. рёбер 1, исход. 0; суммы 25000.00/0.00 KZT; транзакций 1, depth 4, seed=нет"
100000004268036100,peripheral,0.35,15,0.250904,"peripheral: вход. рёбер 1, исход. 0; суммы 5500.00/0.00 KZT; транзакций 1, depth 4, seed=нет"
100000001256409100,peripheral,0.35,33,0.256416,"peripheral: вход. рёбер 1, исход. 0; суммы 8000.00/0.00 KZT; транзакций 1, depth 4, seed=нет"
100000005360814100,peripheral,0.35,1,0.298937,"peripheral: вход. рёбер 1, исход. 0; суммы 144000.00/0.00 KZT; транзакций 3, depth 4, seed=нет"
100000002369454100,peripheral,0.35,1,0.273178,"peripheral: вход. рёбер 1, исход. 0; суммы 25000.00/0.00 KZT; транзакций 1, depth 4, seed=нет"
100000004272302100,peripheral,0.35,48,0.259699,"peripheral: вход. рёбер 1, исход. 0; суммы 10000.00/0.00 KZT; транзакций 1, depth 4, seed=нет"
100000008727982100,peripheral,0.35,46,0.27586,"peripheral: вход. рёбер 1, исход. 0; суммы 30000.00/0.00 KZT; транзакций 2, depth 4, seed=нет"
100000000600707100,peripheral,0.35,23,0.291858,"peripheral: вход. рёбер 1, исход. 0; суммы 89000.00/0.00 KZT; транзакций 2, depth 4, seed=нет"
100000004500781100,peripheral,0.35,38,0.289143,"peripheral: вход. рёбер 1, исход. 0; суммы 74000.00/0.00 KZT; транзакций 5, depth 4, seed=нет"
100000008703533100,peripheral,0.35,40,0.28934,"peripheral: вход. рёбер 1, исход. 0; суммы 75000.00/0.00 KZT; транзакций 1, depth 4, seed=нет"
100000004549591100,peripheral,0.35,16,0.283078,"peripheral: вход. рёбер 1, исход. 0; суммы 49000.00/0.00 KZT; транзакций 1, depth 4, seed=нет"
100000002700161100,peripheral,0.35,45,0.27972,"peripheral: вход. рёбер 1, исход. 0; суммы 39000.00/0.00 KZT; транзакций 1, depth 4, seed=нет"
100000003134550100,peripheral,0.35,40,0.293573,"peripheral: вход. рёбер 1, исход. 0; суммы 100000.00/0.00 KZT; транзакций 1, depth 4, seed=нет"
100000001957974100,peripheral,0.35,38,0.317251,"peripheral: вход. рёбер 1, исход. 0; суммы 500000.00/0.00 KZT; транзакций 1, depth 4, seed=нет"
100000001246806100,peripheral,0.35,40,0.297433,"peripheral: вход. рёбер 1, исход. 0; суммы 130000.00/0.00 KZT; транзакций 1, depth 4, seed=нет"
100000003622955100,peripheral,0.35,9,0.265663,"peripheral: вход. рёбер 1, исход. 0; суммы 15000.00/0.00 KZT; транзакций 1, depth 4, seed=нет"
100000003692843100,peripheral,0.35,53,0.317542,"peripheral: вход. рёбер 1, исход. 0; суммы 510000.00/0.00 KZT; транзакций 2, depth 4, seed=нет"
100000008629504100,peripheral,0.35,0,0.269895,"peripheral: вход. рёбер 1, исход. 0; суммы 20000.00/0.00 KZT; транзакций 1, depth 4, seed=нет"
100000005621418100,peripheral,0.35,12,0.27586,"peripheral: вход. рёбер 1, исход. 0; суммы 30000.00/0.00 KZT; транзакций 1, depth 4, seed=нет"
100000004167082100,peripheral,0.35,10,0.263894,"peripheral: вход. рёбер 1, исход. 0; суммы 13300.00/0.00 KZT; транзакций 1, depth 4, seed=нет"
100000004379306100,peripheral,0.35,1,0.265663,"peripheral: вход. рёбер 1, исход. 0; суммы 15000.00/0.00 KZT; транзакций 1, depth 4, seed=нет"
100000004856746100,peripheral,0.35,65,0.269895,"peripheral: вход. рёбер 1, исход. 0; суммы 20000.00/0.00 KZT; транзакций 1, depth 4, seed=нет"
100000004891562100,peripheral,0.35,15,0.294065,"peripheral: вход. рёбер 1, исход. 0; суммы 103400.00/0.00 KZT; транзакций 1, depth 4, seed=нет"
100000007042175100,peripheral,0.35,0,0.286058,"peripheral: вход. рёбер 1, исход. 0; суммы 60000.00/0.00 KZT; транзакций 1, depth 4, seed=нет"
100000002670463100,peripheral,0.35,15,0.276578,"peripheral: вход. рёбер 1, исход. 0; суммы 31500.00/0.00 KZT; транзакций 1, depth 4, seed=нет"
100000005567828100,peripheral,0.35,15,0.292662,"peripheral: вход. рёбер 1, исход. 0; суммы 94000.00/0.00 KZT; транзакций 1, depth 4, seed=нет"
100000004200745100,peripheral,0.35,6,0.297433,"peripheral: вход. рёбер 1, исход. 0; суммы 130000.00/0.00 KZT; транзакций 4, depth 4, seed=нет"
100000003989033100,peripheral,0.35,15,0.312955,"peripheral: вход. рёбер 1, исход. 0; суммы 373400.00/0.00 KZT; транзакций 13, depth 4, seed=нет"
100000005146665100,peripheral,0.35,42,0.250904,"peripheral: вход. рёбер 1, исход. 0; суммы 5500.00/0.00 KZT; транзакций 1, depth 4, seed=нет"
100000003096787100,peripheral,0.35,15,0.266976,"peripheral: вход. рёбер 1, исход. 0; суммы 16400.00/0.00 KZT; транзакций 1, depth 4, seed=нет"
100000003074515100,peripheral,0.35,40,0.294291,"peripheral: вход. рёбер 1, исход. 0; суммы 105000.00/0.00 KZT; транзакций 1, depth 4, seed=нет"
100000004377043100,peripheral,0.35,13,0.25143,"peripheral: вход. рёбер 1, исход. 0; суммы 5700.00/0.00 KZT; транзакций 1, depth 4, seed=нет"
100000008680061100,peripheral,0.35,8,0.280563,"peripheral: вход. рёбер 1, исход. 0; суммы 41300.00/0.00 KZT; транзакций 2, depth 4, seed=нет"
100000008471634100,peripheral,0.35,11,0.269895,"peripheral: вход. рёбер 1, исход. 0; суммы 20000.00/0.00 KZT; транзакций 1, depth 4, seed=нет"
100000002119762100,peripheral,0.35,8,0.289728,"peripheral: вход. рёбер 1, исход. 0; суммы 77000.00/0.00 KZT; транзакций 6, depth 4, seed=нет"
100000008628818100,peripheral,0.35,15,0.282247,"peripheral: вход. рёбер 1, исход. 0; суммы 46310.00/0.00 KZT; транзакций 1, depth 4, seed=нет"
100000007510567100,peripheral,0.35,15,0.283952,"peripheral: вход. рёбер 1, исход. 0; суммы 52000.00/0.00 KZT; транзакций 1, depth 4, seed=нет"
100000004780327100,peripheral,0.35,15,0.262381,"peripheral: вход. рёбер 1, исход. 0; суммы 12000.00/0.00 KZT; транзакций 1, depth 4, seed=нет"
100000008376785100,peripheral,0.35,8,0.306096,"peripheral: вход. рёбер 1, исход. 0; суммы 234250.00/0.00 KZT; транзакций 2, depth 4, seed=нет"
100000005745873100,peripheral,0.35,61,0.305372,"peripheral: вход. рёбер 1, исход. 0; суммы 223000.00/0.00 KZT; транзакций 1, depth 4, seed=нет"
100000002594214100,peripheral,0.35,28,0.327448,"peripheral: вход. рёбер 1, исход. 0; суммы 1000000.00/0.00 KZT; транзакций 1, depth 4, seed=нет"
100000001299323100,peripheral,0.35,40,0.294841,"peripheral: вход. рёбер 1, исход. 0; суммы 109000.00/0.00 KZT; транзакций 1, depth 4, seed=нет"
100000003838587100,peripheral,0.35,38,0.252184,"peripheral: вход. рёбер 1, исход. 0; суммы 6000.00/0.00 KZT; транзакций 1, depth 4, seed=нет"
100000000673915100,peripheral,0.35,17,0.270042,"peripheral: вход. рёбер 1, исход. 0; суммы 20200.00/0.00 KZT; транзакций 1, depth 4, seed=нет"
100000003061115100,peripheral,0.35,0,0.281825,"peripheral: вход. рёбер 1, исход. 0; суммы 45000.00/0.00 KZT; транзакций 1, depth 4, seed=нет"
100000004326224100,peripheral,0.35,8,0.286058,"peripheral: вход. рёбер 1, исход. 0; суммы 60000.00/0.00 KZT; транзакций 1, depth 4, seed=нет"
100000004988240100,peripheral,0.35,0,0.269895,"peripheral: вход. рёбер 1, исход. 0; суммы 20000.00/0.00 KZT; транзакций 1, depth 4, seed=нет"
100000008525136100,peripheral,0.35,0,0.264753,"peripheral: вход. рёбер 1, исход. 0; суммы 14100.00/0.00 KZT; транзакций 1, depth 4, seed=нет"
100000001991973100,peripheral,0.35,15,0.270472,"peripheral: вход. рёбер 1, исход. 0; суммы 20800.00/0.00 KZT; транзакций 1, depth 4, seed=нет"
100000004569637100,peripheral,0.35,1,0.250904,"peripheral: вход. рёбер 1, исход. 0; суммы 5500.00/0.00 KZT; транзакций 1, depth 4, seed=нет"
100000008675322100,peripheral,0.35,17,0.311577,"peripheral: вход. рёбер 1, исход. 0; суммы 340000.00/0.00 KZT; транзакций 4, depth 4, seed=нет"
100000004235471100,peripheral,0.35,8,0.30222,"peripheral: вход. рёбер 1, исход. 0; суммы 180000.00/0.00 KZT; транзакций 1, depth 4, seed=нет"
100000003194831100,peripheral,0.35,15,0.25282,"peripheral: вход. рёбер 1, исход. 0; суммы 6265.00/0.00 KZT; транзакций 1, depth 4, seed=нет"
100000008588665100,peripheral,0.35,0,0.273178,"peripheral: вход. рёбер 1, исход. 0; суммы 25000.00/0.00 KZT; транзакций 1, depth 4, seed=нет"
100000003230329100,peripheral,0.35,40,0.294975,"peripheral: вход. рёбер 1, исход. 0; суммы 110000.00/0.00 KZT; транзакций 1, depth 4, seed=нет"
100000002217806100,peripheral,0.35,16,0.284777,"peripheral: вход. рёбер 1, исход. 0; суммы 55000.00/0.00 KZT; транзакций 2, depth 4, seed=нет"
100000004041294100,peripheral,0.35,11,0.268181,"peripheral: вход. рёбер 1, исход. 0; суммы 17800.00/0.00 KZT; транзакций 2, depth 4, seed=нет"
100000008583971100,consolidator,0.5,0,0.337862,"consolidator: вход. рёбер 2, исход. 0; суммы 51000.00/0.00 KZT; транзакций 2, depth 4, seed=нет"
100000008251939100,peripheral,0.35,15,0.281615,"peripheral: вход. рёбер 1, исход. 0; суммы 44360.00/0.00 KZT; транзакций 1, depth 4, seed=нет"
100000004049912100,peripheral,0.35,41,0.259699,"peripheral: вход. рёбер 1, исход. 0; суммы 10000.00/0.00 KZT; транзакций 1, depth 4, seed=нет"
100000002227960100,peripheral,0.35,30,0.259699,"peripheral: вход. рёбер 1, исход. 0; суммы 10000.00/0.00 KZT; транзакций 1, depth 4, seed=нет"
100000008677368100,peripheral,0.35,2,0.264113,"peripheral: вход. рёбер 1, исход. 0; суммы 13500.00/0.00 KZT; транзакций 1, depth 4, seed=нет"
100000008631800100,peripheral,0.35,15,0.263387,"peripheral: вход. рёбер 1, исход. 0; суммы 12850.00/0.00 KZT; транзакций 1, depth 4, seed=нет"
100000003220685100,peripheral,0.35,8,0.331376,"peripheral: вход. рёбер 1, исход. 0; суммы 1306000.00/0.00 KZT; транзакций 2, depth 4, seed=нет"
100000003072205100,consolidator,0.5,40,0.354956,"consolidator: вход. рёбер 2, исход. 0; суммы 163000.00/0.00 KZT; транзакций 2, depth 4, seed=нет"
100000001202637100,peripheral,0.35,15,0.259699,"peripheral: вход. рёбер 1, исход. 0; суммы 10000.00/0.00 KZT; транзакций 1, depth 4, seed=нет"
100000002835874100,peripheral,0.35,40,0.285735,"peripheral: вход. рёбер 1, исход. 0; суммы 58700.00/0.00 KZT; транзакций 1, depth 4, seed=нет"
100000002707106100,peripheral,0.35,38,0.265663,"peripheral: вход. рёбер 1, исход. 0; суммы 15000.00/0.00 KZT; транзакций 2, depth 4, seed=нет"
100000008343415100,peripheral,0.35,33,0.293573,"peripheral: вход. рёбер 1, исход. 0; суммы 100000.00/0.00 KZT; транзакций 3, depth 4, seed=нет"
100000004981068100,peripheral,0.35,3,0.259699,"peripheral: вход. рёбер 1, исход. 0; суммы 10000.00/0.00 KZT; транзакций 1, depth 4, seed=нет"
100000004241142100,peripheral,0.35,0,0.274366,"peripheral: вход. рёбер 1, исход. 0; суммы 27102.00/0.00 KZT; транзакций 1, depth 4, seed=нет"
100000008190411100,peripheral,0.35,49,0.303656,"peripheral: вход. рёбер 1, исход. 0; суммы 198450.00/0.00 KZT; транзакций 12, depth 4, seed=нет"
100000008699083100,peripheral,0.35,21,0.30636,"peripheral: вход. рёбер 1, исход. 0; суммы 238500.00/0.00 KZT; транзакций 1, depth 4, seed=нет"
100000008136608100,peripheral,0.35,15,0.301379,"peripheral: вход. рёбер 1, исход. 0; суммы 170000.00/0.00 KZT; транзакций 1, depth 4, seed=нет"
100000008695157100,peripheral,0.35,1,0.314879,"peripheral: вход. рёбер 1, исход. 0; суммы 425546.00/0.00 KZT; транзакций 3, depth 4, seed=нет"
100000000369781100,peripheral,0.35,8,0.249502,"peripheral: вход. рёбер 1, исход. 0; суммы 5000.00/0.00 KZT; транзакций 1, depth 4, seed=нет"
100000003133045100,peripheral,0.35,49,0.287899,"peripheral: вход. рёбер 1, исход. 0; суммы 68000.00/0.00 KZT; транзакций 1, depth 4, seed=нет"
100000002474570100,peripheral,0.35,15,0.253917,"peripheral: вход. рёбер 1, исход. 0; суммы 6750.00/0.00 KZT; транзакций 1, depth 4, seed=нет"
100000002514975100,peripheral,0.35,12,0.26828,"peripheral: вход. рёбер 1, исход. 0; суммы 17920.00/0.00 KZT; транзакций 1, depth 4, seed=нет"
100000001089055100,peripheral,0.35,25,0.263558,"peripheral: вход. рёбер 1, исход. 0; суммы 13000.00/0.00 KZT; транзакций 1, depth 4, seed=нет"
100000000608031100,peripheral,0.35,25,0.27586,"peripheral: вход. рёбер 1, исход. 0; суммы 30000.00/0.00 KZT; транзакций 1, depth 4, seed=нет"
100000002659103100,peripheral,0.35,50,0.30094,"peripheral: вход. рёбер 1, исход. 0; суммы 165000.00/0.00 KZT; транзакций 1, depth 4, seed=нет"
100000000733940100,peripheral,0.35,34,0.323255,"peripheral: вход. рёбер 1, исход. 0; суммы 752000.00/0.00 KZT; транзакций 2, depth 4, seed=нет"
100000001537524100,peripheral,0.35,21,0.299538,"peripheral: вход. рёбер 1, исход. 0; суммы 150000.00/0.00 KZT; транзакций 1, depth 4, seed=нет"
100000002971593100,peripheral,0.35,8,0.283093,"peripheral: вход. рёбер 1, исход. 0; суммы 49050.00/0.00 KZT; транзакций 1, depth 4, seed=нет"
100000006918814100,peripheral,0.35,3,0.269895,"peripheral: вход. рёбер 1, исход. 0; суммы 20000.00/0.00 KZT; транзакций 2, depth 4, seed=нет"
100000007381662100,peripheral,0.35,3,0.261101,"peripheral: вход. рёбер 1, исход. 0; суммы 11000.00/0.00 KZT; транзакций 1, depth 4, seed=нет"
100000003199390100,peripheral,0.35,8,0.30763,"peripheral: вход. рёбер 1, исход. 0; суммы 260000.00/0.00 KZT; транзакций 1, depth 4, seed=нет"
100000007749747100,peripheral,0.35,40,0.283375,"peripheral: вход. рёбер 1, исход. 0; суммы 50000.00/0.00 KZT; транзакций 1, depth 4, seed=нет"
100000003447411100,peripheral,0.35,1,0.309833,"peripheral: вход. рёбер 1, исход. 0; суммы 302000.00/0.00 KZT; транзакций 3, depth 4, seed=нет"
100000000500040100,peripheral,0.35,3,0.269895,"peripheral: вход. рёбер 1, исход. 0; суммы 20000.00/0.00 KZT; транзакций 1, depth 4, seed=нет"
100000008551752100,peripheral,0.35,61,0.314187,"peripheral: вход. рёбер 1, исход. 0; суммы 406000.00/0.00 KZT; транзакций 2, depth 4, seed=нет"
100000002876914100,peripheral,0.35,15,0.262381,"peripheral: вход. рёбер 1, исход. 0; суммы 12000.00/0.00 KZT; транзакций 1, depth 4, seed=нет"
100000004571634100,peripheral,0.35,9,0.269895,"peripheral: вход. рёбер 1, исход. 0; суммы 20000.00/0.00 KZT; транзакций 1, depth 4, seed=нет"
100000004610802100,peripheral,0.35,55,0.306514,"peripheral: вход. рёбер 1, исход. 0; суммы 241000.00/0.00 KZT; транзакций 18, depth 4, seed=нет"
100000001311175100,peripheral,0.35,21,0.309735,"peripheral: вход. рёбер 1, исход. 0; суммы 300000.00/0.00 KZT; транзакций 1, depth 4, seed=нет"
100000008740295100,peripheral,0.35,40,0.309735,"peripheral: вход. рёбер 1, исход. 0; суммы 300000.00/0.00 KZT; транзакций 1, depth 4, seed=нет"
100000002596039100,peripheral,0.35,1,0.30872,"peripheral: вход. рёбер 1, исход. 0; суммы 280000.00/0.00 KZT; транзакций 1, depth 4, seed=нет"
100000002126791100,peripheral,0.35,40,0.331454,"peripheral: вход. рёбер 1, исход. 0; суммы 1313000.00/0.00 KZT; транзакций 3, depth 4, seed=нет"
100000005783452100,consolidator,0.5,21,0.363253,"consolidator: вход. рёбер 2, исход. 0; суммы 286500.00/0.00 KZT; транзакций 2, depth 4, seed=нет"
100000006693788100,peripheral,0.35,0,0.260782,"peripheral: вход. рёбер 1, исход. 0; суммы 10764.00/0.00 KZT; транзакций 1, depth 4, seed=нет"
100000002832753100,peripheral,0.35,4,0.262981,"peripheral: вход. рёбер 1, исход. 0; суммы 12500.00/0.00 KZT; транзакций 1, depth 4, seed=нет"
100000002981489100,peripheral,0.35,8,0.259699,"peripheral: вход. рёбер 1, исход. 0; суммы 10000.00/0.00 KZT; транзакций 1, depth 4, seed=нет"
100000003084870100,peripheral,0.35,21,0.253362,"peripheral: вход. рёбер 1, исход. 0; суммы 6500.00/0.00 KZT; транзакций 1, depth 4, seed=нет"
100000002791494100,peripheral,0.35,15,0.29133,"peripheral: вход. рёбер 1, исход. 0; суммы 85860.00/0.00 KZT; транзакций 1, depth 4, seed=нет"
100000003345947100,peripheral,0.35,1,0.290198,"peripheral: вход. рёбер 1, исход. 0; суммы 79500.00/0.00 KZT; транзакций 6, depth 4, seed=нет"
100000002733083100,peripheral,0.35,15,0.265858,"peripheral: вход. рёбер 1, исход. 0; суммы 15200.00/0.00 KZT; транзакций 1, depth 4, seed=нет"
100000003247600100,peripheral,0.35,3,0.285559,"peripheral: вход. рёбер 1, исход. 0; суммы 58000.00/0.00 KZT; транзакций 1, depth 4, seed=нет"
100000001378288100,peripheral,0.35,1,0.308076,"peripheral: вход. рёбер 1, исход. 0; суммы 268000.00/0.00 KZT; транзакций 3, depth 4, seed=нет"
100000002305477100,peripheral,0.35,30,0.269895,"peripheral: вход. рёбер 1, исход. 0; суммы 20000.00/0.00 KZT; транзакций 1, depth 4, seed=нет"
100000006638021100,consolidator,0.5,44,0.367733,"consolidator: вход. рёбер 2, исход. 0; суммы 388500.00/0.00 KZT; транзакций 2, depth 4, seed=нет"
100000008517061100,peripheral,0.35,38,0.336451,"peripheral: вход. рёбер 1, исход. 0; суммы 1844000.00/0.00 KZT; транзакций 4, depth 4, seed=нет"
100000005910895100,peripheral,0.35,9,0.249794,"peripheral: вход. рёбер 1, исход. 0; суммы 5100.00/0.00 KZT; транзакций 1, depth 4, seed=нет"
100000002723439100,peripheral,0.35,9,0.268345,"peripheral: вход. рёбер 1, исход. 0; суммы 18000.00/0.00 KZT; транзакций 2, depth 4, seed=нет"
100000002320495100,peripheral,0.35,25,0.264142,"peripheral: вход. рёбер 1, исход. 0; суммы 13526.27/0.00 KZT; транзакций 1, depth 4, seed=нет"
100000002229615100,peripheral,0.35,30,0.273178,"peripheral: вход. рёбер 1, исход. 0; суммы 25000.00/0.00 KZT; транзакций 1, depth 4, seed=нет"
100000008327791100,peripheral,0.35,25,0.261101,"peripheral: вход. рёбер 1, исход. 0; суммы 11000.00/0.00 KZT; транзакций 1, depth 4, seed=нет"
100000002208836100,peripheral,0.35,8,0.292023,"peripheral: вход. рёбер 1, исход. 0; суммы 90000.00/0.00 KZT; транзакций 1, depth 4, seed=нет"
100000001724740100,peripheral,0.35,40,0.302623,"peripheral: вход. рёбер 1, исход. 0; суммы 185000.00/0.00 KZT; транзакций 4, depth 4, seed=нет"
100000004386286100,peripheral,0.35,6,0.262981,"peripheral: вход. рёбер 1, исход. 0; суммы 12500.00/0.00 KZT; транзакций 1, depth 4, seed=нет"
100000001714883100,peripheral,0.35,15,0.25424,"peripheral: вход. рёбер 1, исход. 0; суммы 6900.00/0.00 KZT; транзакций 1, depth 4, seed=нет"
100000008337304100,peripheral,0.35,1,0.294356,"peripheral: вход. рёбер 1, исход. 0; суммы 105465.00/0.00 KZT; транзакций 2, depth 4, seed=нет"
100000000655469100,peripheral,0.35,30,0.269895,"peripheral: вход. рёбер 1, исход. 0; суммы 20000.00/0.00 KZT; транзакций 2, depth 4, seed=нет"
100000008722541100,peripheral,0.35,8,0.30872,"peripheral: вход. рёбер 1, исход. 0; суммы 280000.00/0.00 KZT; транзакций 4, depth 4, seed=нет"
100000004222274100,peripheral,0.35,0,0.266146,"peripheral: вход. рёбер 1, исход. 0; суммы 15500.00/0.00 KZT; транзакций 1, depth 4, seed=нет"
100000006232642100,peripheral,0.35,62,0.315895,"peripheral: вход. рёбер 1, исход. 0; суммы 456000.00/0.00 KZT; транзакций 4, depth 4, seed=нет"
100000004066370100,peripheral,0.35,23,0.287235,"peripheral: вход. рёбер 1, исход. 0; суммы 65000.00/0.00 KZT; транзакций 2, depth 4, seed=нет"
100000005685783100,peripheral,0.35,19,0.27384,"peripheral: вход. рёбер 1, исход. 0; суммы 26150.00/0.00 KZT; транзакций 1, depth 4, seed=нет"
100000006171671100,peripheral,0.35,0,0.259699,"peripheral: вход. рёбер 1, исход. 0; суммы 10000.00/0.00 KZT; транзакций 1, depth 4, seed=нет"
100000003481025100,peripheral,0.35,0,0.258149,"peripheral: вход. рёбер 1, исход. 0; суммы 9000.00/0.00 KZT; транзакций 1, depth 4, seed=нет"
100000003646145100,peripheral,0.35,39,0.249502,"peripheral: вход. рёбер 1, исход. 0; суммы 5000.00/0.00 KZT; транзакций 1, depth 4, seed=нет"
100000002659265100,peripheral,0.35,40,0.298628,"peripheral: вход. рёбер 1, исход. 0; суммы 141000.00/0.00 KZT; транзакций 1, depth 4, seed=нет"
100000003289281100,peripheral,0.35,0,0.280093,"peripheral: вход. рёбер 1, исход. 0; суммы 40000.00/0.00 KZT; транзакций 1, depth 4, seed=нет"
100000004840086100,peripheral,0.35,0,0.293573,"peripheral: вход. рёбер 1, исход. 0; суммы 100000.00/0.00 KZT; транзакций 2, depth 4, seed=нет"
100000008554390100,peripheral,0.35,15,0.264648,"peripheral: вход. рёбер 1, исход. 0; суммы 14000.00/0.00 KZT; транзакций 1, depth 4, seed=нет"
100000004691350100,peripheral,0.35,5,0.263894,"peripheral: вход. рёбер 1, исход. 0; суммы 13300.00/0.00 KZT; транзакций 1, depth 4, seed=нет"
100000004652395100,consolidator,0.75,0,0.437186,"consolidator: вход. рёбер 3, исход. 0; суммы 101528.00/0.00 KZT; транзакций 5, depth 4, seed=нет"
100000004979264100,peripheral,0.35,40,0.280019,"peripheral: вход. рёбер 1, исход. 0; суммы 39800.00/0.00 KZT; транзакций 1, depth 4, seed=нет"
100000008074304100,peripheral,0.35,8,0.250904,"peripheral: вход. рёбер 1, исход. 0; суммы 5500.00/0.00 KZT; транзакций 1, depth 4, seed=нет"
100000002227989100,peripheral,0.35,30,0.269895,"peripheral: вход. рёбер 1, исход. 0; суммы 20000.00/0.00 KZT; транзакций 1, depth 4, seed=нет"
100000003207060100,peripheral,0.35,0,0.284233,"peripheral: вход. рёбер 1, исход. 0; суммы 53000.00/0.00 KZT; транзакций 1, depth 4, seed=нет"
100000004601193100,peripheral,0.35,9,0.291008,"peripheral: вход. рёбер 1, исход. 0; суммы 84000.00/0.00 KZT; транзакций 3, depth 4, seed=нет"
100000004991593100,peripheral,0.35,1,0.281825,"peripheral: вход. рёбер 1, исход. 0; суммы 45000.00/0.00 KZT; транзакций 2, depth 4, seed=нет"
100000003128638100,peripheral,0.35,40,0.309735,"peripheral: вход. рёбер 1, исход. 0; суммы 300000.00/0.00 KZT; транзакций 1, depth 4, seed=нет"
100000005878334100,peripheral,0.35,33,0.289612,"peripheral: вход. рёбер 1, исход. 0; суммы 76400.00/0.00 KZT; транзакций 2, depth 4, seed=нет"
100000002878483100,peripheral,0.35,15,0.252184,"peripheral: вход. рёбер 1, исход. 0; суммы 6000.00/0.00 KZT; транзакций 1, depth 4, seed=нет"
100000000981693100,peripheral,0.35,0,0.267065,"peripheral: вход. рёбер 1, исход. 0; суммы 16500.00/0.00 KZT; транзакций 1, depth 4, seed=нет"
100000006416061100,peripheral,0.35,1,0.27586,"peripheral: вход. рёбер 1, исход. 0; суммы 30000.00/0.00 KZT; транзакций 1, depth 4, seed=нет"
100000008168850100,peripheral,0.35,8,0.302853,"peripheral: вход. рёбер 1, исход. 0; суммы 187910.00/0.00 KZT; транзакций 2, depth 4, seed=нет"
100000004747154100,peripheral,0.35,49,0.287681,"peripheral: вход. рёбер 1, исход. 0; суммы 67000.00/0.00 KZT; транзакций 1, depth 4, seed=нет"
100000008524903100,peripheral,0.35,0,0.265663,"peripheral: вход. рёбер 1, исход. 0; суммы 15000.00/0.00 KZT; транзакций 1, depth 4, seed=нет"
100000005049404100,peripheral,0.35,8,0.293276,"peripheral: вход. рёбер 1, исход. 0; суммы 98000.00/0.00 KZT; транзакций 2, depth 4, seed=нет"
100000002258492100,peripheral,0.35,47,0.258149,"peripheral: вход. рёбер 1, исход. 0; суммы 9000.00/0.00 KZT; транзакций 1, depth 4, seed=нет"
100000005497148100,peripheral,0.35,8,0.272578,"peripheral: вход. рёбер 1, исход. 0; суммы 24000.00/0.00 KZT; транзакций 2, depth 4, seed=нет"
100000004596284100,peripheral,0.35,4,0.27586,"peripheral: вход. рёбер 1, исход. 0; суммы 30000.00/0.00 KZT; транзакций 1, depth 4, seed=нет"
100000007960337100,peripheral,0.35,1,0.278337,"peripheral: вход. рёбер 1, исход. 0; суммы 35500.00/0.00 KZT; транзакций 1, depth 4, seed=нет"
100000003180305100,peripheral,0.35,0,0.298937,"peripheral: вход. рёбер 1, исход. 0; суммы 144000.00/0.00 KZT; транзакций 1, depth 4, seed=нет"
100000007653094100,peripheral,0.35,0,0.266613,"peripheral: вход. рёбер 1, исход. 0; суммы 16000.00/0.00 KZT; транзакций 1, depth 4, seed=нет"
100000008175078100,peripheral,0.35,17,0.336473,"peripheral: вход. рёбер 1, исход. 0; суммы 1846711.00/0.00 KZT; транзакций 15, depth 4, seed=нет"
100000004263867100,peripheral,0.35,15,0.258149,"peripheral: вход. рёбер 1, исход. 0; суммы 9000.00/0.00 KZT; транзакций 1, depth 4, seed=нет"
100000002194320100,peripheral,0.35,43,0.308455,"peripheral: вход. рёбер 1, исход. 0; суммы 275000.00/0.00 KZT; транзакций 1, depth 4, seed=нет"
100000001222245100,peripheral,0.35,8,0.314686,"peripheral: вход. рёбер 1, исход. 0; суммы 420000.00/0.00 KZT; транзакций 5, depth 4, seed=нет"
100000008151098100,peripheral,0.35,12,0.27586,"peripheral: вход. рёбер 1, исход. 0; суммы 30000.00/0.00 KZT; транзакций 1, depth 4, seed=нет"
100000008735802100,peripheral,0.35,0,0.291182,"peripheral: вход. рёбер 1, исход. 0; суммы 85000.00/0.00 KZT; транзакций 2, depth 4, seed=нет"
100000004047887100,peripheral,0.35,28,0.27586,"peripheral: вход. рёбер 1, исход. 0; суммы 30000.00/0.00 KZT; транзакций 1, depth 4, seed=нет"
100000003146511100,peripheral,0.35,10,0.259699,"peripheral: вход. рёбер 1, исход. 0; суммы 10000.00/0.00 KZT; транзакций 1, depth 4, seed=нет"
100000007511780100,peripheral,0.35,48,0.30002,"peripheral: вход. рёбер 1, исход. 0; суммы 155000.00/0.00 KZT; транзакций 2, depth 4, seed=нет"
100000007867364100,peripheral,0.35,41,0.280758,"peripheral: вход. рёбер 1, исход. 0; суммы 41852.00/0.00 KZT; транзакций 1, depth 4, seed=нет"
100000006288612100,peripheral,0.35,6,0.27625,"peripheral: вход. рёбер 1, исход. 0; суммы 30805.00/0.00 KZT; транзакций 3, depth 4, seed=нет"
100000006735545100,peripheral,0.35,1,0.249502,"peripheral: вход. рёбер 1, исход. 0; суммы 5000.00/0.00 KZT; транзакций 1, depth 4, seed=нет"
100000004403641100,peripheral,0.35,21,0.301508,"peripheral: вход. рёбер 1, исход. 0; суммы 171500.00/0.00 KZT; транзакций 1, depth 4, seed=нет"
100000003370425100,peripheral,0.35,0,0.269895,"peripheral: вход. рёбер 1, исход. 0; суммы 20000.00/0.00 KZT; транзакций 1, depth 4, seed=нет"
100000004350094100,peripheral,0.35,41,0.269895,"peripheral: вход. рёбер 1, исход. 0; суммы 20000.00/0.00 KZT; транзакций 1, depth 4, seed=нет"
100000004911971100,peripheral,0.35,17,0.278128,"peripheral: вход. рёбер 1, исход. 0; суммы 35000.00/0.00 KZT; транзакций 3, depth 4, seed=нет"
100000001202787100,consolidator,0.5,0,0.31971,"consolidator: вход. рёбер 2, исход. 0; суммы 14850.00/0.00 KZT; транзакций 2, depth 4, seed=нет"
100000008469048100,peripheral,0.35,0,0.307921,"peripheral: вход. рёбер 1, исход. 0; суммы 265200.00/0.00 KZT; транзакций 7, depth 4, seed=нет"
100000002635746100,peripheral,0.35,15,0.25036,"peripheral: вход. рёбер 1, исход. 0; суммы 5300.00/0.00 KZT; транзакций 1, depth 4, seed=нет"
100000008321975100,peripheral,0.35,30,0.251937,"peripheral: вход. рёбер 1, исход. 0; суммы 5900.00/0.00 KZT; транзакций 1, depth 4, seed=нет"
100000003078839100,peripheral,0.35,1,0.264648,"peripheral: вход. рёбер 1, исход. 0; суммы 14000.00/0.00 KZT; транзакций 2, depth 4, seed=нет"
100000004006327100,peripheral,0.35,40,0.309735,"peripheral: вход. рёбер 1, исход. 0; суммы 300000.00/0.00 KZT; транзакций 3, depth 4, seed=нет"
100000007865484100,peripheral,0.35,61,0.31955,"peripheral: вход. рёбер 1, исход. 0; суммы 584600.00/0.00 KZT; транзакций 2, depth 4, seed=нет"
100000005367180100,peripheral,0.35,1,0.255854,"peripheral: вход. рёбер 1, исход. 0; суммы 7700.00/0.00 KZT; транзакций 1, depth 4, seed=нет"
100000001669260100,peripheral,0.35,33,0.317251,"peripheral: вход. рёбер 1, исход. 0; суммы 500000.00/0.00 KZT; транзакций 1, depth 4, seed=нет"
100000001297206100,peripheral,0.35,0,0.253934,"peripheral: вход. рёбер 1, исход. 0; суммы 6758.00/0.00 KZT; транзакций 1, depth 4, seed=нет"
100000002645046100,peripheral,0.35,15,0.262381,"peripheral: вход. рёбер 1, исход. 0; суммы 12000.00/0.00 KZT; транзакций 1, depth 4, seed=нет"
100000006308406100,peripheral,0.35,30,0.302463,"peripheral: вход. рёбер 1, исход. 0; суммы 183000.00/0.00 KZT; транзакций 2, depth 4, seed=нет"
100000002728246100,peripheral,0.35,8,0.259699,"peripheral: вход. рёбер 1, исход. 0; суммы 10000.00/0.00 KZT; транзакций 1, depth 4, seed=нет"
100000001590795100,peripheral,0.35,15,0.249678,"peripheral: вход. рёбер 1, исход. 0; суммы 5060.00/0.00 KZT; транзакций 1, depth 4, seed=нет"
100000006257675100,peripheral,0.35,30,0.288325,"peripheral: вход. рёбер 1, исход. 0; суммы 70000.00/0.00 KZT; транзакций 2, depth 4, seed=нет"
100000002130400100,peripheral,0.35,23,0.259699,"peripheral: вход. рёбер 1, исход. 0; суммы 10000.00/0.00 KZT; транзакций 1, depth 4, seed=нет"
100000000557536100,peripheral,0.35,17,0.299829,"peripheral: вход. рёбер 1, исход. 0; суммы 153000.00/0.00 KZT; транзакций 7, depth 4, seed=нет"
100000002689717100,peripheral,0.35,15,0.282621,"peripheral: вход. рёбер 1, исход. 0; суммы 47500.00/0.00 KZT; транзакций 1, depth 4, seed=нет"
100000005189258100,peripheral,0.35,8,0.283375,"peripheral: вход. рёбер 1, исход. 0; суммы 50000.00/0.00 KZT; транзакций 1, depth 4, seed=нет"
100000002748511100,peripheral,0.35,4,0.269895,"peripheral: вход. рёбер 1, исход. 0; суммы 20000.00/0.00 KZT; транзакций 1, depth 4, seed=нет"
100000002371892100,peripheral,0.35,53,0.281438,"peripheral: вход. рёбер 1, исход. 0; суммы 43830.00/0.00 KZT; транзакций 1, depth 4, seed=нет"
100000008130868100,peripheral,0.35,21,0.271811,"peripheral: вход. рёбер 1, исход. 0; суммы 22782.00/0.00 KZT; транзакций 1, depth 4, seed=нет"
100000007153161100,peripheral,0.35,0,0.281824,"peripheral: вход. рёбер 1, исход. 0; суммы 44997.00/0.00 KZT; транзакций 1, depth 4, seed=нет"
100000002994441100,peripheral,0.35,1,0.249502,"peripheral: вход. рёбер 1, исход. 0; суммы 5000.00/0.00 KZT; транзакций 1, depth 4, seed=нет"
100000001065481100,peripheral,0.35,10,0.266613,"peripheral: вход. рёбер 1, исход. 0; суммы 16000.00/0.00 KZT; транзакций 2, depth 4, seed=нет"
100000007731977100,peripheral,0.35,3,0.283375,"peripheral: вход. рёбер 1, исход. 0; суммы 50000.00/0.00 KZT; транзакций 1, depth 4, seed=нет"
100000003252446100,peripheral,0.35,40,0.294786,"peripheral: вход. рёбер 1, исход. 0; суммы 108600.00/0.00 KZT; транзакций 1, depth 4, seed=нет"
100000002671326100,peripheral,0.35,40,0.328166,"peripheral: вход. рёбер 1, исход. 0; суммы 1050000.00/0.00 KZT; транзакций 2, depth 4, seed=нет"
100000005087923100,peripheral,0.35,46,0.269895,"peripheral: вход. рёбер 1, исход. 0; суммы 20000.00/0.00 KZT; транзакций 1, depth 4, seed=нет"
100000008770483100,peripheral,0.35,44,0.249502,"peripheral: вход. рёбер 1, исход. 0; суммы 5000.00/0.00 KZT; транзакций 1, depth 4, seed=нет"
100000002748040100,peripheral,0.35,15,0.268345,"peripheral: вход. рёбер 1, исход. 0; суммы 18000.00/0.00 KZT; транзакций 1, depth 4, seed=нет"
100000004800648100,peripheral,0.35,6,0.297545,"peripheral: вход. рёбер 1, исход. 0; суммы 131000.00/0.00 KZT; транзакций 1, depth 4, seed=нет"
100000005025629100,peripheral,0.35,8,0.250156,"peripheral: вход. рёбер 1, исход. 0; суммы 5227.00/0.00 KZT; транзакций 1, depth 4, seed=нет"
100000000581682100,peripheral,0.35,13,0.249502,"peripheral: вход. рёбер 1, исход. 0; суммы 5000.00/0.00 KZT; транзакций 1, depth 4, seed=нет"
100000004976946100,peripheral,0.35,61,0.306816,"peripheral: вход. рёбер 1, исход. 0; суммы 246000.00/0.00 KZT; транзакций 1, depth 4, seed=нет"
100000000957746100,peripheral,0.35,25,0.25036,"peripheral: вход. рёбер 1, исход. 0; суммы 5300.00/0.00 KZT; транзакций 1, depth 4, seed=нет"
100000003001138100,peripheral,0.35,13,0.27586,"peripheral: вход. рёбер 1, исход. 0; суммы 30000.00/0.00 KZT; транзакций 1, depth 4, seed=нет"
100000001325618100,peripheral,0.35,15,0.258631,"peripheral: вход. рёбер 1, исход. 0; суммы 9300.00/0.00 KZT; транзакций 1, depth 4, seed=нет"
100000003792647100,peripheral,0.35,8,0.256416,"peripheral: вход. рёбер 1, исход. 0; суммы 8000.00/0.00 KZT; транзакций 1, depth 4, seed=нет"
100000004107228100,peripheral,0.35,3,0.249502,"peripheral: вход. рёбер 1, исход. 0; суммы 5000.00/0.00 KZT; транзакций 1, depth 4, seed=нет"
100000003500764100,peripheral,0.35,25,0.270613,"peripheral: вход. рёбер 1, исход. 0; суммы 21000.00/0.00 KZT; транзакций 1, depth 4, seed=нет"
100000004261340100,peripheral,0.35,0,0.282927,"peripheral: вход. рёбер 1, исход. 0; суммы 48500.00/0.00 KZT; транзакций 4, depth 4, seed=нет"
100000008172721100,peripheral,0.35,1,0.301234,"peripheral: вход. рёбер 1, исход. 0; суммы 168335.00/0.00 KZT; транзакций 1, depth 4, seed=нет"
100000005079473100,peripheral,0.35,1,0.279837,"peripheral: вход. рёбер 1, исход. 0; суммы 39312.00/0.00 KZT; транзакций 1, depth 4, seed=нет"
100000004850609100,peripheral,0.35,8,0.259699,"peripheral: вход. рёбер 1, исход. 0; суммы 10000.00/0.00 KZT; транзакций 1, depth 4, seed=нет"
100000005042822100,peripheral,0.35,34,0.327448,"peripheral: вход. рёбер 1, исход. 0; суммы 1000000.00/0.00 KZT; транзакций 1, depth 4, seed=нет"
100000002794374100,peripheral,0.35,44,0.295108,"peripheral: вход. рёбер 1, исход. 0; суммы 111000.00/0.00 KZT; транзакций 1, depth 4, seed=нет"
100000002860934100,peripheral,0.35,13,0.308694,"peripheral: вход. рёбер 1, исход. 0; суммы 279500.00/0.00 KZT; транзакций 4, depth 4, seed=нет"
100000003097947100,peripheral,0.35,1,0.284227,"peripheral: вход. рёбер 1, исход. 0; суммы 52980.00/0.00 KZT; транзакций 1, depth 4, seed=нет"
100000004260869100,peripheral,0.35,4,0.259699,"peripheral: вход. рёбер 1, исход. 0; суммы 10000.00/0.00 KZT; транзакций 1, depth 4, seed=нет"
100000008762885100,peripheral,0.35,40,0.254452,"peripheral: вход. рёбер 1, исход. 0; суммы 7000.00/0.00 KZT; транзакций 1, depth 4, seed=нет"
100000002986245100,peripheral,0.35,15,0.251558,"peripheral: вход. рёбер 1, исход. 0; суммы 5750.00/0.00 KZT; транзакций 1, depth 4, seed=нет"
100000001471706100,peripheral,0.35,47,0.313096,"peripheral: вход. рёбер 1, исход. 0; суммы 377000.00/0.00 KZT; транзакций 8, depth 4, seed=нет"
100000002304943100,peripheral,0.35,30,0.265663,"peripheral: вход. рёбер 1, исход. 0; суммы 15000.00/0.00 KZT; транзакций 1, depth 4, seed=нет"
100000002695812100,peripheral,0.35,15,0.292818,"peripheral: вход. рёбер 1, исход. 0; суммы 95000.00/0.00 KZT; транзакций 1, depth 4, seed=нет"
100000008761220100,peripheral,0.35,40,0.259699,"peripheral: вход. рёбер 1, исход. 0; суммы 10000.00/0.00 KZT; транзакций 1, depth 4, seed=нет"
100000004890713100,peripheral,0.35,15,0.28027,"peripheral: вход. рёбер 1, исход. 0; суммы 40485.00/0.00 KZT; транзакций 1, depth 4, seed=нет"
100000003083865100,peripheral,0.35,15,0.265663,"peripheral: вход. рёбер 1, исход. 0; суммы 15000.00/0.00 KZT; транзакций 1, depth 4, seed=нет"
100000004030553100,peripheral,0.35,33,0.288325,"peripheral: вход. рёбер 1, исход. 0; суммы 70000.00/0.00 KZT; транзакций 1, depth 4, seed=нет"
100000002653187100,peripheral,0.35,6,0.265663,"peripheral: вход. рёбер 1, исход. 0; суммы 15000.00/0.00 KZT; транзакций 1, depth 4, seed=нет"
100000006412162100,peripheral,0.35,15,0.265663,"peripheral: вход. рёбер 1, исход. 0; суммы 15000.00/0.00 KZT; транзакций 2, depth 4, seed=нет"
100000004674178100,peripheral,0.35,11,0.269895,"peripheral: вход. рёбер 1, исход. 0; суммы 20000.00/0.00 KZT; транзакций 1, depth 4, seed=нет"
100000004070530100,peripheral,0.35,28,0.269895,"peripheral: вход. рёбер 1, исход. 0; суммы 20000.00/0.00 KZT; транзакций 1, depth 4, seed=нет"
100000006706519100,peripheral,0.35,0,0.278542,"peripheral: вход. рёбер 1, исход. 0; суммы 36000.00/0.00 KZT; транзакций 3, depth 4, seed=нет"
100000005636951100,peripheral,0.35,46,0.280093,"peripheral: вход. рёбер 1, исход. 0; суммы 40000.00/0.00 KZT; транзакций 1, depth 4, seed=нет"
100000003040087100,peripheral,0.35,15,0.275362,"peripheral: вход. рёбер 1, исход. 0; суммы 29000.00/0.00 KZT; транзакций 1, depth 4, seed=нет"
100000008766764100,peripheral,0.35,40,0.249502,"peripheral: вход. рёбер 1, исход. 0; суммы 5000.00/0.00 KZT; транзакций 1, depth 4, seed=нет"
100000000299820100,peripheral,0.35,1,0.259699,"peripheral: вход. рёбер 1, исход. 0; суммы 10000.00/0.00 KZT; транзакций 1, depth 4, seed=нет"
100000008349740100,peripheral,0.35,17,0.288325,"peripheral: вход. рёбер 1, исход. 0; суммы 70000.00/0.00 KZT; транзакций 2, depth 4, seed=нет"
100000008761132100,peripheral,0.35,40,0.259699,"peripheral: вход. рёбер 1, исход. 0; суммы 10000.00/0.00 KZT; транзакций 1, depth 4, seed=нет"
100000002540033100,peripheral,0.35,44,0.259699,"peripheral: вход. рёбер 1, исход. 0; суммы 10000.00/0.00 KZT; транзакций 1, depth 4, seed=нет"
100000001845505100,peripheral,0.35,1,0.269895,"peripheral: вход. рёбер 1, исход. 0; суммы 20000.00/0.00 KZT; транзакций 1, depth 4, seed=нет"
100000003782913100,peripheral,0.35,38,0.30377,"peripheral: вход. рёбер 1, исход. 0; суммы 200000.00/0.00 KZT; транзакций 1, depth 4, seed=нет"
100000008778753100,peripheral,0.35,11,0.259699,"peripheral: вход. рёбер 1, исход. 0; суммы 10000.00/0.00 KZT; транзакций 1, depth 4, seed=нет"
100000008710913100,peripheral,0.35,40,0.264648,"peripheral: вход. рёбер 1, исход. 0; суммы 14000.00/0.00 KZT; транзакций 1, depth 4, seed=нет"
100000005495211100,peripheral,0.35,0,0.265164,"peripheral: вход. рёбер 1, исход. 0; суммы 14500.00/0.00 KZT; транзакций 1, depth 4, seed=нет"
100000004013952100,peripheral,0.35,0,0.250904,"peripheral: вход. рёбер 1, исход. 0; суммы 5500.00/0.00 KZT; транзакций 1, depth 4, seed=нет"
100000007330432100,peripheral,0.35,82,0.319558,"peripheral: вход. рёбер 1, исход. 0; суммы 584900.00/0.00 KZT; транзакций 1, depth 4, seed=нет"
100000000737152100,peripheral,0.35,0,0.278128,"peripheral: вход. рёбер 1, исход. 0; суммы 35000.00/0.00 KZT; транзакций 1, depth 4, seed=нет"
100000004674389100,peripheral,0.35,9,0.265663,"peripheral: вход. рёбер 1, исход. 0; суммы 15000.00/0.00 KZT; транзакций 1, depth 4, seed=нет"
100000002529877100,peripheral,0.35,21,0.305954,"peripheral: вход. рёбер 1, исход. 0; суммы 232000.00/0.00 KZT; транзакций 1, depth 4, seed=нет"
100000004035925100,peripheral,0.35,67,0.329004,"peripheral: вход. рёбер 1, исход. 0; суммы 1111588.00/0.00 KZT; транзакций 2, depth 4, seed=нет"
100000002188586100,peripheral,0.35,15,0.279457,"peripheral: вход. рёбер 1, исход. 0; суммы 38310.00/0.00 KZT; транзакций 1, depth 4, seed=нет"
100000008050986100,peripheral,0.35,8,0.292818,"peripheral: вход. рёбер 1, исход. 0; суммы 95000.00/0.00 KZT; транзакций 2, depth 4, seed=нет"
100000004777215100,peripheral,0.35,30,0.286058,"peripheral: вход. рёбер 1, исход. 0; суммы 60000.00/0.00 KZT; транзакций 1, depth 4, seed=нет"
100000000926078100,peripheral,0.35,1,0.307053,"peripheral: вход. рёбер 1, исход. 0; суммы 250000.00/0.00 KZT; транзакций 1, depth 4, seed=нет"
100000003486846100,peripheral,0.35,4,0.27431,"peripheral: вход. рёбер 1, исход. 0; суммы 27000.00/0.00 KZT; транзакций 2, depth 4, seed=нет"
100000002516862100,peripheral,0.35,55,0.290601,"peripheral: вход. рёбер 1, исход. 0; суммы 81710.00/0.00 KZT; транзакций 5, depth 4, seed=нет"
100000008730238100,peripheral,0.35,40,0.295371,"peripheral: вход. рёбер 1, исход. 0; суммы 113000.00/0.00 KZT; транзакций 1, depth 4, seed=нет"
100000000803368100,peripheral,0.35,38,0.298471,"peripheral: вход. рёбер 1, исход. 0; суммы 139503.00/0.00 KZT; транзакций 1, depth 4, seed=нет"
100000002528978100,peripheral,0.35,15,0.26652,"peripheral: вход. рёбер 1, исход. 0; суммы 15900.00/0.00 KZT; транзакций 1, depth 4, seed=нет"
100000002597074100,peripheral,0.35,0,0.256416,"peripheral: вход. рёбер 1, исход. 0; суммы 8000.00/0.00 KZT; транзакций 1, depth 4, seed=нет"
100000003631015100,peripheral,0.35,61,0.307966,"peripheral: вход. рёбер 1, исход. 0; суммы 266000.00/0.00 KZT; транзакций 1, depth 4, seed=нет"
100000008255655100,peripheral,0.35,25,0.250634,"peripheral: вход. рёбер 1, исход. 0; суммы 5400.00/0.00 KZT; транзакций 1, depth 4, seed=нет"
100000004265639100,peripheral,0.35,1,0.259699,"peripheral: вход. рёбер 1, исход. 0; суммы 10000.00/0.00 KZT; транзакций 1, depth 4, seed=нет"
100000002726055100,peripheral,0.35,30,0.259699,"peripheral: вход. рёбер 1, исход. 0; суммы 10000.00/0.00 KZT; транзакций 1, depth 4, seed=нет"
100000003696422100,peripheral,0.35,34,0.296008,"peripheral: вход. рёбер 1, исход. 0; суммы 118000.00/0.00 KZT; транзакций 2, depth 4, seed=нет"
100000007745062100,peripheral,0.35,6,0.293573,"peripheral: вход. рёбер 1, исход. 0; суммы 100000.00/0.00 KZT; транзакций 1, depth 4, seed=нет"
100000005041147100,peripheral,0.35,0,0.259699,"peripheral: вход. рёбер 1, исход. 0; суммы 10000.00/0.00 KZT; транзакций 1, depth 4, seed=нет"
100000003819173100,peripheral,0.35,1,0.298914,"peripheral: вход. рёбер 1, исход. 0; суммы 143777.00/0.00 KZT; транзакций 1, depth 4, seed=нет"
100000001275557100,peripheral,0.35,26,0.269895,"peripheral: вход. рёбер 1, исход. 0; суммы 20000.00/0.00 KZT; транзакций 1, depth 4, seed=нет"
100000002706810100,peripheral,0.35,15,0.281825,"peripheral: вход. рёбер 1, исход. 0; суммы 45000.00/0.00 KZT; транзакций 1, depth 4, seed=нет"
100000002896506100,peripheral,0.35,8,0.281825,"peripheral: вход. рёбер 1, исход. 0; суммы 45000.00/0.00 KZT; транзакций 1, depth 4, seed=нет"
100000008766031100,peripheral,0.35,40,0.249502,"peripheral: вход. рёбер 1, исход. 0; суммы 5000.00/0.00 KZT; транзакций 1, depth 4, seed=нет"
100000008758607100,peripheral,0.35,40,0.249502,"peripheral: вход. рёбер 1, исход. 0; суммы 5000.00/0.00 KZT; транзакций 1, depth 4, seed=нет"
100000008648783100,peripheral,0.35,15,0.250079,"peripheral: вход. рёбер 1, исход. 0; суммы 5200.00/0.00 KZT; транзакций 1, depth 4, seed=нет"
100000004291663100,peripheral,0.35,3,0.273178,"peripheral: вход. рёбер 1, исход. 0; суммы 25000.00/0.00 KZT; транзакций 1, depth 4, seed=нет"
100000003037476100,consolidator,0.75,40,0.462176,"consolidator: вход. рёбер 3, исход. 0; суммы 555000.00/0.00 KZT; транзакций 3, depth 4, seed=нет"
100000008715513100,peripheral,0.35,15,0.277038,"peripheral: вход. рёбер 1, исход. 0; суммы 32500.00/0.00 KZT; транзакций 1, depth 4, seed=нет"
100000001276409100,peripheral,0.35,15,0.292781,"peripheral: вход. рёбер 1, исход. 0; суммы 94760.00/0.00 KZT; транзакций 1, depth 4, seed=нет"
100000003232675100,peripheral,0.35,10,0.281495,"peripheral: вход. рёбер 1, исход. 0; суммы 44000.00/0.00 KZT; транзакций 2, depth 4, seed=нет"
100000007988344100,peripheral,0.35,0,0.269895,"peripheral: вход. рёбер 1, исход. 0; суммы 20000.00/0.00 KZT; транзакций 3, depth 4, seed=нет"
100000003047800100,peripheral,0.35,21,0.262638,"peripheral: вход. рёбер 1, исход. 0; суммы 12212.00/0.00 KZT; транзакций 1, depth 4, seed=нет"
100000003230328100,consolidator,0.75,3,0.417465,"consolidator: вход. рёбер 3, исход. 0; суммы 26572.00/0.00 KZT; транзакций 3, depth 4, seed=нет"
100000002702968100,peripheral,0.35,15,0.276625,"peripheral: вход. рёбер 1, исход. 0; суммы 31600.00/0.00 KZT; транзакций 1, depth 4, seed=нет"
100000004788983100,peripheral,0.35,0,0.27431,"peripheral: вход. рёбер 1, исход. 0; суммы 27000.00/0.00 KZT; транзакций 1, depth 4, seed=нет"
100000006490615100,peripheral,0.35,10,0.28067,"peripheral: вход. рёбер 1, исход. 0; суммы 41600.00/0.00 KZT; транзакций 6, depth 4, seed=нет"
100000008745676100,peripheral,0.35,19,0.277936,"peripheral: вход. рёбер 1, исход. 0; суммы 34547.00/0.00 KZT; транзакций 1, depth 4, seed=нет"
100000001598625100,peripheral,0.35,1,0.273178,"peripheral: вход. рёбер 1, исход. 0; суммы 25000.00/0.00 KZT; транзакций 1, depth 4, seed=нет"
100000008461217100,peripheral,0.35,45,0.268345,"peripheral: вход. рёбер 1, исход. 0; суммы 18000.00/0.00 KZT; транзакций 1, depth 4, seed=нет"
100000005711521100,peripheral,0.35,10,0.306329,"peripheral: вход. рёбер 1, исход. 0; суммы 238000.00/0.00 KZT; транзакций 1, depth 4, seed=нет"
100000002713974100,peripheral,0.35,1,0.283375,"peripheral: вход. рёбер 1, исход. 0; суммы 50000.00/0.00 KZT; транзакций 1, depth 4, seed=нет"
100000005272139100,peripheral,0.35,4,0.30094,"peripheral: вход. рёбер 1, исход. 0; суммы 165000.00/0.00 KZT; транзакций 1, depth 4, seed=нет"
100000002968096100,peripheral,0.35,1,0.288325,"peripheral: вход. рёбер 1, исход. 0; суммы 70000.00/0.00 KZT; транзакций 1, depth 4, seed=нет"
100000004449824100,peripheral,0.35,15,0.258149,"peripheral: вход. рёбер 1, исход. 0; суммы 9000.00/0.00 KZT; транзакций 1, depth 4, seed=нет"
100000004502048100,peripheral,0.35,41,0.26453,"peripheral: вход. рёбер 1, исход. 0; суммы 13888.00/0.00 KZT; транзакций 1, depth 4, seed=нет"
100000002660298100,peripheral,0.35,15,0.276295,"peripheral: вход. рёбер 1, исход. 0; суммы 30900.00/0.00 KZT; транзакций 1, depth 4, seed=нет"
100000001299828100,peripheral,0.35,0,0.293573,"peripheral: вход. рёбер 1, исход. 0; суммы 100000.00/0.00 KZT; транзакций 1, depth 4, seed=нет"
100000000581662100,peripheral,0.35,21,0.270725,"peripheral: вход. рёбер 1, исход. 0; суммы 21160.00/0.00 KZT; транзакций 1, depth 4, seed=нет"
100000001249054100,peripheral,0.35,15,0.267825,"peripheral: вход. рёбер 1, исход. 0; суммы 17375.00/0.00 KZT; транзакций 1, depth 4, seed=нет"
100000008759795100,peripheral,0.35,15,0.267504,"peripheral: вход. рёбер 1, исход. 0; суммы 17000.00/0.00 KZT; транзакций 1, depth 4, seed=нет"
100000001299443100,peripheral,0.35,15,0.256416,"peripheral: вход. рёбер 1, исход. 0; суммы 8000.00/0.00 KZT; транзакций 1, depth 4, seed=нет"
100000007997939100,peripheral,0.35,40,0.263558,"peripheral: вход. рёбер 1, исход. 0; суммы 13000.00/0.00 KZT; транзакций 1, depth 4, seed=нет"
100000003470579100,peripheral,0.35,12,0.312295,"peripheral: вход. рёбер 1, исход. 0; суммы 357000.00/0.00 KZT; транзакций 2, depth 4, seed=нет"
100000008649416100,peripheral,0.35,25,0.249502,"peripheral: вход. рёбер 1, исход. 0; суммы 5000.00/0.00 KZT; транзакций 1, depth 4, seed=нет"
100000008183752100,peripheral,0.35,44,0.298523,"peripheral: вход. рёбер 1, исход. 0; суммы 140000.00/0.00 KZT; транзакций 1, depth 4, seed=нет"
100000003950749100,peripheral,0.35,4,0.254452,"peripheral: вход. рёбер 1, исход. 0; суммы 7000.00/0.00 KZT; транзакций 1, depth 4, seed=нет"
100000005979037100,peripheral,0.35,1,0.286131,"peripheral: вход. рёбер 1, исход. 0; суммы 60300.00/0.00 KZT; транзакций 1, depth 4, seed=нет"
100000008734279100,peripheral,0.35,1,0.276648,"peripheral: вход. рёбер 1, исход. 0; суммы 31650.00/0.00 KZT; транзакций 1, depth 4, seed=нет"
100000005589319100,peripheral,0.35,3,0.273755,"peripheral: вход. рёбер 1, исход. 0; суммы 26000.00/0.00 KZT; транзакций 1, depth 4, seed=нет"
100000003626268100,peripheral,0.35,1,0.249502,"peripheral: вход. рёбер 1, исход. 0; суммы 5000.00/0.00 KZT; транзакций 1, depth 4, seed=нет"
100000001220124100,peripheral,0.35,1,0.280093,"peripheral: вход. рёбер 1, исход. 0; суммы 40000.00/0.00 KZT; транзакций 1, depth 4, seed=нет"
100000003904497100,peripheral,0.35,40,0.259699,"peripheral: вход. рёбер 1, исход. 0; суммы 10000.00/0.00 KZT; транзакций 1, depth 4, seed=нет"
100000001270470100,peripheral,0.35,0,0.275002,"peripheral: вход. рёбер 1, исход. 0; суммы 28300.00/0.00 KZT; транзакций 2, depth 4, seed=нет"
100000003091142100,peripheral,0.35,0,0.280093,"peripheral: вход. рёбер 1, исход. 0; суммы 40000.00/0.00 KZT; транзакций 1, depth 4, seed=нет"
100000001053894100,peripheral,0.35,28,0.337646,"peripheral: вход. рёбер 1, исход. 0; суммы 2000000.00/0.00 KZT; транзакций 7, depth 4, seed=нет"
100000004722630100,peripheral,0.35,5,0.311577,"peripheral: вход. рёбер 1, исход. 0; суммы 340000.00/0.00 KZT; транзакций 2, depth 4, seed=нет"
100000004655046100,peripheral,0.35,15,0.272578,"peripheral: вход. рёбер 1, исход. 0; суммы 24000.00/0.00 KZT; транзакций 1, depth 4, seed=нет"
100000004019056100,peripheral,0.35,10,0.283375,"peripheral: вход. рёбер 1, исход. 0; суммы 50000.00/0.00 KZT; транзакций 1, depth 4, seed=нет"
100000008071749100,peripheral,0.35,15,0.273144,"peripheral: вход. рёбер 1, исход. 0; суммы 24943.00/0.00 KZT; транзакций 1, depth 4, seed=нет"
100000008221765100,peripheral,0.35,8,0.300148,"peripheral: вход. рёбер 1, исход. 0; суммы 156354.00/0.00 KZT; транзакций 1, depth 4, seed=нет"
100000008778010100,peripheral,0.35,19,0.289718,"peripheral: вход. рёбер 1, исход. 0; суммы 76950.00/0.00 KZT; транзакций 2, depth 4, seed=нет"
100000004584730100,peripheral,0.35,50,0.282465,"peripheral: вход. рёбер 1, исход. 0; суммы 47000.00/0.00 KZT; транзакций 1, depth 4, seed=нет"
100000004797167100,peripheral,0.35,33,0.276343,"peripheral: вход. рёбер 1, исход. 0; суммы 31000.00/0.00 KZT; транзакций 1, depth 4, seed=нет"
100000005010159100,peripheral,0.35,1,0.254644,"peripheral: вход. рёбер 1, исход. 0; суммы 7092.00/0.00 KZT; транзакций 1, depth 4, seed=нет"
100000003025903100,peripheral,0.35,8,0.313455,"peripheral: вход. рёбер 1, исход. 0; суммы 386300.00/0.00 KZT; транзакций 6, depth 4, seed=нет"
100000003005167100,peripheral,0.35,15,0.254452,"peripheral: вход. рёбер 1, исход. 0; суммы 7000.00/0.00 KZT; транзакций 1, depth 4, seed=нет"
100000002214383100,peripheral,0.35,19,0.304697,"peripheral: вход. рёбер 1, исход. 0; суммы 213000.00/0.00 KZT; транзакций 1, depth 4, seed=нет"
100000004800452100,peripheral,0.35,8,0.253462,"peripheral: вход. рёбер 1, исход. 0; суммы 6544.53/0.00 KZT; транзакций 1, depth 4, seed=нет"
100000006903193100,peripheral,0.35,1,0.258149,"peripheral: вход. рёбер 1, исход. 0; суммы 9000.00/0.00 KZT; транзакций 1, depth 4, seed=нет"
100000007811950100,peripheral,0.35,11,0.283375,"peripheral: вход. рёбер 1, исход. 0; суммы 50000.00/0.00 KZT; транзакций 1, depth 4, seed=нет"
100000000375150100,peripheral,0.35,10,0.309735,"peripheral: вход. рёбер 1, исход. 0; суммы 300000.00/0.00 KZT; транзакций 1, depth 4, seed=нет"
100000008775747100,peripheral,0.35,40,0.249502,"peripheral: вход. рёбер 1, исход. 0; суммы 5000.00/0.00 KZT; транзакций 1, depth 4, seed=нет"
100000006689603100,peripheral,0.35,1,0.313968,"peripheral: вход. рёбер 1, исход. 0; суммы 400000.00/0.00 KZT; транзакций 2, depth 4, seed=нет"
100000005075949100,peripheral,0.35,48,0.339221,"peripheral: вход. рёбер 1, исход. 0; суммы 2226000.00/0.00 KZT; транзакций 7, depth 4, seed=нет"
100000003985389100,peripheral,0.35,1,0.31478,"peripheral: вход. рёбер 1, исход. 0; суммы 422698.00/0.00 KZT; транзакций 16, depth 4, seed=нет"
100000002478829100,peripheral,0.35,30,0.277702,"peripheral: вход. рёбер 1, исход. 0; суммы 34000.00/0.00 KZT; транзакций 1, depth 4, seed=нет"
100000003125997100,peripheral,0.35,40,0.29165,"peripheral: вход. рёбер 1, исход. 0; суммы 87750.00/0.00 KZT; транзакций 1, depth 4, seed=нет"
100000003214786100,peripheral,0.35,0,0.249502,"peripheral: вход. рёбер 1, исход. 0; суммы 5000.00/0.00 KZT; транзакций 1, depth 4, seed=нет"
100000008308418100,peripheral,0.35,0,0.283375,"peripheral: вход. рёбер 1, исход. 0; суммы 50000.00/0.00 KZT; транзакций 1, depth 4, seed=нет"
100000008619159100,peripheral,0.35,67,0.315582,"peripheral: вход. рёбер 1, исход. 0; суммы 446400.00/0.00 KZT; транзакций 2, depth 4, seed=нет"
100000004418967100,peripheral,0.35,40,0.293573,"peripheral: вход. рёбер 1, исход. 0; суммы 100000.00/0.00 KZT; транзакций 1, depth 4, seed=нет"
100000003173783100,peripheral,0.35,31,0.272268,"peripheral: вход. рёбер 1, исход. 0; суммы 23500.00/0.00 KZT; транзакций 2, depth 4, seed=нет"
100000002242455100,peripheral,0.35,8,0.294975,"peripheral: вход. рёбер 1, исход. 0; суммы 110000.00/0.00 KZT; транзакций 1, depth 4, seed=нет"
100000004848236100,peripheral,0.35,0,0.255467,"peripheral: вход. рёбер 1, исход. 0; суммы 7500.00/0.00 KZT; транзакций 1, depth 4, seed=нет"
100000004674412100,peripheral,0.35,9,0.282149,"peripheral: вход. рёбер 1, исход. 0; суммы 46000.00/0.00 KZT; транзакций 1, depth 4, seed=нет"
100000007071852100,peripheral,0.35,1,0.303398,"peripheral: вход. рёбер 1, исход. 0; суммы 195000.00/0.00 KZT; транзакций 1, depth 4, seed=нет"
100000001498732100,peripheral,0.35,49,0.250904,"peripheral: вход. рёбер 1, исход. 0; суммы 5500.00/0.00 KZT; транзакций 1, depth 4, seed=нет"
100000000627521100,peripheral,0.35,28,0.253362,"peripheral: вход. рёбер 1, исход. 0; суммы 6500.00/0.00 KZT; транзакций 1, depth 4, seed=нет"
100000003105089100,peripheral,0.35,30,0.259699,"peripheral: вход. рёбер 1, исход. 0; суммы 10000.00/0.00 KZT; транзакций 1, depth 4, seed=нет"
100000003166017100,peripheral,0.35,15,0.265663,"peripheral: вход. рёбер 1, исход. 0; суммы 15000.00/0.00 KZT; транзакций 1, depth 4, seed=нет"
100000002506987100,peripheral,0.35,15,0.27495,"peripheral: вход. рёбер 1, исход. 0; суммы 28200.00/0.00 KZT; транзакций 1, depth 4, seed=нет"
100000005767403100,peripheral,0.35,65,0.32885,"peripheral: вход. рёбер 1, исход. 0; суммы 1100000.00/0.00 KZT; транзакций 2, depth 4, seed=нет"
100000005553088100,peripheral,0.35,1,0.267931,"peripheral: вход. рёбер 1, исход. 0; суммы 17500.00/0.00 KZT; транзакций 1, depth 4, seed=нет"
100000003632533100,peripheral,0.35,8,0.259699,"peripheral: вход. рёбер 1, исход. 0; суммы 10000.00/0.00 KZT; транзакций 1, depth 4, seed=нет"
100000008762005100,peripheral,0.35,40,0.249502,"peripheral: вход. рёбер 1, исход. 0; суммы 5000.00/0.00 KZT; транзакций 1, depth 4, seed=нет"
100000002214207100,peripheral,0.35,23,0.293125,"peripheral: вход. рёбер 1, исход. 0; суммы 97000.00/0.00 KZT; транзакций 1, depth 4, seed=нет"
100000003180820100,peripheral,0.35,40,0.293719,"peripheral: вход. рёбер 1, исход. 0; суммы 101000.00/0.00 KZT; транзакций 1, depth 4, seed=нет"
100000003786516100,peripheral,0.35,0,0.249502,"peripheral: вход. рёбер 1, исход. 0; суммы 5000.00/0.00 KZT; транзакций 1, depth 4, seed=нет"
100000005226217100,peripheral,0.35,40,0.267931,"peripheral: вход. рёбер 1, исход. 0; суммы 17500.00/0.00 KZT; транзакций 1, depth 4, seed=нет"
100000001533161100,peripheral,0.35,50,0.293573,"peripheral: вход. рёбер 1, исход. 0; суммы 100000.00/0.00 KZT; транзакций 1, depth 4, seed=нет"
100000007034089100,consolidator,0.5,40,0.357817,"consolidator: вход. рёбер 2, исход. 0; суммы 198000.00/0.00 KZT; транзакций 2, depth 4, seed=нет"
100000008336318100,peripheral,0.35,40,0.301379,"peripheral: вход. рёбер 1, исход. 0; суммы 170000.00/0.00 KZT; транзакций 1, depth 4, seed=нет"
100000005370558100,peripheral,0.35,8,0.249502,"peripheral: вход. рёбер 1, исход. 0; суммы 5000.00/0.00 KZT; транзакций 1, depth 4, seed=нет"
100000002729875100,peripheral,0.35,15,0.289535,"peripheral: вход. рёбер 1, исход. 0; суммы 76000.00/0.00 KZT; транзакций 1, depth 4, seed=нет"
100000006512787100,peripheral,0.35,0,0.269895,"peripheral: вход. рёбер 1, исход. 0; суммы 20000.00/0.00 KZT; транзакций 2, depth 4, seed=нет"
100000003186579100,peripheral,0.35,1,0.294975,"peripheral: вход. рёбер 1, исход. 0; суммы 110000.00/0.00 KZT; транзакций 2, depth 4, seed=нет"
100000004472936100,peripheral,0.35,10,0.249502,"peripheral: вход. рёбер 1, исход. 0; суммы 5000.00/0.00 KZT; транзакций 1, depth 4, seed=нет"
100000002231144100,peripheral,0.35,30,0.265663,"peripheral: вход. рёбер 1, исход. 0; суммы 15000.00/0.00 KZT; транзакций 1, depth 4, seed=нет"
100000002505277100,peripheral,0.35,51,0.286058,"peripheral: вход. рёбер 1, исход. 0; суммы 60000.00/0.00 KZT; транзакций 1, depth 4, seed=нет"
100000003177533100,peripheral,0.35,1,0.269895,"peripheral: вход. рёбер 1, исход. 0; суммы 20000.00/0.00 KZT; транзакций 3, depth 4, seed=нет"
100000005888829100,peripheral,0.35,40,0.303548,"peripheral: вход. рёбер 1, исход. 0; суммы 197000.00/0.00 KZT; транзакций 1, depth 4, seed=нет"
100000002242066100,peripheral,0.35,36,0.286058,"peripheral: вход. рёбер 1, исход. 0; суммы 60000.00/0.00 KZT; транзакций 1, depth 4, seed=нет"
100000008027922100,peripheral,0.35,26,0.288325,"peripheral: вход. рёбер 1, исход. 0; суммы 70000.00/0.00 KZT; транзакций 1, depth 4, seed=нет"
100000002686226100,peripheral,0.35,25,0.315032,"peripheral: вход. рёбер 1, исход. 0; суммы 430000.00/0.00 KZT; транзакций 2, depth 4, seed=нет"
100000001065234100,peripheral,0.35,43,0.312418,"peripheral: вход. рёбер 1, исход. 0; суммы 360000.00/0.00 KZT; транзакций 1, depth 4, seed=нет"
100000000424935100,peripheral,0.35,13,0.265663,"peripheral: вход. рёбер 1, исход. 0; суммы 15000.00/0.00 KZT; транзакций 1, depth 4, seed=нет"
100000005723580100,peripheral,0.35,40,0.278128,"peripheral: вход. рёбер 1, исход. 0; суммы 35000.00/0.00 KZT; транзакций 1, depth 4, seed=нет"
100000000704700100,peripheral,0.35,32,0.259699,"peripheral: вход. рёбер 1, исход. 0; суммы 10000.00/0.00 KZT; транзакций 1, depth 4, seed=нет"
100000005293969100,peripheral,0.35,0,0.250816,"peripheral: вход. рёбер 1, исход. 0; суммы 5466.97/0.00 KZT; транзакций 1, depth 4, seed=нет"
100000002512742100,peripheral,0.35,15,0.252184,"peripheral: вход. рёбер 1, исход. 0; суммы 6000.00/0.00 KZT; транзакций 1, depth 4, seed=нет"
100000001816678100,peripheral,0.35,3,0.286058,"peripheral: вход. рёбер 1, исход. 0; суммы 60000.00/0.00 KZT; транзакций 1, depth 4, seed=нет"
100000004586598100,peripheral,0.35,22,0.323435,"peripheral: вход. рёбер 1, исход. 0; суммы 761255.00/0.00 KZT; транзакций 4, depth 4, seed=нет"
100000005782886100,peripheral,0.35,40,0.264648,"peripheral: вход. рёбер 1, исход. 0; суммы 14000.00/0.00 KZT; транзакций 1, depth 4, seed=нет"
100000002622822100,peripheral,0.35,44,0.323216,"peripheral: вход. рёбер 1, исход. 0; суммы 750000.00/0.00 KZT; транзакций 1, depth 4, seed=нет"
100000003718715100,peripheral,0.35,10,0.326141,"peripheral: вход. рёбер 1, исход. 0; суммы 915000.00/0.00 KZT; транзакций 3, depth 4, seed=нет"
100000006491963100,peripheral,0.35,15,0.266613,"peripheral: вход. рёбер 1, исход. 0; суммы 16000.00/0.00 KZT; транзакций 3, depth 4, seed=нет"
100000004526651100,peripheral,0.35,40,0.277262,"peripheral: вход. рёбер 1, исход. 0; суммы 33000.00/0.00 KZT; транзакций 1, depth 4, seed=нет"
100000008331280100,peripheral,0.35,12,0.280456,"peripheral: вход. рёбер 1, исход. 0; суммы 41000.00/0.00 KZT; транзакций 2, depth 4, seed=нет"
100000004177936100,peripheral,0.35,1,0.259699,"peripheral: вход. рёбер 1, исход. 0; суммы 10000.00/0.00 KZT; транзакций 1, depth 4, seed=нет"
100000002922000100,peripheral,0.35,50,0.315635,"peripheral: вход. рёбер 1, исход. 0; суммы 448000.00/0.00 KZT; транзакций 1, depth 4, seed=нет"
100000002404112100,peripheral,0.35,12,0.286058,"peripheral: вход. рёбер 1, исход. 0; суммы 60000.00/0.00 KZT; транзакций 1, depth 4, seed=нет"
100000000634341100,peripheral,0.35,0,0.272578,"peripheral: вход. рёбер 1, исход. 0; суммы 24000.00/0.00 KZT; транзакций 2, depth 4, seed=нет"
100000001822650100,peripheral,0.35,40,0.29524,"peripheral: вход. рёбер 1, исход. 0; суммы 112000.00/0.00 KZT; транзакций 1, depth 4, seed=нет"
100000004791226100,peripheral,0.35,0,0.269895,"peripheral: вход. рёбер 1, исход. 0; суммы 20000.00/0.00 KZT; транзакций 1, depth 4, seed=нет"
100000007841978100,peripheral,0.35,8,0.315668,"peripheral: вход. рёбер 1, исход. 0; суммы 449000.00/0.00 KZT; транзакций 1, depth 4, seed=нет"
100000006866831100,peripheral,0.35,1,0.267065,"peripheral: вход. рёбер 1, исход. 0; суммы 16500.00/0.00 KZT; транзакций 1, depth 4, seed=нет"
100000002999140100,peripheral,0.35,6,0.259699,"peripheral: вход. рёбер 1, исход. 0; суммы 10000.00/0.00 KZT; транзакций 2, depth 4, seed=нет"
100000002884708100,peripheral,0.35,40,0.329779,"peripheral: вход. рёбер 1, исход. 0; суммы 1171644.00/0.00 KZT; транзакций 2, depth 4, seed=нет"
100000001130553100,peripheral,0.35,8,0.268345,"peripheral: вход. рёбер 1, исход. 0; суммы 18000.00/0.00 KZT; транзакций 2, depth 4, seed=нет"
100000006351075100,peripheral,0.35,61,0.280093,"peripheral: вход. рёбер 1, исход. 0; суммы 40000.00/0.00 KZT; транзакций 2, depth 4, seed=нет"
100000005616568100,peripheral,0.35,8,0.318108,"peripheral: вход. рёбер 1, исход. 0; суммы 530000.00/0.00 KZT; транзакций 1, depth 4, seed=нет"
100000006381453100,peripheral,0.35,40,0.281825,"peripheral: вход. рёбер 1, исход. 0; суммы 45000.00/0.00 KZT; транзакций 1, depth 4, seed=нет"
100000004616845100,peripheral,0.35,42,0.270042,"peripheral: вход. рёбер 1, исход. 0; суммы 20200.00/0.00 KZT; транзакций 2, depth 4, seed=нет"
100000004908173100,peripheral,0.35,40,0.270613,"peripheral: вход. рёбер 1, исход. 0; суммы 21000.00/0.00 KZT; транзакций 1, depth 4, seed=нет"
100000004433250100,peripheral,0.35,0,0.256416,"peripheral: вход. рёбер 1, исход. 0; суммы 8000.00/0.00 KZT; транзакций 1, depth 4, seed=нет"
100000003664994100,peripheral,0.35,62,0.311502,"peripheral: вход. рёбер 1, исход. 0; суммы 338271.00/0.00 KZT; транзакций 2, depth 4, seed=нет"
100000004673335100,peripheral,0.35,31,0.29029,"peripheral: вход. рёбер 1, исход. 0; суммы 80000.00/0.00 KZT; транзакций 1, depth 4, seed=нет"
100000002487222100,peripheral,0.35,8,0.292023,"peripheral: вход. рёбер 1, исход. 0; суммы 90000.00/0.00 KZT; транзакций 2, depth 4, seed=нет"
100000000018102100,peripheral,0.35,1,0.254452,"peripheral: вход. рёбер 1, исход. 0; суммы 7000.00/0.00 KZT; транзакций 1, depth 4, seed=нет"
100000008638859100,peripheral,0.35,8,0.277702,"peripheral: вход. рёбер 1, исход. 0; суммы 34000.00/0.00 KZT; транзакций 1, depth 4, seed=нет"
100000001131403100,peripheral,0.35,42,0.334084,"peripheral: вход. рёбер 1, исход. 0; суммы 1570000.00/0.00 KZT; транзакций 3, depth 4, seed=нет"
100000001733216100,peripheral,0.35,51,0.286058,"peripheral: вход. рёбер 1, исход. 0; суммы 60000.00/0.00 KZT; транзакций 2, depth 4, seed=нет"
100000004400480100,peripheral,0.35,21,0.271095,"peripheral: вход. рёбер 1, исход. 0; суммы 21700.00/0.00 KZT; транзакций 1, depth 4, seed=нет"
100000007539296100,peripheral,0.35,8,0.282149,"peripheral: вход. рёбер 1, исход. 0; суммы 46000.00/0.00 KZT; транзакций 2, depth 4, seed=нет"
100000008757301100,peripheral,0.35,0,0.285659,"peripheral: вход. рёбер 1, исход. 0; суммы 58398.00/0.00 KZT; транзакций 3, depth 4, seed=нет"
100000002752565100,peripheral,0.35,1,0.285303,"peripheral: вход. рёбер 1, исход. 0; суммы 57000.00/0.00 KZT; транзакций 1, depth 4, seed=нет"
100000002734815100,peripheral,0.35,40,0.294975,"peripheral: вход. рёбер 1, исход. 0; суммы 110000.00/0.00 KZT; транзакций 1, depth 4, seed=нет"
100000008333492100,peripheral,0.35,44,0.30493,"peripheral: вход. рёбер 1, исход. 0; суммы 216400.00/0.00 KZT; транзакций 1, depth 4, seed=нет"
100000006527156100,peripheral,0.35,48,0.282927,"peripheral: вход. рёбер 1, исход. 0; суммы 48500.00/0.00 KZT; транзакций 1, depth 4, seed=нет"
100000003448713100,peripheral,0.35,1,0.308007,"peripheral: вход. рёбер 1, исход. 0; суммы 266750.00/0.00 KZT; транзакций 1, depth 4, seed=нет"
100000004780083100,peripheral,0.35,55,0.259697,"peripheral: вход. рёбер 1, исход. 0; суммы 9999.00/0.00 KZT; транзакций 1, depth 4, seed=нет"
100000004798515100,peripheral,0.35,6,0.30377,"peripheral: вход. рёбер 1, исход. 0; суммы 200000.00/0.00 KZT; транзакций 2, depth 4, seed=нет"
100000004232712100,peripheral,0.35,8,0.262981,"peripheral: вход. рёбер 1, исход. 0; суммы 12500.00/0.00 KZT; транзакций 1, depth 4, seed=нет"
100000005209352100,peripheral,0.35,0,0.249502,"peripheral: вход. рёбер 1, исход. 0; суммы 5000.00/0.00 KZT; транзакций 1, depth 4, seed=нет"
100000000561160100,peripheral,0.35,3,0.306452,"peripheral: вход. рёбер 1, исход. 0; суммы 240000.00/0.00 KZT; транзакций 1, depth 4, seed=нет"
100000003568904100,peripheral,0.35,10,0.283078,"peripheral: вход. рёбер 1, исход. 0; суммы 49000.00/0.00 KZT; транзакций 1, depth 4, seed=нет"
100000000470237100,peripheral,0.35,13,0.277038,"peripheral: вход. рёбер 1, исход. 0; суммы 32500.00/0.00 KZT; транзакций 1, depth 4, seed=нет"
100000008560263100,peripheral,0.35,8,0.293573,"peripheral: вход. рёбер 1, исход. 0; суммы 100000.00/0.00 KZT; транзакций 1, depth 4, seed=нет"
100000000542087100,peripheral,0.35,17,0.25732,"peripheral: вход. рёбер 1, исход. 0; суммы 8506.91/0.00 KZT; транзакций 1, depth 4, seed=нет"
100000004403548100,peripheral,0.35,1,0.249502,"peripheral: вход. рёбер 1, исход. 0; суммы 5000.00/0.00 KZT; транзакций 1, depth 4, seed=нет"
100000003010908100,peripheral,0.35,15,0.267504,"peripheral: вход. рёбер 1, исход. 0; суммы 17000.00/0.00 KZT; транзакций 1, depth 4, seed=нет"
100000006756956100,peripheral,0.35,0,0.296401,"peripheral: вход. рёбер 1, исход. 0; суммы 121200.00/0.00 KZT; транзакций 9, depth 4, seed=нет"
100000007357489100,consolidator,0.5,40,0.35509,"consolidator: вход. рёбер 2, исход. 0; суммы 164500.00/0.00 KZT; транзакций 2, depth 4, seed=нет"
100000002599729100,peripheral,0.35,0,0.287235,"peripheral: вход. рёбер 1, исход. 0; суммы 65000.00/0.00 KZT; транзакций 2, depth 4, seed=нет"
100000005849862100,peripheral,0.35,2,0.263558,"peripheral: вход. рёбер 1, исход. 0; суммы 13000.00/0.00 KZT; транзакций 2, depth 4, seed=нет"
100000008762843100,peripheral,0.35,40,0.254452,"peripheral: вход. рёбер 1, исход. 0; суммы 7000.00/0.00 KZT; транзакций 1, depth 4, seed=нет"
100000002723674100,peripheral,0.35,30,0.27586,"peripheral: вход. рёбер 1, исход. 0; суммы 30000.00/0.00 KZT; транзакций 1, depth 4, seed=нет"
100000008758106100,peripheral,0.35,40,0.259699,"peripheral: вход. рёбер 1, исход. 0; суммы 10000.00/0.00 KZT; транзакций 1, depth 4, seed=нет"
100000001286703100,peripheral,0.35,28,0.270259,"peripheral: вход. рёбер 1, исход. 0; суммы 20500.00/0.00 KZT; транзакций 1, depth 4, seed=нет"
